;  LST file generated by mikroListExporter - v.2.0 
; Date/Time: 9-10-25 09:11:05
;----------------------------------------------

;Address Opcode 	ASM
0x0000	0xF01FEF3D  	GOTO        15994
0x0004	0x0000      	NOP
0x0006	0x0000      	NOP
0x0008	0xF000EF00  	GOTO        0
0x000C	0x0000      	NOP
0x000E	0x0000      	NOP
0x0010	0x0000      	NOP
0x0012	0x0000      	NOP
0x0014	0x0000      	NOP
0x0016	0x0000      	NOP
0x0018	0xD7F3      	BRA         0
_SETFOV32:
;__Lib_MathDouble.c, 49 :: 		void SETFOV32()
;__Lib_MathDouble.c, 52 :: 		BSF       math_double_main_global_FPFLAGS,FOV
0x001C	0x820B      	BSF         R11, 1, 0
;__Lib_MathDouble.c, 53 :: 		BTFSS     math_double_main_global_FPFLAGS,SAT
0x001E	0xAE0B      	BTFSS       R11, 7, 0
;__Lib_MathDouble.c, 54 :: 		GOTO      SETFOV32EEE
0x0020	0xF000EF18  	GOTO        SETFOV32EEE
;__Lib_MathDouble.c, 56 :: 		SETF      math_double_main_global_XExp
0x0024	0x6803      	SETF        R3, 0
;__Lib_MathDouble.c, 57 :: 		SETF      math_double_main_global_XHi_2
0x0026	0x6802      	SETF        R2, 0
;__Lib_MathDouble.c, 58 :: 		SETF      math_double_main_global_XHi_1
0x0028	0x6801      	SETF        R1, 0
;__Lib_MathDouble.c, 59 :: 		SETF      math_double_main_global_XLo_2
0x002A	0x6800      	SETF        R0, 0
;__Lib_MathDouble.c, 60 :: 		RLCF      math_double_main_global_Sign,F
0x002C	0x360A      	RLCF        R10, 1, 0
;__Lib_MathDouble.c, 61 :: 		RRCF      math_double_main_global_XHi_2,F
0x002E	0x3202      	RRCF        R2, 1, 0
;__Lib_MathDouble.c, 62 :: 		SETFOV32EEE:
SETFOV32EEE:
;__Lib_MathDouble.c, 63 :: 		MOVLW     0xFF
0x0030	0x0EFF      	MOVLW       255
;__Lib_MathDouble.c, 68 :: 		* @brief Sets the result and flag for divide-by-zero.
L_end_SETFOV32:
0x0032	0x0012      	RETURN      0
; end of _SETFOV32
_RES032:
;__Lib_MathDouble.c, 94 :: 		void RES032()
;__Lib_MathDouble.c, 97 :: 		CLRF      math_double_main_global_XHi_2
0x0034	0x6A02      	CLRF        R2, 0
;__Lib_MathDouble.c, 98 :: 		CLRF      math_double_main_global_XHi_1
0x0036	0x6A01      	CLRF        R1, 0
;__Lib_MathDouble.c, 99 :: 		CLRF      math_double_main_global_XLo_2
0x0038	0x6A00      	CLRF        R0, 0
;__Lib_MathDouble.c, 100 :: 		CLRF      math_double_main_global_XLo_1
0x003A	0x6A08      	CLRF        R8, 0
;__Lib_MathDouble.c, 101 :: 		CLRF      math_double_main_global_XExp
0x003C	0x6A03      	CLRF        R3, 0
;__Lib_MathDouble.c, 102 :: 		MOVLW     0
0x003E	0x0E00      	MOVLW       0
;__Lib_MathDouble.c, 107 :: 		* @brief Signals floating point underflow.
L_end_RES032:
0x0040	0x0012      	RETURN      0
; end of _RES032
_SETFUN32:
;__Lib_MathDouble.c, 109 :: 		void SETFUN32()
;__Lib_MathDouble.c, 112 :: 		BSF       math_double_main_global_FPFLAGS,FUN
0x0042	0x840B      	BSF         R11, 2, 0
;__Lib_MathDouble.c, 113 :: 		BTFSS     math_double_main_global_FPFLAGS,SAT
0x0044	0xAE0B      	BTFSS       R11, 7, 0
;__Lib_MathDouble.c, 114 :: 		GOTO      SETFUN32EEE
0x0046	0xF000EF2C  	GOTO        SETFUN32EEE
;__Lib_MathDouble.c, 116 :: 		MOVLW     0x01
0x004A	0x0E01      	MOVLW       1
;__Lib_MathDouble.c, 117 :: 		MOVWF     math_double_main_global_XExp
0x004C	0x6E03      	MOVWF       R3, 0
;__Lib_MathDouble.c, 118 :: 		CLRF      math_double_main_global_XHi_2
0x004E	0x6A02      	CLRF        R2, 0
;__Lib_MathDouble.c, 119 :: 		CLRF      math_double_main_global_XHi_1
0x0050	0x6A01      	CLRF        R1, 0
;__Lib_MathDouble.c, 120 :: 		CLRF      math_double_main_global_XLo_2
0x0052	0x6A00      	CLRF        R0, 0
;__Lib_MathDouble.c, 121 :: 		RLCF      math_double_main_global_Sign,F
0x0054	0x360A      	RLCF        R10, 1, 0
;__Lib_MathDouble.c, 122 :: 		RRCF      math_double_main_global_XHi_2,F
0x0056	0x3202      	RRCF        R2, 1, 0
;__Lib_MathDouble.c, 123 :: 		SETFUN32EEE:
SETFUN32EEE:
;__Lib_MathDouble.c, 124 :: 		MOVLW     0xFF
0x0058	0x0EFF      	MOVLW       255
;__Lib_MathDouble.c, 137 :: 		*         AARG  <--  NORMALIZE(AARG)
L_end_SETFUN32:
0x005A	0x0012      	RETURN      0
; end of _SETFUN32
_FIXSIGN32:
;__Lib_MathDouble.c, 82 :: 		void FIXSIGN32()
;__Lib_MathDouble.c, 85 :: 		BTFSS     math_double_main_global_Sign,7
0x005C	0xAE0A      	BTFSS       R10, 7, 0
;__Lib_MathDouble.c, 86 :: 		BCF       math_double_main_global_XHi_2,7
0x005E	0x9E02      	BCF         R2, 7, 0
;__Lib_MathDouble.c, 87 :: 		MOVLW     0
0x0060	0x0E00      	MOVLW       0
;__Lib_MathDouble.c, 92 :: 		* @brief Sets the result to be zero.
L_end_FIXSIGN32:
0x0062	0x0012      	RETURN      0
; end of _FIXSIGN32
cstdio_stdBuffFullBreak:
;cstdio.h, 42 :: 		static inline void stdBuffFullBreak() {
;cstdio.h, 46 :: 		asm nop
0x0064	0x0000      	NOP
;cstdio.h, 55 :: 		* @return None
L_end_stdBuffFullBreak:
0x0066	0x0012      	RETURN      0
; end of cstdio_stdBuffFullBreak
_NRM4032:
;__Lib_MathDouble.c, 139 :: 		void NRM4032()
;__Lib_MathDouble.c, 142 :: 		BTFSC     math_double_main_global_jmpFlg,0
0x0068	0xB00C      	BTFSC       R12, 0, 0
;__Lib_MathDouble.c, 143 :: 		GOTO      NRMRND4032
0x006A	0xF000EF76  	GOTO        NRMRND4032
;__Lib_MathDouble.c, 144 :: 		BTFSS     math_double_main_global_jmpFlg,1
0x006E	0xA20C      	BTFSS       R12, 1, 0
;__Lib_MathDouble.c, 145 :: 		GOTO      NRM40JPSETFOV32
0x0070	0xF001EF1C  	GOTO        NRM40JPSETFOV32
;__Lib_MathDouble.c, 146 :: 		NRM4032:
;__Lib_MathDouble.c, 147 :: 		CLRF      math_double_main_global_TEMPB0
0x0074	0x6A0E      	CLRF        R14, 0
;__Lib_MathDouble.c, 148 :: 		MOVLW     0x00
0x0076	0x0E00      	MOVLW       0
;__Lib_MathDouble.c, 149 :: 		CPFSGT    math_double_main_global_XHi_2
0x0078	0x6402      	CPFSGT      R2, 0
;__Lib_MathDouble.c, 150 :: 		GOTO      NRM4032A
0x007A	0xF000EF8D  	GOTO        NRM4032A
;__Lib_MathDouble.c, 152 :: 		TNIB4032:
;__Lib_MathDouble.c, 153 :: 		MOVLW     0xF0
0x007E	0x0EF0      	MOVLW       240
;__Lib_MathDouble.c, 154 :: 		ANDWF     math_double_main_global_XHi_2,W
0x0080	0x1402      	ANDWF       R2, 0, 0
;__Lib_MathDouble.c, 155 :: 		BTFSS     STATUS,Z,0
0x0082	0xA4D8      	BTFSS       STATUS, 2, 0
;__Lib_MathDouble.c, 156 :: 		GOTO      NORM4032
0x0084	0xF000EF58  	GOTO        NORM4032
;__Lib_MathDouble.c, 158 :: 		SWAPF     math_double_main_global_XHi_2,F
0x0088	0x3A02      	SWAPF       R2, 1, 0
;__Lib_MathDouble.c, 159 :: 		SWAPF     math_double_main_global_XHi_1,W
0x008A	0x3801      	SWAPF       R1, 0, 0
;__Lib_MathDouble.c, 160 :: 		ANDLW     0x0F
0x008C	0x0B0F      	ANDLW       15
;__Lib_MathDouble.c, 161 :: 		ADDWF     math_double_main_global_XHi_2,F
0x008E	0x2602      	ADDWF       R2, 1, 0
;__Lib_MathDouble.c, 163 :: 		SWAPF     math_double_main_global_XHi_1,W
0x0090	0x3801      	SWAPF       R1, 0, 0
;__Lib_MathDouble.c, 164 :: 		ANDLW     0xF0
0x0092	0x0BF0      	ANDLW       240
;__Lib_MathDouble.c, 165 :: 		MOVWF     math_double_main_global_XHi_1
0x0094	0x6E01      	MOVWF       R1, 0
;__Lib_MathDouble.c, 166 :: 		SWAPF     math_double_main_global_XLo_2,W
0x0096	0x3800      	SWAPF       R0, 0, 0
;__Lib_MathDouble.c, 167 :: 		ANDLW     0x0F
0x0098	0x0B0F      	ANDLW       15
;__Lib_MathDouble.c, 168 :: 		ADDWF     math_double_main_global_XHi_1,F
0x009A	0x2601      	ADDWF       R1, 1, 0
;__Lib_MathDouble.c, 170 :: 		SWAPF     math_double_main_global_XLo_2,W
0x009C	0x3800      	SWAPF       R0, 0, 0
;__Lib_MathDouble.c, 171 :: 		ANDLW     0xF0
0x009E	0x0BF0      	ANDLW       240
;__Lib_MathDouble.c, 172 :: 		MOVWF     math_double_main_global_XLo_2
0x00A0	0x6E00      	MOVWF       R0, 0
;__Lib_MathDouble.c, 173 :: 		SWAPF     math_double_main_global_XLo_1,W
0x00A2	0x3808      	SWAPF       R8, 0, 0
;__Lib_MathDouble.c, 174 :: 		ANDLW     0x0F
0x00A4	0x0B0F      	ANDLW       15
;__Lib_MathDouble.c, 175 :: 		ADDWF     math_double_main_global_XLo_2,F
0x00A6	0x2600      	ADDWF       R0, 1, 0
;__Lib_MathDouble.c, 177 :: 		SWAPF     math_double_main_global_XLo_1,W
0x00A8	0x3808      	SWAPF       R8, 0, 0
;__Lib_MathDouble.c, 178 :: 		ANDLW     0xF0
0x00AA	0x0BF0      	ANDLW       240
;__Lib_MathDouble.c, 179 :: 		MOVWF     math_double_main_global_XLo_1
0x00AC	0x6E08      	MOVWF       R8, 0
;__Lib_MathDouble.c, 181 :: 		BSF       math_double_main_global_TEMPB0,2
0x00AE	0x840E      	BSF         R14, 2, 0
;__Lib_MathDouble.c, 183 :: 		NORM4032:
NORM4032:
;__Lib_MathDouble.c, 184 :: 		BCF       STATUS,C,0
0x00B0	0x90D8      	BCF         STATUS, 0, 0
;__Lib_MathDouble.c, 186 :: 		BTFSC     math_double_main_global_XHi_2,7
0x00B2	0xBE02      	BTFSC       R2, 7, 0
;__Lib_MathDouble.c, 187 :: 		GOTO      TNORMUN4032
0x00B4	0xF000EF71  	GOTO        TNORMUN4032
;__Lib_MathDouble.c, 188 :: 		RLCF      math_double_main_global_XLo_1,F
0x00B8	0x3608      	RLCF        R8, 1, 0
;__Lib_MathDouble.c, 189 :: 		RLCF      math_double_main_global_XLo_2,F
0x00BA	0x3600      	RLCF        R0, 1, 0
;__Lib_MathDouble.c, 190 :: 		RLCF      math_double_main_global_XHi_1,F
0x00BC	0x3601      	RLCF        R1, 1, 0
;__Lib_MathDouble.c, 191 :: 		RLCF      math_double_main_global_XHi_2,F
0x00BE	0x3602      	RLCF        R2, 1, 0
;__Lib_MathDouble.c, 192 :: 		INCF      math_double_main_global_TEMPB0,F
0x00C0	0x2A0E      	INCF        R14, 1, 0
;__Lib_MathDouble.c, 193 :: 		BTFSC     math_double_main_global_XHi_2,7
0x00C2	0xBE02      	BTFSC       R2, 7, 0
;__Lib_MathDouble.c, 194 :: 		GOTO      TNORMUN4032
0x00C4	0xF000EF71  	GOTO        TNORMUN4032
;__Lib_MathDouble.c, 195 :: 		RLCF      math_double_main_global_XLo_1,F
0x00C8	0x3608      	RLCF        R8, 1, 0
;__Lib_MathDouble.c, 196 :: 		RLCF      math_double_main_global_XLo_2,F
0x00CA	0x3600      	RLCF        R0, 1, 0
;__Lib_MathDouble.c, 197 :: 		RLCF      math_double_main_global_XHi_1,F
0x00CC	0x3601      	RLCF        R1, 1, 0
;__Lib_MathDouble.c, 198 :: 		RLCF      math_double_main_global_XHi_2,F
0x00CE	0x3602      	RLCF        R2, 1, 0
;__Lib_MathDouble.c, 199 :: 		INCF      math_double_main_global_TEMPB0,F
0x00D0	0x2A0E      	INCF        R14, 1, 0
;__Lib_MathDouble.c, 200 :: 		BTFSC     math_double_main_global_XHi_2,7
0x00D2	0xBE02      	BTFSC       R2, 7, 0
;__Lib_MathDouble.c, 201 :: 		GOTO      TNORMUN4032
0x00D4	0xF000EF71  	GOTO        TNORMUN4032
;__Lib_MathDouble.c, 202 :: 		RLCF      math_double_main_global_XLo_1,F
0x00D8	0x3608      	RLCF        R8, 1, 0
;__Lib_MathDouble.c, 203 :: 		RLCF      math_double_main_global_XLo_2,F
0x00DA	0x3600      	RLCF        R0, 1, 0
;__Lib_MathDouble.c, 204 :: 		RLCF      math_double_main_global_XHi_1,F
0x00DC	0x3601      	RLCF        R1, 1, 0
;__Lib_MathDouble.c, 205 :: 		RLCF      math_double_main_global_XHi_2,F
0x00DE	0x3602      	RLCF        R2, 1, 0
;__Lib_MathDouble.c, 206 :: 		INCF      math_double_main_global_TEMPB0,F
0x00E0	0x2A0E      	INCF        R14, 1, 0
;__Lib_MathDouble.c, 208 :: 		TNORMUN4032:
TNORMUN4032:
;__Lib_MathDouble.c, 209 :: 		MOVF      math_double_main_global_TEMPB0,W
0x00E2	0x500E      	MOVF        R14, 0, 0
;__Lib_MathDouble.c, 210 :: 		CPFSGT    math_double_main_global_XExp
0x00E4	0x6403      	CPFSGT      R3, 0
;__Lib_MathDouble.c, 211 :: 		GOTO      NRM40JPSETFUN32
0x00E6	0xF001EF12  	GOTO        NRM40JPSETFUN32
;__Lib_MathDouble.c, 212 :: 		SUBWF     math_double_main_global_XExp,F
0x00EA	0x5E03      	SUBWF       R3, 1, 0
;__Lib_MathDouble.c, 214 :: 		NRMRND4032:
NRMRND4032:
;__Lib_MathDouble.c, 215 :: 		BTFSC     math_double_main_global_FPFLAGS,RND
0x00EC	0xBC0B      	BTFSC       R11, 6, 0
;__Lib_MathDouble.c, 216 :: 		BTFSS     math_double_main_global_XLo_1,7
0x00EE	0xAE08      	BTFSS       R8, 7, 0
;__Lib_MathDouble.c, 217 :: 		GOTO      NRM40JPFIXSIGN32
0x00F0	0xF001EF17  	GOTO        NRM40JPFIXSIGN32
;__Lib_MathDouble.c, 218 :: 		BSF       STATUS,C,0
0x00F4	0x80D8      	BSF         STATUS, 0, 0
;__Lib_MathDouble.c, 219 :: 		MOVLW     0x80
0x00F6	0x0E80      	MOVLW       128
;__Lib_MathDouble.c, 220 :: 		CPFSGT    math_double_main_global_XLo_1
0x00F8	0x6408      	CPFSGT      R8, 0
;__Lib_MathDouble.c, 221 :: 		RRCF      math_double_main_global_XLo_2,W
0x00FA	0x3000      	RRCF        R0, 0, 0
;__Lib_MathDouble.c, 222 :: 		MOVLW     0x00
0x00FC	0x0E00      	MOVLW       0
;__Lib_MathDouble.c, 223 :: 		ADDWFC    math_double_main_global_XLo_2,F
0x00FE	0x2200      	ADDWFC      R0, 1, 0
;__Lib_MathDouble.c, 224 :: 		ADDWFC    math_double_main_global_XHi_1,F
0x0100	0x2201      	ADDWFC      R1, 1, 0
;__Lib_MathDouble.c, 225 :: 		ADDWFC    math_double_main_global_XHi_2,F
0x0102	0x2202      	ADDWFC      R2, 1, 0
;__Lib_MathDouble.c, 227 :: 		BTFSS     STATUS,C,0
0x0104	0xA0D8      	BTFSS       STATUS, 0, 0
;__Lib_MathDouble.c, 228 :: 		GOTO      NRM40JPFIXSIGN32
0x0106	0xF001EF17  	GOTO        NRM40JPFIXSIGN32
;__Lib_MathDouble.c, 229 :: 		RRCF      math_double_main_global_XHi_2,F
0x010A	0x3202      	RRCF        R2, 1, 0
;__Lib_MathDouble.c, 230 :: 		RRCF      math_double_main_global_XHi_1,F
0x010C	0x3201      	RRCF        R1, 1, 0
;__Lib_MathDouble.c, 231 :: 		RRCF      math_double_main_global_XLo_2,F
0x010E	0x3200      	RRCF        R0, 1, 0
;__Lib_MathDouble.c, 232 :: 		INFSNZ    math_double_main_global_XExp,F
0x0110	0x4A03      	INFSNZ      R3, 1, 0
;__Lib_MathDouble.c, 233 :: 		GOTO      NRM40JPSETFOV32
0x0112	0xF001EF1C  	GOTO        NRM40JPSETFOV32
;__Lib_MathDouble.c, 234 :: 		GOTO      NRM40JPFIXSIGN32
0x0116	0xF001EF17  	GOTO        NRM40JPFIXSIGN32
;__Lib_MathDouble.c, 236 :: 		NRM4032A:
NRM4032A:
;__Lib_MathDouble.c, 237 :: 		MOVFF     math_double_main_global_XHi_1,math_double_main_global_XHi_2
0x011A	0xF002C001  	MOVFF       R1, R2
;__Lib_MathDouble.c, 238 :: 		MOVFF     math_double_main_global_XLo_2,math_double_main_global_XHi_1
0x011E	0xF001C000  	MOVFF       R0, R1
;__Lib_MathDouble.c, 239 :: 		MOVFF     math_double_main_global_XLo_1,math_double_main_global_XLo_2
0x0122	0xF000C008  	MOVFF       R8, R0
;__Lib_MathDouble.c, 240 :: 		CLRF      math_double_main_global_XLo_1
0x0126	0x6A08      	CLRF        R8, 0
;__Lib_MathDouble.c, 241 :: 		MOVLW     0x00
0x0128	0x0E00      	MOVLW       0
;__Lib_MathDouble.c, 242 :: 		BSF       math_double_main_global_TEMPB0,3
0x012A	0x860E      	BSF         R14, 3, 0
;__Lib_MathDouble.c, 243 :: 		CPFSGT    math_double_main_global_XHi_2
0x012C	0x6402      	CPFSGT      R2, 0
;__Lib_MathDouble.c, 244 :: 		GOTO      NRM4032B
0x012E	0xF000EFC4  	GOTO        NRM4032B
;__Lib_MathDouble.c, 246 :: 		TNIB4032A:
;__Lib_MathDouble.c, 247 :: 		MOVLW     0xF0
0x0132	0x0EF0      	MOVLW       240
;__Lib_MathDouble.c, 248 :: 		ANDWF     math_double_main_global_XHi_2,W
0x0134	0x1402      	ANDWF       R2, 0, 0
;__Lib_MathDouble.c, 249 :: 		BTFSS     STATUS,Z,0
0x0136	0xA4D8      	BTFSS       STATUS, 2, 0
;__Lib_MathDouble.c, 250 :: 		GOTO      NORM4032A
0x0138	0xF000EFAC  	GOTO        NORM4032A
;__Lib_MathDouble.c, 251 :: 		SWAPF     math_double_main_global_XHi_2,F
0x013C	0x3A02      	SWAPF       R2, 1, 0
;__Lib_MathDouble.c, 252 :: 		SWAPF     math_double_main_global_XHi_1,W
0x013E	0x3801      	SWAPF       R1, 0, 0
;__Lib_MathDouble.c, 253 :: 		ANDLW     0x0F
0x0140	0x0B0F      	ANDLW       15
;__Lib_MathDouble.c, 254 :: 		ADDWF     math_double_main_global_XHi_2,F
0x0142	0x2602      	ADDWF       R2, 1, 0
;__Lib_MathDouble.c, 256 :: 		SWAPF     math_double_main_global_XHi_1,W
0x0144	0x3801      	SWAPF       R1, 0, 0
;__Lib_MathDouble.c, 257 :: 		ANDLW     0xF0
0x0146	0x0BF0      	ANDLW       240
;__Lib_MathDouble.c, 258 :: 		MOVWF     math_double_main_global_XHi_1
0x0148	0x6E01      	MOVWF       R1, 0
;__Lib_MathDouble.c, 259 :: 		SWAPF     math_double_main_global_XLo_2,W
0x014A	0x3800      	SWAPF       R0, 0, 0
;__Lib_MathDouble.c, 260 :: 		ANDLW     0x0F
0x014C	0x0B0F      	ANDLW       15
;__Lib_MathDouble.c, 261 :: 		ADDWF     math_double_main_global_XHi_1,F
0x014E	0x2601      	ADDWF       R1, 1, 0
;__Lib_MathDouble.c, 263 :: 		SWAPF     math_double_main_global_XLo_2,W
0x0150	0x3800      	SWAPF       R0, 0, 0
;__Lib_MathDouble.c, 264 :: 		ANDLW     0xF0
0x0152	0x0BF0      	ANDLW       240
;__Lib_MathDouble.c, 265 :: 		MOVWF     math_double_main_global_XLo_2
0x0154	0x6E00      	MOVWF       R0, 0
;__Lib_MathDouble.c, 267 :: 		BSF       math_double_main_global_TEMPB0,2
0x0156	0x840E      	BSF         R14, 2, 0
;__Lib_MathDouble.c, 269 :: 		NORM4032A:
NORM4032A:
;__Lib_MathDouble.c, 270 :: 		BCF       STATUS,C,0
0x0158	0x90D8      	BCF         STATUS, 0, 0
;__Lib_MathDouble.c, 272 :: 		BTFSC     math_double_main_global_XHi_2,7
0x015A	0xBE02      	BTFSC       R2, 7, 0
;__Lib_MathDouble.c, 273 :: 		GOTO      TNORMUN4032
0x015C	0xF000EF71  	GOTO        TNORMUN4032
;__Lib_MathDouble.c, 274 :: 		RLCF      math_double_main_global_XLo_2,F
0x0160	0x3600      	RLCF        R0, 1, 0
;__Lib_MathDouble.c, 275 :: 		RLCF      math_double_main_global_XHi_1,F
0x0162	0x3601      	RLCF        R1, 1, 0
;__Lib_MathDouble.c, 276 :: 		RLCF      math_double_main_global_XHi_2,F
0x0164	0x3602      	RLCF        R2, 1, 0
;__Lib_MathDouble.c, 277 :: 		INCF      math_double_main_global_TEMPB0,F
0x0166	0x2A0E      	INCF        R14, 1, 0
;__Lib_MathDouble.c, 278 :: 		BTFSC     math_double_main_global_XHi_2,7
0x0168	0xBE02      	BTFSC       R2, 7, 0
;__Lib_MathDouble.c, 279 :: 		GOTO      TNORMUN4032
0x016A	0xF000EF71  	GOTO        TNORMUN4032
;__Lib_MathDouble.c, 280 :: 		RLCF      math_double_main_global_XLo_2,F
0x016E	0x3600      	RLCF        R0, 1, 0
;__Lib_MathDouble.c, 281 :: 		RLCF      math_double_main_global_XHi_1,F
0x0170	0x3601      	RLCF        R1, 1, 0
;__Lib_MathDouble.c, 282 :: 		RLCF      math_double_main_global_XHi_2,F
0x0172	0x3602      	RLCF        R2, 1, 0
;__Lib_MathDouble.c, 283 :: 		INCF      math_double_main_global_TEMPB0,F
0x0174	0x2A0E      	INCF        R14, 1, 0
;__Lib_MathDouble.c, 284 :: 		BTFSC     math_double_main_global_XHi_2,7
0x0176	0xBE02      	BTFSC       R2, 7, 0
;__Lib_MathDouble.c, 285 :: 		GOTO      TNORMUN4032
0x0178	0xF000EF71  	GOTO        TNORMUN4032
;__Lib_MathDouble.c, 286 :: 		RLCF      math_double_main_global_XLo_2,F
0x017C	0x3600      	RLCF        R0, 1, 0
;__Lib_MathDouble.c, 287 :: 		RLCF      math_double_main_global_XHi_1,F
0x017E	0x3601      	RLCF        R1, 1, 0
;__Lib_MathDouble.c, 288 :: 		RLCF      math_double_main_global_XHi_2,F
0x0180	0x3602      	RLCF        R2, 1, 0
;__Lib_MathDouble.c, 289 :: 		INCF      math_double_main_global_TEMPB0,F
0x0182	0x2A0E      	INCF        R14, 1, 0
;__Lib_MathDouble.c, 290 :: 		GOTO      TNORMUN4032
0x0184	0xF000EF71  	GOTO        TNORMUN4032
;__Lib_MathDouble.c, 292 :: 		NRM4032B:
NRM4032B:
;__Lib_MathDouble.c, 293 :: 		MOVFF     math_double_main_global_XHi_1,math_double_main_global_XHi_2
0x0188	0xF002C001  	MOVFF       R1, R2
;__Lib_MathDouble.c, 294 :: 		MOVFF     math_double_main_global_XLo_2,math_double_main_global_XHi_1
0x018C	0xF001C000  	MOVFF       R0, R1
;__Lib_MathDouble.c, 295 :: 		CLRF      math_double_main_global_XLo_2
0x0190	0x6A00      	CLRF        R0, 0
;__Lib_MathDouble.c, 296 :: 		MOVLW     0x00
0x0192	0x0E00      	MOVLW       0
;__Lib_MathDouble.c, 297 :: 		BCF       math_double_main_global_TEMPB0,3
0x0194	0x960E      	BCF         R14, 3, 0
;__Lib_MathDouble.c, 298 :: 		BSF       math_double_main_global_TEMPB0,4
0x0196	0x880E      	BSF         R14, 4, 0
;__Lib_MathDouble.c, 299 :: 		CPFSGT    math_double_main_global_XHi_2
0x0198	0x6402      	CPFSGT      R2, 0
;__Lib_MathDouble.c, 300 :: 		GOTO      NRM4032C
0x019A	0xF000EFF1  	GOTO        NRM4032C
;__Lib_MathDouble.c, 302 :: 		TNIB4032B:
;__Lib_MathDouble.c, 303 :: 		MOVLW     0xF0
0x019E	0x0EF0      	MOVLW       240
;__Lib_MathDouble.c, 304 :: 		ANDWF     math_double_main_global_XHi_2,W
0x01A0	0x1402      	ANDWF       R2, 0, 0
;__Lib_MathDouble.c, 305 :: 		BTFSS     STATUS,Z,0
0x01A2	0xA4D8      	BTFSS       STATUS, 2, 0
;__Lib_MathDouble.c, 306 :: 		GOTO      NORM4032B
0x01A4	0xF000EFDC  	GOTO        NORM4032B
;__Lib_MathDouble.c, 308 :: 		SWAPF     math_double_main_global_XHi_2,F
0x01A8	0x3A02      	SWAPF       R2, 1, 0
;__Lib_MathDouble.c, 309 :: 		SWAPF     math_double_main_global_XHi_1,W
0x01AA	0x3801      	SWAPF       R1, 0, 0
;__Lib_MathDouble.c, 310 :: 		ANDLW     0x0F
0x01AC	0x0B0F      	ANDLW       15
;__Lib_MathDouble.c, 311 :: 		ADDWF     math_double_main_global_XHi_2,F
0x01AE	0x2602      	ADDWF       R2, 1, 0
;__Lib_MathDouble.c, 313 :: 		SWAPF     math_double_main_global_XHi_1,W
0x01B0	0x3801      	SWAPF       R1, 0, 0
;__Lib_MathDouble.c, 314 :: 		ANDLW     0xF0
0x01B2	0x0BF0      	ANDLW       240
;__Lib_MathDouble.c, 315 :: 		MOVWF     math_double_main_global_XHi_1
0x01B4	0x6E01      	MOVWF       R1, 0
;__Lib_MathDouble.c, 317 :: 		BSF       math_double_main_global_TEMPB0,2
0x01B6	0x840E      	BSF         R14, 2, 0
;__Lib_MathDouble.c, 319 :: 		NORM4032B:
NORM4032B:
;__Lib_MathDouble.c, 320 :: 		BCF       STATUS,C,0
0x01B8	0x90D8      	BCF         STATUS, 0, 0
;__Lib_MathDouble.c, 321 :: 		BTFSC     math_double_main_global_XHi_2,7
0x01BA	0xBE02      	BTFSC       R2, 7, 0
;__Lib_MathDouble.c, 322 :: 		GOTO      TNORMUN4032
0x01BC	0xF000EF71  	GOTO        TNORMUN4032
;__Lib_MathDouble.c, 323 :: 		RLCF      math_double_main_global_XHi_1,F
0x01C0	0x3601      	RLCF        R1, 1, 0
;__Lib_MathDouble.c, 324 :: 		RLCF      math_double_main_global_XHi_2,F
0x01C2	0x3602      	RLCF        R2, 1, 0
;__Lib_MathDouble.c, 325 :: 		INCF      math_double_main_global_TEMPB0,F
0x01C4	0x2A0E      	INCF        R14, 1, 0
;__Lib_MathDouble.c, 326 :: 		BTFSC     math_double_main_global_XHi_2,7
0x01C6	0xBE02      	BTFSC       R2, 7, 0
;__Lib_MathDouble.c, 327 :: 		GOTO      TNORMUN4032
0x01C8	0xF000EF71  	GOTO        TNORMUN4032
;__Lib_MathDouble.c, 328 :: 		RLCF      math_double_main_global_XHi_1,F
0x01CC	0x3601      	RLCF        R1, 1, 0
;__Lib_MathDouble.c, 329 :: 		RLCF      math_double_main_global_XHi_2,F
0x01CE	0x3602      	RLCF        R2, 1, 0
;__Lib_MathDouble.c, 330 :: 		INCF      math_double_main_global_TEMPB0,F
0x01D0	0x2A0E      	INCF        R14, 1, 0
;__Lib_MathDouble.c, 331 :: 		BTFSC     math_double_main_global_XHi_2,7
0x01D2	0xBE02      	BTFSC       R2, 7, 0
;__Lib_MathDouble.c, 332 :: 		GOTO      TNORMUN4032
0x01D4	0xF000EF71  	GOTO        TNORMUN4032
;__Lib_MathDouble.c, 333 :: 		RLCF      math_double_main_global_XHi_1,F
0x01D8	0x3601      	RLCF        R1, 1, 0
;__Lib_MathDouble.c, 334 :: 		RLCF      math_double_main_global_XHi_2,F
0x01DA	0x3602      	RLCF        R2, 1, 0
;__Lib_MathDouble.c, 335 :: 		INCF      math_double_main_global_TEMPB0,F
0x01DC	0x2A0E      	INCF        R14, 1, 0
;__Lib_MathDouble.c, 336 :: 		GOTO      TNORMUN4032
0x01DE	0xF000EF71  	GOTO        TNORMUN4032
;__Lib_MathDouble.c, 338 :: 		NRM4032C:
NRM4032C:
;__Lib_MathDouble.c, 339 :: 		MOVFF     math_double_main_global_XHi_1,math_double_main_global_XHi_2
0x01E2	0xF002C001  	MOVFF       R1, R2
;__Lib_MathDouble.c, 340 :: 		CLRF      math_double_main_global_XHi_1
0x01E6	0x6A01      	CLRF        R1, 0
;__Lib_MathDouble.c, 341 :: 		MOVLW     0x00
0x01E8	0x0E00      	MOVLW       0
;__Lib_MathDouble.c, 342 :: 		BSF       math_double_main_global_TEMPB0,3
0x01EA	0x860E      	BSF         R14, 3, 0
;__Lib_MathDouble.c, 343 :: 		CPFSGT    math_double_main_global_XHi_2
0x01EC	0x6402      	CPFSGT      R2, 0
;__Lib_MathDouble.c, 344 :: 		GOTO      NRM40JPRES032
0x01EE	0xF001EF21  	GOTO        NRM40JPRES032
;__Lib_MathDouble.c, 346 :: 		TNIB4032C:
;__Lib_MathDouble.c, 347 :: 		MOVLW     0xF0
0x01F2	0x0EF0      	MOVLW       240
;__Lib_MathDouble.c, 348 :: 		ANDWF     math_double_main_global_XHi_2,W
0x01F4	0x1402      	ANDWF       R2, 0, 0
;__Lib_MathDouble.c, 349 :: 		BTFSS     STATUS,Z,0
0x01F6	0xA4D8      	BTFSS       STATUS, 2, 0
;__Lib_MathDouble.c, 350 :: 		GOTO      NORM4032C
0x01F8	0xF001EF00  	GOTO        NORM4032C
;__Lib_MathDouble.c, 351 :: 		SWAPF     math_double_main_global_XHi_2,F
0x01FC	0x3A02      	SWAPF       R2, 1, 0
;__Lib_MathDouble.c, 353 :: 		BSF       math_double_main_global_TEMPB0,2
0x01FE	0x840E      	BSF         R14, 2, 0
;__Lib_MathDouble.c, 355 :: 		NORM4032C:
NORM4032C:
;__Lib_MathDouble.c, 356 :: 		BCF       STATUS,C,0
0x0200	0x90D8      	BCF         STATUS, 0, 0
;__Lib_MathDouble.c, 358 :: 		BTFSC     math_double_main_global_XHi_2,7
0x0202	0xBE02      	BTFSC       R2, 7, 0
;__Lib_MathDouble.c, 359 :: 		GOTO      TNORMUN4032
0x0204	0xF000EF71  	GOTO        TNORMUN4032
;__Lib_MathDouble.c, 360 :: 		RLCF      math_double_main_global_XHi_2,F
0x0208	0x3602      	RLCF        R2, 1, 0
;__Lib_MathDouble.c, 361 :: 		INCF      math_double_main_global_TEMPB0,F
0x020A	0x2A0E      	INCF        R14, 1, 0
;__Lib_MathDouble.c, 362 :: 		BTFSC     math_double_main_global_XHi_2,7
0x020C	0xBE02      	BTFSC       R2, 7, 0
;__Lib_MathDouble.c, 363 :: 		GOTO      TNORMUN4032
0x020E	0xF000EF71  	GOTO        TNORMUN4032
;__Lib_MathDouble.c, 364 :: 		RLCF      math_double_main_global_XHi_2,F
0x0212	0x3602      	RLCF        R2, 1, 0
;__Lib_MathDouble.c, 365 :: 		INCF      math_double_main_global_TEMPB0,F
0x0214	0x2A0E      	INCF        R14, 1, 0
;__Lib_MathDouble.c, 366 :: 		BTFSC     math_double_main_global_XHi_2,7
0x0216	0xBE02      	BTFSC       R2, 7, 0
;__Lib_MathDouble.c, 367 :: 		GOTO      TNORMUN4032
0x0218	0xF000EF71  	GOTO        TNORMUN4032
;__Lib_MathDouble.c, 368 :: 		RLCF      math_double_main_global_XHi_2,F
0x021C	0x3602      	RLCF        R2, 1, 0
;__Lib_MathDouble.c, 369 :: 		INCF      math_double_main_global_TEMPB0,F
0x021E	0x2A0E      	INCF        R14, 1, 0
;__Lib_MathDouble.c, 370 :: 		GOTO      TNORMUN4032
0x0220	0xF000EF71  	GOTO        TNORMUN4032
;__Lib_MathDouble.c, 372 :: 		NRM40JPSETFUN32:
NRM40JPSETFUN32:
;__Lib_MathDouble.c, 373 :: 		MOVLW     0x01
0x0224	0x0E01      	MOVLW       1
;__Lib_MathDouble.c, 374 :: 		MOVWF     math_double_main_global_jmpFlg
0x0226	0x6E0C      	MOVWF       R12, 0
;__Lib_MathDouble.c, 376 :: 		SETFUN32();
0x0228	0xDF0C      	RCALL       _SETFUN32
;__Lib_MathDouble.c, 378 :: 		GOTO      NRM40EEE
0x022A	0xF001EF24  	GOTO        NRM40EEE
;__Lib_MathDouble.c, 379 :: 		NRM40JPFIXSIGN32:
NRM40JPFIXSIGN32:
;__Lib_MathDouble.c, 380 :: 		MOVLW     0x02
0x022E	0x0E02      	MOVLW       2
;__Lib_MathDouble.c, 381 :: 		MOVWF     math_double_main_global_jmpFlg
0x0230	0x6E0C      	MOVWF       R12, 0
;__Lib_MathDouble.c, 383 :: 		FIXSIGN32();
0x0232	0xDF14      	RCALL       _FIXSIGN32
;__Lib_MathDouble.c, 385 :: 		GOTO      NRM40EEE
0x0234	0xF001EF24  	GOTO        NRM40EEE
;__Lib_MathDouble.c, 386 :: 		NRM40JPSETFOV32:
NRM40JPSETFOV32:
;__Lib_MathDouble.c, 387 :: 		MOVLW     0x04
0x0238	0x0E04      	MOVLW       4
;__Lib_MathDouble.c, 388 :: 		MOVWF     math_double_main_global_jmpFlg
0x023A	0x6E0C      	MOVWF       R12, 0
;__Lib_MathDouble.c, 390 :: 		SETFOV32();
0x023C	0xDEEF      	RCALL       _SETFOV32
;__Lib_MathDouble.c, 392 :: 		GOTO      NRM40EEE
0x023E	0xF001EF24  	GOTO        NRM40EEE
;__Lib_MathDouble.c, 393 :: 		NRM40JPRES032:
NRM40JPRES032:
;__Lib_MathDouble.c, 394 :: 		MOVLW     0x08
0x0242	0x0E08      	MOVLW       8
;__Lib_MathDouble.c, 395 :: 		MOVWF     math_double_main_global_jmpFlg
0x0244	0x6E0C      	MOVWF       R12, 0
;__Lib_MathDouble.c, 397 :: 		RES032();
0x0246	0xDEF6      	RCALL       _RES032
;__Lib_MathDouble.c, 399 :: 		NRM40EEE:
NRM40EEE:
;__Lib_MathDouble.c, 411 :: 		*         AARG  <--  NORMALIZE(AARG)
L_end_NRM4032:
0x0248	0x0012      	RETURN      0
; end of _NRM4032
_debugStdOut:
;cstdio.c, 867 :: 		void debugStdOut( char ch )
;cstdio.c, 869 :: 		if ( 0 == buffPos )
0x024A	0x0E00      	MOVLW       0
0x024C	0x1849      	XORWF       cstdio_buffPos, 0 
0x024E	0xB4D8      	BTFSC       STATUS, 2 
;cstdio.c, 870 :: 		lastPos = 0;
0x0250	0x6A45      	CLRF        cstdio_lastPos 
L_debugStdOut300:
;cstdio.c, 872 :: 		__debugBuffer[ buffPos++ ] = ch;
0x0252	0x0E15      	MOVLW       cstdio___debugBuffer
0x0254	0x6EE1      	MOVWF       FSR1L 
0x0256	0x0E00      	MOVLW       hi_addr(cstdio___debugBuffer)
0x0258	0x6EE2      	MOVWF       FSR1L+1 
0x025A	0x5049      	MOVF        cstdio_buffPos, 0 
0x025C	0x26E1      	ADDWF       FSR1L, 1 
0x025E	0xB0D8      	BTFSC       STATUS, 0 
0x0260	0x2AE2      	INCF        FSR1L+1, 1 
0x0262	0xFFE6C083  	MOVFF       FARG_debugStdOut_ch, POSTINC1
0x0266	0x2A49      	INCF        cstdio_buffPos, 1 
;cstdio.c, 874 :: 		if ( ( buffPos >= MAX_STD_DBG_OUT_BUFFER_SIZE ) || ( ch == '\n' ) ) {
0x0268	0x0E30      	MOVLW       48
0x026A	0x5C49      	SUBWF       cstdio_buffPos, 0 
0x026C	0xE205      	BC          L__debugStdOut323
0x026E	0x0100      	MOVLB       0
0x0270	0x5183      	MOVF        FARG_debugStdOut_ch, 0, 1
0x0272	0x0A0A      	XORLW       10
0x0274	0xE001      	BZ          L__debugStdOut323
0x0276	0xD008      	BRA         L_debugStdOut303
L__debugStdOut323:
0x0278	0x0100      	MOVLB       0
;cstdio.c, 875 :: 		lastPos = buffPos;
0x027A	0xF045C049  	MOVFF       cstdio_buffPos, cstdio_lastPos
;cstdio.c, 876 :: 		counterID++;
0x027E	0x4A47      	INFSNZ      cstdio_counterID, 1 
0x0280	0x2A48      	INCF        cstdio_counterID+1, 1 
;cstdio.c, 877 :: 		stdBuffFullBreak();
0x0282	0xDEF0      	RCALL       cstdio_stdBuffFullBreak
;cstdio.c, 878 :: 		buffPos = 0;
0x0284	0x6A49      	CLRF        cstdio_buffPos 
;cstdio.c, 879 :: 		ch = 0;
0x0286	0x6B83      	CLRF        FARG_debugStdOut_ch, 1
;cstdio.c, 880 :: 		}
L_debugStdOut303:
;cstdio.c, 881 :: 		}
L_end_debugStdOut:
0x0288	0x0012      	RETURN      0
; end of _debugStdOut
_Mul_32x32_FP:
;__Lib_MathDouble.c, 1092 :: 		void Mul_32x32_FP()
;__Lib_MathDouble.c, 1095 :: 		FPM32:
;__Lib_MathDouble.c, 1097 :: 		CLRF      math_double_main_global_XLo_1
0x028A	0x6A08      	CLRF        R8, 0
;__Lib_MathDouble.c, 1098 :: 		CLRF      math_double_main_global_YLo_1
0x028C	0x6A09      	CLRF        R9, 0
;__Lib_MathDouble.c, 1100 :: 		MOVLW     0x00
0x028E	0x0E00      	MOVLW       0
;__Lib_MathDouble.c, 1101 :: 		CPFSEQ    math_double_main_global_YExp
0x0290	0x6207      	CPFSEQ      R7, 0
;__Lib_MathDouble.c, 1102 :: 		CPFSGT    math_double_main_global_XExp
0x0292	0x6403      	CPFSGT      R3, 0
;__Lib_MathDouble.c, 1103 :: 		GOTO      MULJPRES032
0x0294	0xF001EFCA  	GOTO        MULJPRES032
;__Lib_MathDouble.c, 1105 :: 		M32BNE0:
;__Lib_MathDouble.c, 1106 :: 		MOVF      math_double_main_global_XHi_2,W
0x0298	0x5002      	MOVF        R2, 0, 0
;__Lib_MathDouble.c, 1107 :: 		XORWF     math_double_main_global_YHi_2,W
0x029A	0x1806      	XORWF       R6, 0, 0
;__Lib_MathDouble.c, 1108 :: 		MOVWF     math_double_main_global_Sign
0x029C	0x6E0A      	MOVWF       R10, 0
;__Lib_MathDouble.c, 1110 :: 		MOVF      math_double_main_global_YExp,W
0x029E	0x5007      	MOVF        R7, 0, 0
;__Lib_MathDouble.c, 1111 :: 		ADDWF     math_double_main_global_XExp,F
0x02A0	0x2603      	ADDWF       R3, 1, 0
;__Lib_MathDouble.c, 1112 :: 		MOVLW     126
0x02A2	0x0E7E      	MOVLW       126
;__Lib_MathDouble.c, 1113 :: 		BTFSS     STATUS,C,0
0x02A4	0xA0D8      	BTFSS       STATUS, 0, 0
;__Lib_MathDouble.c, 1114 :: 		GOTO      MTUN32
0x02A6	0xF001EF5B  	GOTO        MTUN32
;__Lib_MathDouble.c, 1116 :: 		SUBWF     math_double_main_global_XExp,F
0x02AA	0x5E03      	SUBWF       R3, 1, 0
;__Lib_MathDouble.c, 1117 :: 		BTFSC     STATUS,C,0
0x02AC	0xB0D8      	BTFSC       STATUS, 0, 0
;__Lib_MathDouble.c, 1118 :: 		GOTO      MULJPSETFOV32
0x02AE	0xF001EFCE  	GOTO        MULJPSETFOV32
;__Lib_MathDouble.c, 1119 :: 		GOTO      MOK32
0x02B2	0xF001EF5F  	GOTO        MOK32
;__Lib_MathDouble.c, 1121 :: 		MTUN32:
MTUN32:
;__Lib_MathDouble.c, 1122 :: 		SUBWF     math_double_main_global_XExp,F
0x02B6	0x5E03      	SUBWF       R3, 1, 0
;__Lib_MathDouble.c, 1123 :: 		BTFSS     STATUS,C,0
0x02B8	0xA0D8      	BTFSS       STATUS, 0, 0
;__Lib_MathDouble.c, 1124 :: 		GOTO      MULJPSETFUN32
0x02BA	0xF001EFD2  	GOTO        MULJPSETFUN32
;__Lib_MathDouble.c, 1126 :: 		MOK32:
MOK32:
;__Lib_MathDouble.c, 1127 :: 		BSF       math_double_main_global_XHi_2,7
0x02BE	0x8E02      	BSF         R2, 7, 0
;__Lib_MathDouble.c, 1128 :: 		BSF       math_double_main_global_YHi_2,7
0x02C0	0x8E06      	BSF         R6, 7, 0
;__Lib_MathDouble.c, 1130 :: 		MOVFF     math_double_main_global_XHi_2, math_double_main_global_TEMPB0
0x02C2	0xF00EC002  	MOVFF       R2, R14
;__Lib_MathDouble.c, 1131 :: 		MOVFF     math_double_main_global_XHi_1, math_double_main_global_TEMPB1
0x02C6	0xF00BC001  	MOVFF       R1, R11
;__Lib_MathDouble.c, 1132 :: 		MOVFF     math_double_main_global_XLo_2, math_double_main_global_TEMPB2
0x02CA	0xF00DC000  	MOVFF       R0, R13
;__Lib_MathDouble.c, 1134 :: 		MOVF      math_double_main_global_XLo_2, W
0x02CE	0x5000      	MOVF        R0, 0, 0
;__Lib_MathDouble.c, 1135 :: 		MULWF     math_double_main_global_YLo_2
0x02D0	0x0204      	MULWF       R4, 0
;__Lib_MathDouble.c, 1136 :: 		MOVFF     PRODH, math_double_main_global_AARGB4
0x02D2	0xF00CCFF4  	MOVFF       PRODH, R12
;__Lib_MathDouble.c, 1138 :: 		MOVF      math_double_main_global_XHi_1,W
0x02D6	0x5001      	MOVF        R1, 0, 0
;__Lib_MathDouble.c, 1139 :: 		MULWF     math_double_main_global_YHi_1
0x02D8	0x0205      	MULWF       R5, 0
;__Lib_MathDouble.c, 1140 :: 		MOVFF     PRODH, math_double_main_global_XLo_2
0x02DA	0xF000CFF4  	MOVFF       PRODH, R0
;__Lib_MathDouble.c, 1141 :: 		MOVFF     PRODL, math_double_main_global_XLo_1
0x02DE	0xF008CFF3  	MOVFF       PRODL, R8
;__Lib_MathDouble.c, 1143 :: 		MULWF     math_double_main_global_YLo_2
0x02E2	0x0204      	MULWF       R4, 0
;__Lib_MathDouble.c, 1144 :: 		MOVF      PRODL,W,0
0x02E4	0x50F3      	MOVF        PRODL, 0, 0
;__Lib_MathDouble.c, 1145 :: 		ADDWF     math_double_main_global_AARGB4,F
0x02E6	0x260C      	ADDWF       R12, 1, 0
;__Lib_MathDouble.c, 1146 :: 		MOVF      PRODH,W,0
0x02E8	0x50F4      	MOVF        PRODH, 0, 0
;__Lib_MathDouble.c, 1147 :: 		ADDWFC    math_double_main_global_XLo_1,F
0x02EA	0x2208      	ADDWFC      R8, 1, 0
;__Lib_MathDouble.c, 1148 :: 		MOVLW     0x00
0x02EC	0x0E00      	MOVLW       0
;__Lib_MathDouble.c, 1149 :: 		ADDWFC    math_double_main_global_XLo_2,F
0x02EE	0x2200      	ADDWFC      R0, 1, 0
;__Lib_MathDouble.c, 1151 :: 		MOVF      math_double_main_global_TEMPB2,W
0x02F0	0x500D      	MOVF        R13, 0, 0
;__Lib_MathDouble.c, 1152 :: 		MULWF     math_double_main_global_YHi_1
0x02F2	0x0205      	MULWF       R5, 0
;__Lib_MathDouble.c, 1153 :: 		MOVF      PRODL,W,0
0x02F4	0x50F3      	MOVF        PRODL, 0, 0
;__Lib_MathDouble.c, 1154 :: 		ADDWF     math_double_main_global_AARGB4,F
0x02F6	0x260C      	ADDWF       R12, 1, 0
;__Lib_MathDouble.c, 1155 :: 		MOVF      PRODH,W,0
0x02F8	0x50F4      	MOVF        PRODH, 0, 0
;__Lib_MathDouble.c, 1156 :: 		ADDWFC    math_double_main_global_XLo_1,F
0x02FA	0x2208      	ADDWFC      R8, 1, 0
;__Lib_MathDouble.c, 1157 :: 		MOVLW     0x00
0x02FC	0x0E00      	MOVLW       0
;__Lib_MathDouble.c, 1158 :: 		ADDWFC    math_double_main_global_XLo_2,F
0x02FE	0x2200      	ADDWFC      R0, 1, 0
;__Lib_MathDouble.c, 1160 :: 		MOVF      math_double_main_global_XHi_2,W
0x0300	0x5002      	MOVF        R2, 0, 0
;__Lib_MathDouble.c, 1161 :: 		MULWF     math_double_main_global_YLo_2
0x0302	0x0204      	MULWF       R4, 0
;__Lib_MathDouble.c, 1162 :: 		MOVF      PRODL,W,0
0x0304	0x50F3      	MOVF        PRODL, 0, 0
;__Lib_MathDouble.c, 1163 :: 		ADDWF     math_double_main_global_XLo_1,F
0x0306	0x2608      	ADDWF       R8, 1, 0
;__Lib_MathDouble.c, 1164 :: 		MOVF      PRODH,W,0
0x0308	0x50F4      	MOVF        PRODH, 0, 0
;__Lib_MathDouble.c, 1165 :: 		ADDWFC    math_double_main_global_XLo_2,F
0x030A	0x2200      	ADDWFC      R0, 1, 0
;__Lib_MathDouble.c, 1166 :: 		MOVF      math_double_main_global_XHi_2,W
0x030C	0x5002      	MOVF        R2, 0, 0
;__Lib_MathDouble.c, 1167 :: 		MULWF     math_double_main_global_YHi_1
0x030E	0x0205      	MULWF       R5, 0
;__Lib_MathDouble.c, 1168 :: 		CLRF      math_double_main_global_XHi_1
0x0310	0x6A01      	CLRF        R1, 0
;__Lib_MathDouble.c, 1169 :: 		MOVLW     0x00
0x0312	0x0E00      	MOVLW       0
;__Lib_MathDouble.c, 1170 :: 		ADDWFC    math_double_main_global_XHi_1,F
0x0314	0x2201      	ADDWFC      R1, 1, 0
;__Lib_MathDouble.c, 1171 :: 		MOVF      PRODL,W,0
0x0316	0x50F3      	MOVF        PRODL, 0, 0
;__Lib_MathDouble.c, 1172 :: 		ADDWF     math_double_main_global_XLo_2,F
0x0318	0x2600      	ADDWF       R0, 1, 0
;__Lib_MathDouble.c, 1173 :: 		MOVF      PRODH,W,0
0x031A	0x50F4      	MOVF        PRODH, 0, 0
;__Lib_MathDouble.c, 1174 :: 		ADDWFC    math_double_main_global_XHi_1,F
0x031C	0x2201      	ADDWFC      R1, 1, 0
;__Lib_MathDouble.c, 1176 :: 		MOVF      math_double_main_global_TEMPB2,W
0x031E	0x500D      	MOVF        R13, 0, 0
;__Lib_MathDouble.c, 1177 :: 		MULWF     math_double_main_global_YHi_2
0x0320	0x0206      	MULWF       R6, 0
;__Lib_MathDouble.c, 1178 :: 		MOVF      PRODL,W,0
0x0322	0x50F3      	MOVF        PRODL, 0, 0
;__Lib_MathDouble.c, 1179 :: 		ADDWF     math_double_main_global_XLo_1,F
0x0324	0x2608      	ADDWF       R8, 1, 0
;__Lib_MathDouble.c, 1180 :: 		MOVF      PRODH,W,0
0x0326	0x50F4      	MOVF        PRODH, 0, 0
;__Lib_MathDouble.c, 1181 :: 		ADDWFC    math_double_main_global_XLo_2,F
0x0328	0x2200      	ADDWFC      R0, 1, 0
;__Lib_MathDouble.c, 1182 :: 		CLRF      math_double_main_global_XHi_2
0x032A	0x6A02      	CLRF        R2, 0
;__Lib_MathDouble.c, 1183 :: 		MOVLW     0x00
0x032C	0x0E00      	MOVLW       0
;__Lib_MathDouble.c, 1184 :: 		ADDWFC    math_double_main_global_XHi_1,F
0x032E	0x2201      	ADDWFC      R1, 1, 0
;__Lib_MathDouble.c, 1185 :: 		ADDWFC    math_double_main_global_XHi_2,F
0x0330	0x2202      	ADDWFC      R2, 1, 0
;__Lib_MathDouble.c, 1187 :: 		MOVF      math_double_main_global_TEMPB1,W
0x0332	0x500B      	MOVF        R11, 0, 0
;__Lib_MathDouble.c, 1188 :: 		MULWF     math_double_main_global_YHi_2
0x0334	0x0206      	MULWF       R6, 0
;__Lib_MathDouble.c, 1189 :: 		MOVF      PRODL,W,0
0x0336	0x50F3      	MOVF        PRODL, 0, 0
;__Lib_MathDouble.c, 1190 :: 		ADDWF     math_double_main_global_XLo_2,F
0x0338	0x2600      	ADDWF       R0, 1, 0
;__Lib_MathDouble.c, 1191 :: 		MOVF      PRODH,W,0
0x033A	0x50F4      	MOVF        PRODH, 0, 0
;__Lib_MathDouble.c, 1192 :: 		ADDWFC    math_double_main_global_XHi_1,F
0x033C	0x2201      	ADDWFC      R1, 1, 0
;__Lib_MathDouble.c, 1193 :: 		MOVLW     0x00
0x033E	0x0E00      	MOVLW       0
;__Lib_MathDouble.c, 1194 :: 		ADDWFC    math_double_main_global_XHi_2,F
0x0340	0x2202      	ADDWFC      R2, 1, 0
;__Lib_MathDouble.c, 1196 :: 		MOVF      math_double_main_global_TEMPB0,W
0x0342	0x500E      	MOVF        R14, 0, 0
;__Lib_MathDouble.c, 1197 :: 		MULWF     math_double_main_global_YHi_2
0x0344	0x0206      	MULWF       R6, 0
;__Lib_MathDouble.c, 1198 :: 		MOVF      PRODL,W,0
0x0346	0x50F3      	MOVF        PRODL, 0, 0
;__Lib_MathDouble.c, 1199 :: 		ADDWF     math_double_main_global_XHi_1,F
0x0348	0x2601      	ADDWF       R1, 1, 0
;__Lib_MathDouble.c, 1200 :: 		MOVF      PRODH,W,0
0x034A	0x50F4      	MOVF        PRODH, 0, 0
;__Lib_MathDouble.c, 1201 :: 		ADDWFC    math_double_main_global_XHi_2,F
0x034C	0x2202      	ADDWFC      R2, 1, 0
;__Lib_MathDouble.c, 1203 :: 		BTFSC     math_double_main_global_XHi_2,7
0x034E	0xBE02      	BTFSC       R2, 7, 0
;__Lib_MathDouble.c, 1204 :: 		GOTO      MROUND32
0x0350	0xF001EFB2  	GOTO        MROUND32
;__Lib_MathDouble.c, 1205 :: 		RLCF      math_double_main_global_XLo_1,F
0x0354	0x3608      	RLCF        R8, 1, 0
;__Lib_MathDouble.c, 1206 :: 		RLCF      math_double_main_global_XLo_2,F
0x0356	0x3600      	RLCF        R0, 1, 0
;__Lib_MathDouble.c, 1207 :: 		RLCF      math_double_main_global_XHi_1,F
0x0358	0x3601      	RLCF        R1, 1, 0
;__Lib_MathDouble.c, 1208 :: 		RLCF      math_double_main_global_XHi_2,F
0x035A	0x3602      	RLCF        R2, 1, 0
;__Lib_MathDouble.c, 1209 :: 		DECF      math_double_main_global_XExp,F
0x035C	0x0603      	DECF        R3, 1, 0
;__Lib_MathDouble.c, 1210 :: 		BTFSC     STATUS,Z,0
0x035E	0xB4D8      	BTFSC       STATUS, 2, 0
;__Lib_MathDouble.c, 1211 :: 		GOTO      MULJPSETFUN32
0x0360	0xF001EFD2  	GOTO        MULJPSETFUN32
;__Lib_MathDouble.c, 1213 :: 		MROUND32:
MROUND32:
;__Lib_MathDouble.c, 1216 :: 		GOTO      MUL32OK
0x0364	0xF001EFC5  	GOTO        MUL32OK
;__Lib_MathDouble.c, 1217 :: 		BSF       STATUS,C,0
0x0368	0x80D8      	BSF         STATUS, 0, 0
;__Lib_MathDouble.c, 1218 :: 		MOVLW     0x80
0x036A	0x0E80      	MOVLW       128
;__Lib_MathDouble.c, 1219 :: 		CPFSGT    math_double_main_global_XLo_1
0x036C	0x6408      	CPFSGT      R8, 0
;__Lib_MathDouble.c, 1220 :: 		RRCF      math_double_main_global_XLo_2,W
0x036E	0x3000      	RRCF        R0, 0, 0
;__Lib_MathDouble.c, 1221 :: 		MOVLW     0x00
0x0370	0x0E00      	MOVLW       0
;__Lib_MathDouble.c, 1222 :: 		ADDWFC    math_double_main_global_XLo_2,F
0x0372	0x2200      	ADDWFC      R0, 1, 0
;__Lib_MathDouble.c, 1223 :: 		ADDWFC    math_double_main_global_XHi_1,F
0x0374	0x2201      	ADDWFC      R1, 1, 0
;__Lib_MathDouble.c, 1224 :: 		ADDWFC    math_double_main_global_XHi_2,F
0x0376	0x2202      	ADDWFC      R2, 1, 0
;__Lib_MathDouble.c, 1226 :: 		BTFSS     STATUS,C,0
0x0378	0xA0D8      	BTFSS       STATUS, 0, 0
;__Lib_MathDouble.c, 1227 :: 		GOTO      MUL32OK
0x037A	0xF001EFC5  	GOTO        MUL32OK
;__Lib_MathDouble.c, 1228 :: 		RRCF      math_double_main_global_XHi_2,F
0x037E	0x3202      	RRCF        R2, 1, 0
;__Lib_MathDouble.c, 1229 :: 		RRCF      math_double_main_global_XHi_1,F
0x0380	0x3201      	RRCF        R1, 1, 0
;__Lib_MathDouble.c, 1230 :: 		RRCF      math_double_main_global_XLo_2,F
0x0382	0x3200      	RRCF        R0, 1, 0
;__Lib_MathDouble.c, 1231 :: 		INFSNZ    math_double_main_global_XExp,F
0x0384	0x4A03      	INFSNZ      R3, 1, 0
;__Lib_MathDouble.c, 1232 :: 		GOTO      MULJPSETFOV32
0x0386	0xF001EFCE  	GOTO        MULJPSETFOV32
;__Lib_MathDouble.c, 1234 :: 		MUL32OK:
MUL32OK:
;__Lib_MathDouble.c, 1235 :: 		BTFSS     math_double_main_global_Sign,7
0x038A	0xAE0A      	BTFSS       R10, 7, 0
;__Lib_MathDouble.c, 1236 :: 		BCF       math_double_main_global_XHi_2,7
0x038C	0x9E02      	BCF         R2, 7, 0
;__Lib_MathDouble.c, 1238 :: 		MOVLW     0
0x038E	0x0E00      	MOVLW       0
;__Lib_MathDouble.c, 1239 :: 		GOTO      MULEEE
0x0390	0xF001EFD4  	GOTO        MULEEE
;__Lib_MathDouble.c, 1240 :: 		MULJPRES032:
MULJPRES032:
;__Lib_MathDouble.c, 1241 :: 		MOVLW     0x01
0x0394	0x0E01      	MOVLW       1
;__Lib_MathDouble.c, 1244 :: 		RES032();
0x0396	0xDE4E      	RCALL       _RES032
;__Lib_MathDouble.c, 1246 :: 		GOTO      MULEEE
0x0398	0xF001EFD4  	GOTO        MULEEE
;__Lib_MathDouble.c, 1247 :: 		MULJPSETFOV32:
MULJPSETFOV32:
;__Lib_MathDouble.c, 1248 :: 		MOVLW     0x02
0x039C	0x0E02      	MOVLW       2
;__Lib_MathDouble.c, 1251 :: 		SETFOV32();
0x039E	0xDE3E      	RCALL       _SETFOV32
;__Lib_MathDouble.c, 1253 :: 		GOTO      MULEEE
0x03A0	0xF001EFD4  	GOTO        MULEEE
;__Lib_MathDouble.c, 1254 :: 		MULJPSETFUN32:
MULJPSETFUN32:
;__Lib_MathDouble.c, 1255 :: 		MOVLW     0x04
0x03A4	0x0E04      	MOVLW       4
;__Lib_MathDouble.c, 1258 :: 		SETFUN32();
0x03A6	0xDE4D      	RCALL       _SETFUN32
;__Lib_MathDouble.c, 1260 :: 		MULEEE:
MULEEE:
;__Lib_MathDouble.c, 1280 :: 		*         AARG  <--  AARG / BARG
L_end_Mul_32x32_FP:
0x03A8	0x0012      	RETURN      0
; end of _Mul_32x32_FP
_SETIOV3224:
;__Lib_MathDouble.c, 480 :: 		void SETIOV3224()
;__Lib_MathDouble.c, 483 :: 		BSF       math_double_main_global_FPFLAGS,IOV
0x03AA	0x800B      	BSF         R11, 0, 0
;__Lib_MathDouble.c, 484 :: 		BTFSS     math_double_main_global_FPFLAGS,SAT
0x03AC	0xAE0B      	BTFSS       R11, 7, 0
;__Lib_MathDouble.c, 485 :: 		GOTO      SETIOV3224EEE
0x03AE	0xF001EFE1  	GOTO        SETIOV3224EEE
;__Lib_MathDouble.c, 487 :: 		CLRF      math_double_main_global_XHi_2
0x03B2	0x6A02      	CLRF        R2, 0
;__Lib_MathDouble.c, 488 :: 		BTFSS     math_double_main_global_Sign,7
0x03B4	0xAE0A      	BTFSS       R10, 7, 0
;__Lib_MathDouble.c, 489 :: 		MOVLW     0xFF
0x03B6	0x0EFF      	MOVLW       255
;__Lib_MathDouble.c, 490 :: 		MOVWF     math_double_main_global_XHi_2
0x03B8	0x6E02      	MOVWF       R2, 0
;__Lib_MathDouble.c, 491 :: 		MOVWF     math_double_main_global_XHi_1
0x03BA	0x6E01      	MOVWF       R1, 0
;__Lib_MathDouble.c, 492 :: 		MOVWF     math_double_main_global_XLo_2
0x03BC	0x6E00      	MOVWF       R0, 0
;__Lib_MathDouble.c, 493 :: 		RLCF      math_double_main_global_Sign,F
0x03BE	0x360A      	RLCF        R10, 1, 0
;__Lib_MathDouble.c, 494 :: 		RRCF      math_double_main_global_XHi_2,F
0x03C0	0x3202      	RRCF        R2, 1, 0
;__Lib_MathDouble.c, 495 :: 		SETIOV3224EEE:
SETIOV3224EEE:
;__Lib_MathDouble.c, 496 :: 		MOVLW     0xFF
0x03C2	0x0EFF      	MOVLW       255
;__Lib_MathDouble.c, 516 :: 		*         X  <--  X + Y
L_end_SETIOV3224:
0x03C4	0x0012      	RETURN      0
; end of _SETIOV3224
_Div_8X8_S:
;__Lib_Math.c, 290 :: 		void Div_8X8_S()
;__Lib_Math.c, 293 :: 		CLRF    math_main_global_Sign
0x03C6	0x6A0D      	CLRF        R13, 0
;__Lib_Math.c, 294 :: 		CLRF    math_main_global_Remainder_1
0x03C8	0x6A08      	CLRF        R8, 0
;__Lib_Math.c, 295 :: 		MOVF    math_main_global_X_1,W
0x03CA	0x5000      	MOVF        R0, 0, 0
;__Lib_Math.c, 296 :: 		BTFSC   STATUS,Z,0
0x03CC	0xB4D8      	BTFSC       STATUS, 2, 0
;__Lib_Math.c, 297 :: 		RETLW   0x00
0x03CE	0x0C00      	RETLW       0
;__Lib_Math.c, 298 :: 		XORWF   math_main_global_Y_1,W
0x03D0	0x1804      	XORWF       R4, 0, 0
;__Lib_Math.c, 299 :: 		MOVWF   math_main_global_Temp_1
0x03D2	0x6E0A      	MOVWF       R10, 0
;__Lib_Math.c, 300 :: 		BTFSC   math_main_global_Temp_1,7
0x03D4	0xBE0A      	BTFSC       R10, 7, 0
;__Lib_Math.c, 301 :: 		COMF    math_main_global_Sign,F
0x03D6	0x1E0D      	COMF        R13, 1, 0
;__Lib_Math.c, 302 :: 		CLRF    math_main_global_Temp_2
0x03D8	0x6A0B      	CLRF        R11, 0
;__Lib_Math.c, 303 :: 		BTFSS   math_main_global_Y_1,7
0x03DA	0xAE04      	BTFSS       R4, 7, 0
;__Lib_Math.c, 304 :: 		BRA     $+6 //$+3
0x03DC	0xD002      	BRA         $+6
;__Lib_Math.c, 305 :: 		COMF    math_main_global_Y_1, F
0x03DE	0x1E04      	COMF        R4, 1, 0
;__Lib_Math.c, 306 :: 		INCF    math_main_global_Y_1, F
0x03E0	0x2A04      	INCF        R4, 1, 0
;__Lib_Math.c, 307 :: 		BTFSS   math_main_global_X_1,7
0x03E2	0xAE00      	BTFSS       R0, 7, 0
;__Lib_Math.c, 308 :: 		BRA     $+6 //$+3
0x03E4	0xD002      	BRA         $+6
;__Lib_Math.c, 309 :: 		COMF    math_main_global_X_1, F
0x03E6	0x1E00      	COMF        R0, 1, 0
;__Lib_Math.c, 310 :: 		INCF    math_main_global_X_1, F
0x03E8	0x2A00      	INCF        R0, 1, 0
;__Lib_Math.c, 311 :: 		MOVF    math_main_global_X_1,W
0x03EA	0x5000      	MOVF        R0, 0, 0
;__Lib_Math.c, 312 :: 		IORWF   math_main_global_Y_1,W
0x03EC	0x1004      	IORWF       R4, 0, 0
;__Lib_Math.c, 313 :: 		MOVWF   math_main_global_Temp_1
0x03EE	0x6E0A      	MOVWF       R10, 0
;__Lib_Math.c, 314 :: 		BTFSC   math_main_global_Temp_1,7
0x03F0	0xBE0A      	BTFSC       R10, 7, 0
;__Lib_Math.c, 315 :: 		BRA     $+64 //$+32
0x03F2	0xD01F      	BRA         $+64
;__Lib_Math.c, 316 :: 		MOVF    math_main_global_Y_1,W
0x03F4	0x5004      	MOVF        R4, 0, 0
;__Lib_Math.c, 317 :: 		SUBWF   math_main_global_Remainder_1, F
0x03F6	0x5E08      	SUBWF       R8, 1, 0
;__Lib_Math.c, 318 :: 		RLCF    math_main_global_X_1, F
0x03F8	0x3600      	RLCF        R0, 1, 0
;__Lib_Math.c, 319 :: 		RLCF    math_main_global_X_1,W
0x03FA	0x3400      	RLCF        R0, 0, 0
;__Lib_Math.c, 320 :: 		RLCF    math_main_global_Remainder_1, F
0x03FC	0x3608      	RLCF        R8, 1, 0
;__Lib_Math.c, 321 :: 		MOVF    math_main_global_Y_1,W
0x03FE	0x5004      	MOVF        R4, 0, 0
;__Lib_Math.c, 322 :: 		ADDWF   math_main_global_Remainder_1, F
0x0400	0x2608      	ADDWF       R8, 1, 0
;__Lib_Math.c, 323 :: 		RLCF     math_main_global_X_1, F
0x0402	0x3600      	RLCF        R0, 1, 0
;__Lib_Math.c, 324 :: 		MOVLW   6
0x0404	0x0E06      	MOVLW       6
;__Lib_Math.c, 325 :: 		MOVWF   math_main_global_LoopCount
0x0406	0x6E0C      	MOVWF       R12, 0
;__Lib_Math.c, 326 :: 		RLCF    math_main_global_X_1,W
0x0408	0x3400      	RLCF        R0, 0, 0
;__Lib_Math.c, 327 :: 		RLCF    math_main_global_Remainder_1, F
0x040A	0x3608      	RLCF        R8, 1, 0
;__Lib_Math.c, 328 :: 		MOVF    math_main_global_Y_1,W
0x040C	0x5004      	MOVF        R4, 0, 0
;__Lib_Math.c, 329 :: 		BTFSC   math_main_global_X_1,0
0x040E	0xB000      	BTFSC       R0, 0, 0
;__Lib_Math.c, 330 :: 		SUBWF   math_main_global_Remainder_1, F
0x0410	0x5E08      	SUBWF       R8, 1, 0
;__Lib_Math.c, 331 :: 		BTFSS   math_main_global_X_1,0
0x0412	0xA000      	BTFSS       R0, 0, 0
;__Lib_Math.c, 332 :: 		ADDWF   math_main_global_Remainder_1, F
0x0414	0x2608      	ADDWF       R8, 1, 0
;__Lib_Math.c, 333 :: 		RLCF    math_main_global_X_1, F
0x0416	0x3600      	RLCF        R0, 1, 0
;__Lib_Math.c, 334 :: 		DECFSZ  math_main_global_LoopCount, F
0x0418	0x2E0C      	DECFSZ      R12, 1, 0
;__Lib_Math.c, 335 :: 		BRA     $-18 //$-9
0x041A	0xD7F6      	BRA         $-18
;__Lib_Math.c, 336 :: 		BTFSS   math_main_global_X_1,0
0x041C	0xA000      	BTFSS       R0, 0, 0
;__Lib_Math.c, 337 :: 		ADDWF   math_main_global_Remainder_1, F
0x041E	0x2608      	ADDWF       R8, 1, 0
;__Lib_Math.c, 338 :: 		BTFSC   math_main_global_Temp_2,0
0x0420	0xB00B      	BTFSC       R11, 0, 0
;__Lib_Math.c, 339 :: 		BRA     $+44 //$+22
0x0422	0xD015      	BRA         $+44
;__Lib_Math.c, 340 :: 		BTFSS   math_main_global_Sign,7
0x0424	0xAE0D      	BTFSS       R13, 7, 0
;__Lib_Math.c, 341 :: 		RETLW   0x00
0x0426	0x0C00      	RETLW       0
;__Lib_Math.c, 342 :: 		COMF    math_main_global_X_1, F
0x0428	0x1E00      	COMF        R0, 1, 0
;__Lib_Math.c, 343 :: 		INCF    math_main_global_X_1, F
0x042A	0x2A00      	INCF        R0, 1, 0
;__Lib_Math.c, 344 :: 		COMF    math_main_global_Remainder_1, F
0x042C	0x1E08      	COMF        R8, 1, 0
;__Lib_Math.c, 345 :: 		INCF    math_main_global_Remainder_1, F
0x042E	0x2A08      	INCF        R8, 1, 0
;__Lib_Math.c, 346 :: 		RETLW   0x00
0x0430	0x0C00      	RETLW       0
;__Lib_Math.c, 347 :: 		BTFSS   math_main_global_Y_1,7
0x0432	0xAE04      	BTFSS       R4, 7, 0
;__Lib_Math.c, 348 :: 		BRA     $+20 //$+10
0x0434	0xD009      	BRA         $+20
;__Lib_Math.c, 349 :: 		BTFSC   math_main_global_X_1,7
0x0436	0xBE00      	BTFSC       R0, 7, 0
;__Lib_Math.c, 350 :: 		BRA     $+10 //$+5
0x0438	0xD004      	BRA         $+10
;__Lib_Math.c, 351 :: 		MOVF    math_main_global_X_1,W
0x043A	0x5000      	MOVF        R0, 0, 0
;__Lib_Math.c, 352 :: 		MOVWF   math_main_global_Remainder_1
0x043C	0x6E08      	MOVWF       R8, 0
;__Lib_Math.c, 353 :: 		CLRF    math_main_global_X_1
0x043E	0x6A00      	CLRF        R0, 0
;__Lib_Math.c, 354 :: 		BRA     $-28 //$-14
0x0440	0xD7F1      	BRA         $-28
;__Lib_Math.c, 355 :: 		CLRF    math_main_global_X_1
0x0442	0x6A00      	CLRF        R0, 0
;__Lib_Math.c, 356 :: 		INCF    math_main_global_X_1,F
0x0444	0x2A00      	INCF        R0, 1, 0
;__Lib_Math.c, 357 :: 		RETLW   0x00
0x0446	0x0C00      	RETLW       0
;__Lib_Math.c, 358 :: 		COMF    math_main_global_X_1,F
0x0448	0x1E00      	COMF        R0, 1, 0
;__Lib_Math.c, 359 :: 		INCF    math_main_global_Temp_2,F
0x044A	0x2A0B      	INCF        R11, 1, 0
;__Lib_Math.c, 360 :: 		BRA     $-88 //$-44
0x044C	0xD7D3      	BRA         $-88
;__Lib_Math.c, 361 :: 		INCF    math_main_global_Remainder_1,F
0x044E	0x2A08      	INCF        R8, 1, 0
;__Lib_Math.c, 362 :: 		MOVF    math_main_global_Y_1,W
0x0450	0x5004      	MOVF        R4, 0, 0
;__Lib_Math.c, 363 :: 		SUBWF   math_main_global_Remainder_1,W
0x0452	0x5C08      	SUBWF       R8, 0, 0
;__Lib_Math.c, 364 :: 		BTFSS   STATUS,Z,0
0x0454	0xA4D8      	BTFSS       STATUS, 2, 0
;__Lib_Math.c, 365 :: 		BRA     $-50 //$-25
0x0456	0xD7E6      	BRA         $-50
;__Lib_Math.c, 366 :: 		CLRF    math_main_global_Remainder_1
0x0458	0x6A08      	CLRF        R8, 0
;__Lib_Math.c, 367 :: 		INCF    math_main_global_X_1,F
0x045A	0x2A00      	INCF        R0, 1, 0
;__Lib_Math.c, 368 :: 		BTFSS   math_main_global_X_1,7
0x045C	0xAE00      	BTFSS       R0, 7, 0
;__Lib_Math.c, 369 :: 		BRA     $-58 //$-29
0x045E	0xD7E2      	BRA         $-58
;__Lib_Math.c, 370 :: 		RETLW   0xFF
0x0460	0x0CFF      	RETLW       255
;__Lib_Math.c, 372 :: 		}
L_end_Div_8X8_S:
0x0462	0x0012      	RETURN      0
; end of _Div_8X8_S
_Div_16x16_S_L:
;__Lib_Math.c, 106 :: 		void Div_16x16_S_L()
;__Lib_Math.c, 109 :: 		RLCF   math_main_global_X_2,W
0x0464	0x3401      	RLCF        R1, 0, 0
;__Lib_Math.c, 110 :: 		RLCF   math_main_global_Remainder_1,F
0x0466	0x3608      	RLCF        R8, 1, 0
;__Lib_Math.c, 111 :: 		RLCF   math_main_global_Remainder_2,F
0x0468	0x3609      	RLCF        R9, 1, 0
;__Lib_Math.c, 112 :: 		MOVF   math_main_global_Y_1,W
0x046A	0x5004      	MOVF        R4, 0, 0
;__Lib_Math.c, 113 :: 		SUBWF  math_main_global_Remainder_1,F
0x046C	0x5E08      	SUBWF       R8, 1, 0
;__Lib_Math.c, 114 :: 		MOVF   math_main_global_Y_2,W
0x046E	0x5005      	MOVF        R5, 0, 0
;__Lib_Math.c, 115 :: 		BTFSS  STATUS,C,0
0x0470	0xA0D8      	BTFSS       STATUS, 0, 0
;__Lib_Math.c, 116 :: 		INCFSZ math_main_global_Y_2,W
0x0472	0x3C05      	INCFSZ      R5, 0, 0
;__Lib_Math.c, 117 :: 		SUBWF  math_main_global_Remainder_2,F
0x0474	0x5E09      	SUBWF       R9, 1, 0
;__Lib_Math.c, 118 :: 		RLCF   math_main_global_X_1,F
0x0476	0x3600      	RLCF        R0, 1, 0
;__Lib_Math.c, 119 :: 		RLCF   math_main_global_X_2,F
0x0478	0x3601      	RLCF        R1, 1, 0
;__Lib_Math.c, 121 :: 		MOVLW  15
0x047A	0x0E0F      	MOVLW       15
;__Lib_Math.c, 122 :: 		MOVWF  math_main_global_LoopCount
0x047C	0x6E0C      	MOVWF       R12, 0
;__Lib_Math.c, 124 :: 		RLCF   math_main_global_X_2,W
0x047E	0x3401      	RLCF        R1, 0, 0
;__Lib_Math.c, 125 :: 		RLCF   math_main_global_Remainder_1,F
0x0480	0x3608      	RLCF        R8, 1, 0
;__Lib_Math.c, 126 :: 		RLCF   math_main_global_Remainder_2,F
0x0482	0x3609      	RLCF        R9, 1, 0
;__Lib_Math.c, 127 :: 		MOVF   math_main_global_Y_1,W
0x0484	0x5004      	MOVF        R4, 0, 0
;__Lib_Math.c, 129 :: 		BTFSS  math_main_global_X_1,0
0x0486	0xA000      	BTFSS       R0, 0, 0
;__Lib_Math.c, 130 :: 		BRA   $+14 //$+7
0x0488	0xD006      	BRA         $+14
;__Lib_Math.c, 131 :: 		SUBWF  math_main_global_Remainder_1,F
0x048A	0x5E08      	SUBWF       R8, 1, 0
;__Lib_Math.c, 132 :: 		MOVF   math_main_global_Y_2,W
0x048C	0x5005      	MOVF        R5, 0, 0
;__Lib_Math.c, 133 :: 		BTFSS  STATUS,C,0
0x048E	0xA0D8      	BTFSS       STATUS, 0, 0
;__Lib_Math.c, 134 :: 		INCFSZ math_main_global_Y_2,W
0x0490	0x3C05      	INCFSZ      R5, 0, 0
;__Lib_Math.c, 135 :: 		SUBWF  math_main_global_Remainder_2,F
0x0492	0x5E09      	SUBWF       R9, 1, 0
;__Lib_Math.c, 136 :: 		BRA   $+12 //$+6
0x0494	0xD005      	BRA         $+12
;__Lib_Math.c, 138 :: 		ADDWF  math_main_global_Remainder_1,F
0x0496	0x2608      	ADDWF       R8, 1, 0
;__Lib_Math.c, 139 :: 		MOVF   math_main_global_Y_2,W
0x0498	0x5005      	MOVF        R5, 0, 0
;__Lib_Math.c, 140 :: 		BTFSC  STATUS,C,0
0x049A	0xB0D8      	BTFSC       STATUS, 0, 0
;__Lib_Math.c, 141 :: 		INCFSZ math_main_global_Y_2,W
0x049C	0x3C05      	INCFSZ      R5, 0, 0
;__Lib_Math.c, 142 :: 		ADDWF  math_main_global_Remainder_2,F
0x049E	0x2609      	ADDWF       R9, 1, 0
;__Lib_Math.c, 144 :: 		RLCF   math_main_global_X_1,F
0x04A0	0x3600      	RLCF        R0, 1, 0
;__Lib_Math.c, 145 :: 		RLCF   math_main_global_X_2,F
0x04A2	0x3601      	RLCF        R1, 1, 0
;__Lib_Math.c, 147 :: 		DECFSZ math_main_global_LoopCount,F
0x04A4	0x2E0C      	DECFSZ      R12, 1, 0
;__Lib_Math.c, 148 :: 		BRA   $-40 //$-20
0x04A6	0xD7EB      	BRA         $-40
;__Lib_Math.c, 150 :: 		BTFSC  math_main_global_X_1,0
0x04A8	0xB000      	BTFSC       R0, 0, 0
;__Lib_Math.c, 151 :: 		BRA   $+14 //$+7
0x04AA	0xD006      	BRA         $+14
;__Lib_Math.c, 152 :: 		MOVF   math_main_global_Y_1,W
0x04AC	0x5004      	MOVF        R4, 0, 0
;__Lib_Math.c, 153 :: 		ADDWF  math_main_global_Remainder_1,F
0x04AE	0x2608      	ADDWF       R8, 1, 0
;__Lib_Math.c, 154 :: 		MOVF   math_main_global_Y_2,W
0x04B0	0x5005      	MOVF        R5, 0, 0
;__Lib_Math.c, 155 :: 		BTFSC  STATUS,C,0
0x04B2	0xB0D8      	BTFSC       STATUS, 0, 0
;__Lib_Math.c, 156 :: 		INCFSZ math_main_global_Y_2,W
0x04B4	0x3C05      	INCFSZ      R5, 0, 0
;__Lib_Math.c, 157 :: 		ADDWF  math_main_global_Remainder_2,F
0x04B6	0x2609      	ADDWF       R9, 1, 0
;__Lib_Math.c, 158 :: 		NOP
0x04B8	0x0000      	NOP
;__Lib_Math.c, 166 :: 		* @result The quotient of the division.
L_end_Div_16x16_S_L:
0x04BA	0x0012      	RETURN      0
; end of _Div_16x16_S_L
_SETFDZ32:
;__Lib_MathDouble.c, 70 :: 		void SETFDZ32()
;__Lib_MathDouble.c, 73 :: 		CLRF      math_double_main_global_FPFLAGS
0x04BC	0x6A0B      	CLRF        R11, 0
;__Lib_MathDouble.c, 74 :: 		BSF       math_double_main_global_FPFLAGS,FDZ
0x04BE	0x860B      	BSF         R11, 3, 0
;__Lib_MathDouble.c, 75 :: 		MOVLW     0xFF
0x04C0	0x0EFF      	MOVLW       255
;__Lib_MathDouble.c, 80 :: 		* @brief Sets the sign bit in the final result.
L_end_SETFDZ32:
0x04C2	0x0012      	RETURN      0
; end of _SETFDZ32
_Add_32x32_FP:
;__Lib_MathDouble.c, 518 :: 		void Add_32x32_FP()
;__Lib_MathDouble.c, 521 :: 		FPA32:
;__Lib_MathDouble.c, 522 :: 		MOVF      math_double_main_global_XHi_2,W
0x04C4	0x5002      	MOVF        R2, 0, 0
;__Lib_MathDouble.c, 523 :: 		XORWF     math_double_main_global_YHi_2,W
0x04C6	0x1806      	XORWF       R6, 0, 0
;__Lib_MathDouble.c, 524 :: 		MOVWF     math_double_main_global_TEMPB0
0x04C8	0x6E0E      	MOVWF       R14, 0
;__Lib_MathDouble.c, 526 :: 		CLRF      math_double_main_global_XLo_1
0x04CA	0x6A08      	CLRF        R8, 0
;__Lib_MathDouble.c, 527 :: 		CLRF      math_double_main_global_YLo_1
0x04CC	0x6A09      	CLRF        R9, 0
;__Lib_MathDouble.c, 528 :: 		CLRF      math_double_main_global_FPFLAGS
0x04CE	0x6A0B      	CLRF        R11, 0
;__Lib_MathDouble.c, 530 :: 		MOVF      math_double_main_global_XExp,W
0x04D0	0x5003      	MOVF        R3, 0, 0
;__Lib_MathDouble.c, 531 :: 		CPFSGT    math_double_main_global_YExp
0x04D2	0x6407      	CPFSGT      R7, 0
;__Lib_MathDouble.c, 532 :: 		GOTO      USEA32
0x04D4	0xF003EF55  	GOTO        USEA32
;__Lib_MathDouble.c, 534 :: 		USEB32:
;__Lib_MathDouble.c, 535 :: 		MOVF      math_double_main_global_YHi_2,W
0x04D8	0x5006      	MOVF        R6, 0, 0
;__Lib_MathDouble.c, 536 :: 		MOVWF     math_double_main_global_Sign
0x04DA	0x6E0A      	MOVWF       R10, 0
;__Lib_MathDouble.c, 537 :: 		BSF       math_double_main_global_YHi_2,7
0x04DC	0x8E06      	BSF         R6, 7, 0
;__Lib_MathDouble.c, 538 :: 		BSF       math_double_main_global_XHi_2,7
0x04DE	0x8E02      	BSF         R2, 7, 0
;__Lib_MathDouble.c, 540 :: 		MOVF      math_double_main_global_XExp,W
0x04E0	0x5003      	MOVF        R3, 0, 0
;__Lib_MathDouble.c, 541 :: 		MOVWF     math_double_main_global_TEMPB1
0x04E2	0x6E0B      	MOVWF       R11, 0
;__Lib_MathDouble.c, 542 :: 		MOVF      math_double_main_global_YExp,W
0x04E4	0x5007      	MOVF        R7, 0, 0
;__Lib_MathDouble.c, 543 :: 		MOVWF     math_double_main_global_XExp
0x04E6	0x6E03      	MOVWF       R3, 0
;__Lib_MathDouble.c, 545 :: 		MOVLW     0x00
0x04E8	0x0E00      	MOVLW       0
;__Lib_MathDouble.c, 546 :: 		CPFSGT    math_double_main_global_TEMPB1
0x04EA	0x640B      	CPFSGT      R11, 0
;__Lib_MathDouble.c, 547 :: 		GOTO      BRETURN32
0x04EC	0xF002EFA5  	GOTO        BRETURN32
;__Lib_MathDouble.c, 548 :: 		MOVF      math_double_main_global_TEMPB1,W
0x04F0	0x500B      	MOVF        R11, 0, 0
;__Lib_MathDouble.c, 549 :: 		SUBWF     math_double_main_global_YExp,F
0x04F2	0x5E07      	SUBWF       R7, 1, 0
;__Lib_MathDouble.c, 550 :: 		BTFSC     STATUS,Z,0
0x04F4	0xB4D8      	BTFSC       STATUS, 2, 0
;__Lib_MathDouble.c, 551 :: 		GOTO      BLIGNED32
0x04F6	0xF003EF46  	GOTO        BLIGNED32
;__Lib_MathDouble.c, 553 :: 		MOVLW     7
0x04FA	0x0E07      	MOVLW       7
;__Lib_MathDouble.c, 554 :: 		CPFSGT    math_double_main_global_YExp
0x04FC	0x6407      	CPFSGT      R7, 0
;__Lib_MathDouble.c, 555 :: 		GOTO      BNIB32
0x04FE	0xF003EF14  	GOTO        BNIB32
;__Lib_MathDouble.c, 557 :: 		SUBWF     math_double_main_global_YExp,F
0x0502	0x5E07      	SUBWF       R7, 1, 0
;__Lib_MathDouble.c, 558 :: 		MOVFF     math_double_main_global_XLo_2,math_double_main_global_XLo_1
0x0504	0xF008C000  	MOVFF       R0, R8
;__Lib_MathDouble.c, 559 :: 		MOVFF     math_double_main_global_XHi_1,math_double_main_global_XLo_2
0x0508	0xF000C001  	MOVFF       R1, R0
;__Lib_MathDouble.c, 560 :: 		MOVFF     math_double_main_global_XHi_2,math_double_main_global_XHi_1
0x050C	0xF001C002  	MOVFF       R2, R1
;__Lib_MathDouble.c, 561 :: 		CLRF      math_double_main_global_XHi_2
0x0510	0x6A02      	CLRF        R2, 0
;__Lib_MathDouble.c, 562 :: 		DCFSNZ    math_double_main_global_YExp,F
0x0512	0x4E07      	DCFSNZ      R7, 1, 0
;__Lib_MathDouble.c, 563 :: 		GOTO      BLIGNED32
0x0514	0xF003EF46  	GOTO        BLIGNED32
;__Lib_MathDouble.c, 565 :: 		CPFSGT    math_double_main_global_YExp
0x0518	0x6407      	CPFSGT      R7, 0
;__Lib_MathDouble.c, 566 :: 		GOTO      BNIB32A
0x051A	0xF002EFE9  	GOTO        BNIB32A
;__Lib_MathDouble.c, 567 :: 		SUBWF     math_double_main_global_YExp,F
0x051E	0x5E07      	SUBWF       R7, 1, 0
;__Lib_MathDouble.c, 568 :: 		MOVFF     math_double_main_global_XLo_2,math_double_main_global_XLo_1
0x0520	0xF008C000  	MOVFF       R0, R8
;__Lib_MathDouble.c, 569 :: 		MOVFF     math_double_main_global_XHi_1,math_double_main_global_XLo_2
0x0524	0xF000C001  	MOVFF       R1, R0
;__Lib_MathDouble.c, 570 :: 		CLRF      math_double_main_global_XHi_1
0x0528	0x6A01      	CLRF        R1, 0
;__Lib_MathDouble.c, 571 :: 		DCFSNZ    math_double_main_global_YExp,F
0x052A	0x4E07      	DCFSNZ      R7, 1, 0
;__Lib_MathDouble.c, 572 :: 		GOTO      BLIGNED32
0x052C	0xF003EF46  	GOTO        BLIGNED32
;__Lib_MathDouble.c, 574 :: 		CPFSGT    math_double_main_global_YExp
0x0530	0x6407      	CPFSGT      R7, 0
;__Lib_MathDouble.c, 575 :: 		GOTO      BNIB32B
0x0532	0xF002EFC7  	GOTO        BNIB32B
;__Lib_MathDouble.c, 576 :: 		SUBWF     math_double_main_global_YExp,F
0x0536	0x5E07      	SUBWF       R7, 1, 0
;__Lib_MathDouble.c, 577 :: 		MOVFF     math_double_main_global_XLo_2,math_double_main_global_XLo_1
0x0538	0xF008C000  	MOVFF       R0, R8
;__Lib_MathDouble.c, 578 :: 		CLRF      math_double_main_global_XLo_2
0x053C	0x6A00      	CLRF        R0, 0
;__Lib_MathDouble.c, 579 :: 		DCFSNZ    math_double_main_global_YExp,F
0x053E	0x4E07      	DCFSNZ      R7, 1, 0
;__Lib_MathDouble.c, 580 :: 		GOTO      BLIGNED32
0x0540	0xF003EF46  	GOTO        BLIGNED32
;__Lib_MathDouble.c, 582 :: 		CPFSGT    math_double_main_global_YExp
0x0544	0x6407      	CPFSGT      R7, 0
;__Lib_MathDouble.c, 583 :: 		GOTO      BNIB32C
0x0546	0xF002EFAE  	GOTO        BNIB32C
;__Lib_MathDouble.c, 585 :: 		BRETURN32:
BRETURN32:
;__Lib_MathDouble.c, 586 :: 		MOVFF     math_double_main_global_Sign,math_double_main_global_XHi_2
0x054A	0xF002C00A  	MOVFF       R10, R2
;__Lib_MathDouble.c, 587 :: 		MOVFF     math_double_main_global_YHi_1,math_double_main_global_XHi_1
0x054E	0xF001C005  	MOVFF       R5, R1
;__Lib_MathDouble.c, 588 :: 		MOVFF     math_double_main_global_YLo_2,math_double_main_global_XLo_2
0x0552	0xF000C004  	MOVFF       R4, R0
;__Lib_MathDouble.c, 589 :: 		CLRF      math_double_main_global_XLo_1
0x0556	0x6A08      	CLRF        R8, 0
;__Lib_MathDouble.c, 590 :: 		GOTO      ADDEOK
0x0558	0xF004EF72  	GOTO        ADDEOK
;__Lib_MathDouble.c, 592 :: 		BNIB32C:
BNIB32C:
;__Lib_MathDouble.c, 593 :: 		MOVLW     3
0x055C	0x0E03      	MOVLW       3
;__Lib_MathDouble.c, 594 :: 		CPFSGT    math_double_main_global_YExp
0x055E	0x6407      	CPFSGT      R7, 0
;__Lib_MathDouble.c, 595 :: 		GOTO      BLOOP32C
0x0560	0xF002EFB9  	GOTO        BLOOP32C
;__Lib_MathDouble.c, 596 :: 		SUBWF     math_double_main_global_YExp,F
0x0564	0x5E07      	SUBWF       R7, 1, 0
;__Lib_MathDouble.c, 597 :: 		SWAPF     math_double_main_global_XLo_1,W
0x0566	0x3808      	SWAPF       R8, 0, 0
;__Lib_MathDouble.c, 598 :: 		ANDLW     0x0F
0x0568	0x0B0F      	ANDLW       15
;__Lib_MathDouble.c, 599 :: 		MOVWF     math_double_main_global_XLo_1
0x056A	0x6E08      	MOVWF       R8, 0
;__Lib_MathDouble.c, 600 :: 		DCFSNZ    math_double_main_global_YExp,F
0x056C	0x4E07      	DCFSNZ      R7, 1, 0
;__Lib_MathDouble.c, 601 :: 		GOTO      BLIGNED32
0x056E	0xF003EF46  	GOTO        BLIGNED32
;__Lib_MathDouble.c, 603 :: 		BLOOP32C:
BLOOP32C:
;__Lib_MathDouble.c, 604 :: 		BCF       STATUS,C,0
0x0572	0x90D8      	BCF         STATUS, 0, 0
;__Lib_MathDouble.c, 605 :: 		RRCF      math_double_main_global_XLo_1,F
0x0574	0x3208      	RRCF        R8, 1, 0
;__Lib_MathDouble.c, 606 :: 		DCFSNZ    math_double_main_global_YExp,F
0x0576	0x4E07      	DCFSNZ      R7, 1, 0
;__Lib_MathDouble.c, 607 :: 		GOTO      BLIGNED32
0x0578	0xF003EF46  	GOTO        BLIGNED32
;__Lib_MathDouble.c, 608 :: 		BCF       STATUS,C,0
0x057C	0x90D8      	BCF         STATUS, 0, 0
;__Lib_MathDouble.c, 609 :: 		RRCF      math_double_main_global_XLo_1,F
0x057E	0x3208      	RRCF        R8, 1, 0
;__Lib_MathDouble.c, 610 :: 		DCFSNZ    math_double_main_global_YExp,F
0x0580	0x4E07      	DCFSNZ      R7, 1, 0
;__Lib_MathDouble.c, 611 :: 		GOTO      BLIGNED32
0x0582	0xF003EF46  	GOTO        BLIGNED32
;__Lib_MathDouble.c, 612 :: 		BCF       STATUS,C,0
0x0586	0x90D8      	BCF         STATUS, 0, 0
;__Lib_MathDouble.c, 613 :: 		RRCF      math_double_main_global_XLo_1,F
0x0588	0x3208      	RRCF        R8, 1, 0
;__Lib_MathDouble.c, 614 :: 		GOTO      BLIGNED32
0x058A	0xF003EF46  	GOTO        BLIGNED32
;__Lib_MathDouble.c, 616 :: 		BNIB32B:
BNIB32B:
;__Lib_MathDouble.c, 617 :: 		MOVLW     3
0x058E	0x0E03      	MOVLW       3
;__Lib_MathDouble.c, 618 :: 		CPFSGT    math_double_main_global_YExp
0x0590	0x6407      	CPFSGT      R7, 0
;__Lib_MathDouble.c, 619 :: 		GOTO      BLOOP32B
0x0592	0xF002EFD8  	GOTO        BLOOP32B
;__Lib_MathDouble.c, 620 :: 		SUBWF     math_double_main_global_YExp,F
0x0596	0x5E07      	SUBWF       R7, 1, 0
;__Lib_MathDouble.c, 621 :: 		SWAPF     math_double_main_global_XLo_1,W
0x0598	0x3808      	SWAPF       R8, 0, 0
;__Lib_MathDouble.c, 622 :: 		ANDLW     0x0F
0x059A	0x0B0F      	ANDLW       15
;__Lib_MathDouble.c, 623 :: 		MOVWF     math_double_main_global_XLo_1
0x059C	0x6E08      	MOVWF       R8, 0
;__Lib_MathDouble.c, 624 :: 		SWAPF     math_double_main_global_XLo_2,W
0x059E	0x3800      	SWAPF       R0, 0, 0
;__Lib_MathDouble.c, 625 :: 		ANDLW     0xF0
0x05A0	0x0BF0      	ANDLW       240
;__Lib_MathDouble.c, 626 :: 		ADDWF     math_double_main_global_XLo_1,F
0x05A2	0x2608      	ADDWF       R8, 1, 0
;__Lib_MathDouble.c, 627 :: 		SWAPF     math_double_main_global_XLo_2,W
0x05A4	0x3800      	SWAPF       R0, 0, 0
;__Lib_MathDouble.c, 628 :: 		ANDLW     0x0F
0x05A6	0x0B0F      	ANDLW       15
;__Lib_MathDouble.c, 629 :: 		MOVWF     math_double_main_global_XLo_2
0x05A8	0x6E00      	MOVWF       R0, 0
;__Lib_MathDouble.c, 630 :: 		DCFSNZ    math_double_main_global_YExp,F
0x05AA	0x4E07      	DCFSNZ      R7, 1, 0
;__Lib_MathDouble.c, 631 :: 		GOTO      BLIGNED32
0x05AC	0xF003EF46  	GOTO        BLIGNED32
;__Lib_MathDouble.c, 633 :: 		BLOOP32B:
BLOOP32B:
;__Lib_MathDouble.c, 634 :: 		BCF       STATUS,C,0
0x05B0	0x90D8      	BCF         STATUS, 0, 0
;__Lib_MathDouble.c, 635 :: 		RRCF      math_double_main_global_XLo_2,F
0x05B2	0x3200      	RRCF        R0, 1, 0
;__Lib_MathDouble.c, 636 :: 		RRCF      math_double_main_global_XLo_1,F
0x05B4	0x3208      	RRCF        R8, 1, 0
;__Lib_MathDouble.c, 637 :: 		DCFSNZ    math_double_main_global_YExp,F
0x05B6	0x4E07      	DCFSNZ      R7, 1, 0
;__Lib_MathDouble.c, 638 :: 		GOTO      BLIGNED32
0x05B8	0xF003EF46  	GOTO        BLIGNED32
;__Lib_MathDouble.c, 639 :: 		BCF       STATUS,C,0
0x05BC	0x90D8      	BCF         STATUS, 0, 0
;__Lib_MathDouble.c, 640 :: 		RRCF      math_double_main_global_XLo_2,F
0x05BE	0x3200      	RRCF        R0, 1, 0
;__Lib_MathDouble.c, 641 :: 		RRCF      math_double_main_global_XLo_1,F
0x05C0	0x3208      	RRCF        R8, 1, 0
;__Lib_MathDouble.c, 642 :: 		DCFSNZ    math_double_main_global_YExp,F
0x05C2	0x4E07      	DCFSNZ      R7, 1, 0
;__Lib_MathDouble.c, 643 :: 		GOTO      BLIGNED32
0x05C4	0xF003EF46  	GOTO        BLIGNED32
;__Lib_MathDouble.c, 644 :: 		BCF       STATUS,C,0
0x05C8	0x90D8      	BCF         STATUS, 0, 0
;__Lib_MathDouble.c, 645 :: 		RRCF      math_double_main_global_XLo_2,F
0x05CA	0x3200      	RRCF        R0, 1, 0
;__Lib_MathDouble.c, 646 :: 		RRCF      math_double_main_global_XLo_1,F
0x05CC	0x3208      	RRCF        R8, 1, 0
;__Lib_MathDouble.c, 647 :: 		GOTO      BLIGNED32
0x05CE	0xF003EF46  	GOTO        BLIGNED32
;__Lib_MathDouble.c, 649 :: 		BNIB32A:
BNIB32A:
;__Lib_MathDouble.c, 650 :: 		MOVLW     3
0x05D2	0x0E03      	MOVLW       3
;__Lib_MathDouble.c, 651 :: 		CPFSGT    math_double_main_global_YExp
0x05D4	0x6407      	CPFSGT      R7, 0
;__Lib_MathDouble.c, 652 :: 		GOTO      BLOOP32A
0x05D6	0xF003EF00  	GOTO        BLOOP32A
;__Lib_MathDouble.c, 653 :: 		SUBWF     math_double_main_global_YExp,F
0x05DA	0x5E07      	SUBWF       R7, 1, 0
;__Lib_MathDouble.c, 654 :: 		SWAPF     math_double_main_global_XLo_1,W
0x05DC	0x3808      	SWAPF       R8, 0, 0
;__Lib_MathDouble.c, 655 :: 		ANDLW     0x0F
0x05DE	0x0B0F      	ANDLW       15
;__Lib_MathDouble.c, 656 :: 		MOVWF     math_double_main_global_XLo_1
0x05E0	0x6E08      	MOVWF       R8, 0
;__Lib_MathDouble.c, 657 :: 		SWAPF     math_double_main_global_XLo_2,W
0x05E2	0x3800      	SWAPF       R0, 0, 0
;__Lib_MathDouble.c, 658 :: 		ANDLW     0xF0
0x05E4	0x0BF0      	ANDLW       240
;__Lib_MathDouble.c, 659 :: 		ADDWF     math_double_main_global_XLo_1,F
0x05E6	0x2608      	ADDWF       R8, 1, 0
;__Lib_MathDouble.c, 660 :: 		SWAPF     math_double_main_global_XLo_2,W
0x05E8	0x3800      	SWAPF       R0, 0, 0
;__Lib_MathDouble.c, 661 :: 		ANDLW     0x0F
0x05EA	0x0B0F      	ANDLW       15
;__Lib_MathDouble.c, 662 :: 		MOVWF     math_double_main_global_XLo_2
0x05EC	0x6E00      	MOVWF       R0, 0
;__Lib_MathDouble.c, 663 :: 		SWAPF     math_double_main_global_XHi_1,W
0x05EE	0x3801      	SWAPF       R1, 0, 0
;__Lib_MathDouble.c, 664 :: 		ANDLW     0xF0
0x05F0	0x0BF0      	ANDLW       240
;__Lib_MathDouble.c, 665 :: 		ADDWF     math_double_main_global_XLo_2,F
0x05F2	0x2600      	ADDWF       R0, 1, 0
;__Lib_MathDouble.c, 666 :: 		SWAPF     math_double_main_global_XHi_1,W
0x05F4	0x3801      	SWAPF       R1, 0, 0
;__Lib_MathDouble.c, 667 :: 		ANDLW     0x0F
0x05F6	0x0B0F      	ANDLW       15
;__Lib_MathDouble.c, 668 :: 		MOVWF     math_double_main_global_XHi_1
0x05F8	0x6E01      	MOVWF       R1, 0
;__Lib_MathDouble.c, 669 :: 		DCFSNZ    math_double_main_global_YExp,F
0x05FA	0x4E07      	DCFSNZ      R7, 1, 0
;__Lib_MathDouble.c, 670 :: 		GOTO      BLIGNED32
0x05FC	0xF003EF46  	GOTO        BLIGNED32
;__Lib_MathDouble.c, 672 :: 		BLOOP32A:
BLOOP32A:
;__Lib_MathDouble.c, 673 :: 		BCF       STATUS,C,0
0x0600	0x90D8      	BCF         STATUS, 0, 0
;__Lib_MathDouble.c, 674 :: 		RRCF      math_double_main_global_XHi_1,F
0x0602	0x3201      	RRCF        R1, 1, 0
;__Lib_MathDouble.c, 675 :: 		RRCF      math_double_main_global_XLo_2,F
0x0604	0x3200      	RRCF        R0, 1, 0
;__Lib_MathDouble.c, 676 :: 		RRCF      math_double_main_global_XLo_1,F
0x0606	0x3208      	RRCF        R8, 1, 0
;__Lib_MathDouble.c, 677 :: 		DCFSNZ    math_double_main_global_YExp,F
0x0608	0x4E07      	DCFSNZ      R7, 1, 0
;__Lib_MathDouble.c, 678 :: 		GOTO      BLIGNED32
0x060A	0xF003EF46  	GOTO        BLIGNED32
;__Lib_MathDouble.c, 679 :: 		BCF       STATUS,C,0
0x060E	0x90D8      	BCF         STATUS, 0, 0
;__Lib_MathDouble.c, 680 :: 		RRCF      math_double_main_global_XHi_1,F
0x0610	0x3201      	RRCF        R1, 1, 0
;__Lib_MathDouble.c, 681 :: 		RRCF      math_double_main_global_XLo_2,F
0x0612	0x3200      	RRCF        R0, 1, 0
;__Lib_MathDouble.c, 682 :: 		RRCF      math_double_main_global_XLo_1,F
0x0614	0x3208      	RRCF        R8, 1, 0
;__Lib_MathDouble.c, 683 :: 		DCFSNZ    math_double_main_global_YExp,F
0x0616	0x4E07      	DCFSNZ      R7, 1, 0
;__Lib_MathDouble.c, 684 :: 		GOTO      BLIGNED32
0x0618	0xF003EF46  	GOTO        BLIGNED32
;__Lib_MathDouble.c, 685 :: 		BCF       STATUS,C,0
0x061C	0x90D8      	BCF         STATUS, 0, 0
;__Lib_MathDouble.c, 686 :: 		RRCF      math_double_main_global_XHi_1,F
0x061E	0x3201      	RRCF        R1, 1, 0
;__Lib_MathDouble.c, 687 :: 		RRCF      math_double_main_global_XLo_2,F
0x0620	0x3200      	RRCF        R0, 1, 0
;__Lib_MathDouble.c, 688 :: 		RRCF      math_double_main_global_XLo_1,F
0x0622	0x3208      	RRCF        R8, 1, 0
;__Lib_MathDouble.c, 689 :: 		GOTO      BLIGNED32
0x0624	0xF003EF46  	GOTO        BLIGNED32
;__Lib_MathDouble.c, 691 :: 		BNIB32:
BNIB32:
;__Lib_MathDouble.c, 692 :: 		MOVLW     3
0x0628	0x0E03      	MOVLW       3
;__Lib_MathDouble.c, 693 :: 		CPFSGT    math_double_main_global_YExp
0x062A	0x6407      	CPFSGT      R7, 0
;__Lib_MathDouble.c, 694 :: 		GOTO      BLOOP32
0x062C	0xF003EF31  	GOTO        BLOOP32
;__Lib_MathDouble.c, 695 :: 		SUBWF     math_double_main_global_YExp,F
0x0630	0x5E07      	SUBWF       R7, 1, 0
;__Lib_MathDouble.c, 696 :: 		SWAPF     math_double_main_global_XLo_1,W
0x0632	0x3808      	SWAPF       R8, 0, 0
;__Lib_MathDouble.c, 697 :: 		ANDLW     0x0F
0x0634	0x0B0F      	ANDLW       15
;__Lib_MathDouble.c, 698 :: 		MOVWF     math_double_main_global_XLo_1
0x0636	0x6E08      	MOVWF       R8, 0
;__Lib_MathDouble.c, 699 :: 		SWAPF     math_double_main_global_XLo_2,W
0x0638	0x3800      	SWAPF       R0, 0, 0
;__Lib_MathDouble.c, 700 :: 		ANDLW     0xF0
0x063A	0x0BF0      	ANDLW       240
;__Lib_MathDouble.c, 701 :: 		ADDWF     math_double_main_global_XLo_1,F
0x063C	0x2608      	ADDWF       R8, 1, 0
;__Lib_MathDouble.c, 702 :: 		SWAPF     math_double_main_global_XLo_2,W
0x063E	0x3800      	SWAPF       R0, 0, 0
;__Lib_MathDouble.c, 703 :: 		ANDLW     0x0F
0x0640	0x0B0F      	ANDLW       15
;__Lib_MathDouble.c, 704 :: 		MOVWF     math_double_main_global_XLo_2
0x0642	0x6E00      	MOVWF       R0, 0
;__Lib_MathDouble.c, 705 :: 		SWAPF     math_double_main_global_XHi_1,W
0x0644	0x3801      	SWAPF       R1, 0, 0
;__Lib_MathDouble.c, 706 :: 		ANDLW     0xF0
0x0646	0x0BF0      	ANDLW       240
;__Lib_MathDouble.c, 707 :: 		ADDWF     math_double_main_global_XLo_2,F
0x0648	0x2600      	ADDWF       R0, 1, 0
;__Lib_MathDouble.c, 708 :: 		SWAPF     math_double_main_global_XHi_1,W
0x064A	0x3801      	SWAPF       R1, 0, 0
;__Lib_MathDouble.c, 709 :: 		ANDLW     0x0F
0x064C	0x0B0F      	ANDLW       15
;__Lib_MathDouble.c, 710 :: 		MOVWF     math_double_main_global_XHi_1
0x064E	0x6E01      	MOVWF       R1, 0
;__Lib_MathDouble.c, 711 :: 		SWAPF     math_double_main_global_XHi_2,W
0x0650	0x3802      	SWAPF       R2, 0, 0
;__Lib_MathDouble.c, 712 :: 		ANDLW     0xF0
0x0652	0x0BF0      	ANDLW       240
;__Lib_MathDouble.c, 713 :: 		ADDWF     math_double_main_global_XHi_1,F
0x0654	0x2601      	ADDWF       R1, 1, 0
;__Lib_MathDouble.c, 714 :: 		SWAPF     math_double_main_global_XHi_2,W
0x0656	0x3802      	SWAPF       R2, 0, 0
;__Lib_MathDouble.c, 715 :: 		ANDLW     0x0F
0x0658	0x0B0F      	ANDLW       15
;__Lib_MathDouble.c, 716 :: 		MOVWF     math_double_main_global_XHi_2
0x065A	0x6E02      	MOVWF       R2, 0
;__Lib_MathDouble.c, 717 :: 		DCFSNZ    math_double_main_global_YExp,F
0x065C	0x4E07      	DCFSNZ      R7, 1, 0
;__Lib_MathDouble.c, 718 :: 		GOTO      BLIGNED32
0x065E	0xF003EF46  	GOTO        BLIGNED32
;__Lib_MathDouble.c, 720 :: 		BLOOP32:
BLOOP32:
;__Lib_MathDouble.c, 721 :: 		BCF       STATUS,C,0
0x0662	0x90D8      	BCF         STATUS, 0, 0
;__Lib_MathDouble.c, 722 :: 		RRCF      math_double_main_global_XHi_2,F
0x0664	0x3202      	RRCF        R2, 1, 0
;__Lib_MathDouble.c, 723 :: 		RRCF      math_double_main_global_XHi_1,F
0x0666	0x3201      	RRCF        R1, 1, 0
;__Lib_MathDouble.c, 724 :: 		RRCF      math_double_main_global_XLo_2,F
0x0668	0x3200      	RRCF        R0, 1, 0
;__Lib_MathDouble.c, 725 :: 		RRCF      math_double_main_global_XLo_1,F
0x066A	0x3208      	RRCF        R8, 1, 0
;__Lib_MathDouble.c, 726 :: 		DCFSNZ    math_double_main_global_YExp,F
0x066C	0x4E07      	DCFSNZ      R7, 1, 0
;__Lib_MathDouble.c, 727 :: 		GOTO      BLIGNED32
0x066E	0xF003EF46  	GOTO        BLIGNED32
;__Lib_MathDouble.c, 728 :: 		BCF       STATUS,C,0
0x0672	0x90D8      	BCF         STATUS, 0, 0
;__Lib_MathDouble.c, 729 :: 		RRCF      math_double_main_global_XHi_2,F
0x0674	0x3202      	RRCF        R2, 1, 0
;__Lib_MathDouble.c, 730 :: 		RRCF      math_double_main_global_XHi_1,F
0x0676	0x3201      	RRCF        R1, 1, 0
;__Lib_MathDouble.c, 731 :: 		RRCF      math_double_main_global_XLo_2,F
0x0678	0x3200      	RRCF        R0, 1, 0
;__Lib_MathDouble.c, 732 :: 		RRCF      math_double_main_global_XLo_1,F
0x067A	0x3208      	RRCF        R8, 1, 0
;__Lib_MathDouble.c, 733 :: 		DCFSNZ    math_double_main_global_YExp,F
0x067C	0x4E07      	DCFSNZ      R7, 1, 0
;__Lib_MathDouble.c, 734 :: 		GOTO      BLIGNED32
0x067E	0xF003EF46  	GOTO        BLIGNED32
;__Lib_MathDouble.c, 735 :: 		BCF       STATUS,C,0
0x0682	0x90D8      	BCF         STATUS, 0, 0
;__Lib_MathDouble.c, 736 :: 		RRCF      math_double_main_global_XHi_2,F
0x0684	0x3202      	RRCF        R2, 1, 0
;__Lib_MathDouble.c, 737 :: 		RRCF      math_double_main_global_XHi_1,F
0x0686	0x3201      	RRCF        R1, 1, 0
;__Lib_MathDouble.c, 738 :: 		RRCF      math_double_main_global_XLo_2,F
0x0688	0x3200      	RRCF        R0, 1, 0
;__Lib_MathDouble.c, 739 :: 		RRCF      math_double_main_global_XLo_1,F
0x068A	0x3208      	RRCF        R8, 1, 0
;__Lib_MathDouble.c, 741 :: 		BLIGNED32:
BLIGNED32:
;__Lib_MathDouble.c, 742 :: 		CLRF      math_double_main_global_YLo_1
0x068C	0x6A09      	CLRF        R9, 0
;__Lib_MathDouble.c, 743 :: 		MOVLW     0x00
0x068E	0x0E00      	MOVLW       0
;__Lib_MathDouble.c, 744 :: 		BTFSS     math_double_main_global_TEMPB0,7
0x0690	0xAE0E      	BTFSS       R14, 7, 0
;__Lib_MathDouble.c, 745 :: 		GOTO      AOK32
0x0692	0xF004EF3A  	GOTO        AOK32
;__Lib_MathDouble.c, 746 :: 		COMF      math_double_main_global_XLo_1,F
0x0696	0x1E08      	COMF        R8, 1, 0
;__Lib_MathDouble.c, 747 :: 		COMF      math_double_main_global_XLo_2,F
0x0698	0x1E00      	COMF        R0, 1, 0
;__Lib_MathDouble.c, 748 :: 		COMF      math_double_main_global_XHi_1,F
0x069A	0x1E01      	COMF        R1, 1, 0
;__Lib_MathDouble.c, 749 :: 		COMF      math_double_main_global_XHi_2,F
0x069C	0x1E02      	COMF        R2, 1, 0
;__Lib_MathDouble.c, 750 :: 		INCF      math_double_main_global_XLo_1,F
0x069E	0x2A08      	INCF        R8, 1, 0
;__Lib_MathDouble.c, 751 :: 		ADDWFC    math_double_main_global_XLo_2,F
0x06A0	0x2200      	ADDWFC      R0, 1, 0
;__Lib_MathDouble.c, 752 :: 		ADDWFC    math_double_main_global_XHi_1,F
0x06A2	0x2201      	ADDWFC      R1, 1, 0
;__Lib_MathDouble.c, 753 :: 		ADDWFC    math_double_main_global_XHi_2,F
0x06A4	0x2202      	ADDWFC      R2, 1, 0
;__Lib_MathDouble.c, 754 :: 		GOTO      AOK32
0x06A6	0xF004EF3A  	GOTO        AOK32
;__Lib_MathDouble.c, 756 :: 		USEA32:
USEA32:
;__Lib_MathDouble.c, 757 :: 		MOVF      math_double_main_global_YExp,W
0x06AA	0x5007      	MOVF        R7, 0, 0
;__Lib_MathDouble.c, 758 :: 		BTFSS     STATUS,Z,0
0x06AC	0xA4D8      	BTFSS       STATUS, 2, 0
;__Lib_MathDouble.c, 759 :: 		GOTO      BNE032
0x06AE	0xF003EF5B  	GOTO        BNE032
;__Lib_MathDouble.c, 760 :: 		GOTO      ADDEOK
0x06B2	0xF004EF72  	GOTO        ADDEOK
;__Lib_MathDouble.c, 762 :: 		BNE032:
BNE032:
;__Lib_MathDouble.c, 763 :: 		CLRF      math_double_main_global_YLo_1
0x06B6	0x6A09      	CLRF        R9, 0
;__Lib_MathDouble.c, 764 :: 		MOVFF     math_double_main_global_XHi_2,math_double_main_global_Sign
0x06B8	0xF00AC002  	MOVFF       R2, R10
;__Lib_MathDouble.c, 765 :: 		BSF       math_double_main_global_XHi_2,7
0x06BC	0x8E02      	BSF         R2, 7, 0
;__Lib_MathDouble.c, 766 :: 		BSF       math_double_main_global_YHi_2,7
0x06BE	0x8E06      	BSF         R6, 7, 0
;__Lib_MathDouble.c, 768 :: 		MOVF      math_double_main_global_YExp,W
0x06C0	0x5007      	MOVF        R7, 0, 0
;__Lib_MathDouble.c, 769 :: 		SUBWF     math_double_main_global_XExp,W
0x06C2	0x5C03      	SUBWF       R3, 0, 0
;__Lib_MathDouble.c, 770 :: 		MOVWF     math_double_main_global_YExp
0x06C4	0x6E07      	MOVWF       R7, 0
;__Lib_MathDouble.c, 771 :: 		BTFSC     STATUS,Z,0
0x06C6	0xB4D8      	BTFSC       STATUS, 2, 0
;__Lib_MathDouble.c, 772 :: 		GOTO      ALIGNED32
0x06C8	0xF004EF2D  	GOTO        ALIGNED32
;__Lib_MathDouble.c, 774 :: 		MOVLW     7
0x06CC	0x0E07      	MOVLW       7
;__Lib_MathDouble.c, 775 :: 		CPFSGT    math_double_main_global_YExp
0x06CE	0x6407      	CPFSGT      R7, 0
;__Lib_MathDouble.c, 776 :: 		GOTO      ANIB32
0x06D0	0xF003EFFB  	GOTO        ANIB32
;__Lib_MathDouble.c, 777 :: 		SUBWF     math_double_main_global_YExp,F
0x06D4	0x5E07      	SUBWF       R7, 1, 0
;__Lib_MathDouble.c, 778 :: 		MOVF      math_double_main_global_YLo_2,W
0x06D6	0x5004      	MOVF        R4, 0, 0
;__Lib_MathDouble.c, 779 :: 		MOVWF     math_double_main_global_YLo_1
0x06D8	0x6E09      	MOVWF       R9, 0
;__Lib_MathDouble.c, 780 :: 		MOVF      math_double_main_global_YHi_1,W
0x06DA	0x5005      	MOVF        R5, 0, 0
;__Lib_MathDouble.c, 781 :: 		MOVWF     math_double_main_global_YLo_2
0x06DC	0x6E04      	MOVWF       R4, 0
;__Lib_MathDouble.c, 782 :: 		MOVF      math_double_main_global_YHi_2,W
0x06DE	0x5006      	MOVF        R6, 0, 0
;__Lib_MathDouble.c, 783 :: 		MOVWF     math_double_main_global_YHi_1
0x06E0	0x6E05      	MOVWF       R5, 0
;__Lib_MathDouble.c, 784 :: 		CLRF      math_double_main_global_YHi_2
0x06E2	0x6A06      	CLRF        R6, 0
;__Lib_MathDouble.c, 785 :: 		DCFSNZ    math_double_main_global_YExp,F
0x06E4	0x4E07      	DCFSNZ      R7, 1, 0
;__Lib_MathDouble.c, 786 :: 		GOTO      ALIGNED32
0x06E6	0xF004EF2D  	GOTO        ALIGNED32
;__Lib_MathDouble.c, 788 :: 		MOVLW     7
0x06EA	0x0E07      	MOVLW       7
;__Lib_MathDouble.c, 789 :: 		CPFSGT    math_double_main_global_YExp
0x06EC	0x6407      	CPFSGT      R7, 0
;__Lib_MathDouble.c, 790 :: 		GOTO      ANIB32A
0x06EE	0xF003EFD0  	GOTO        ANIB32A
;__Lib_MathDouble.c, 791 :: 		SUBWF     math_double_main_global_YExp,F
0x06F2	0x5E07      	SUBWF       R7, 1, 0
;__Lib_MathDouble.c, 792 :: 		MOVF      math_double_main_global_YLo_2,W
0x06F4	0x5004      	MOVF        R4, 0, 0
;__Lib_MathDouble.c, 793 :: 		MOVWF     math_double_main_global_YLo_1
0x06F6	0x6E09      	MOVWF       R9, 0
;__Lib_MathDouble.c, 794 :: 		MOVF      math_double_main_global_YHi_1,W
0x06F8	0x5005      	MOVF        R5, 0, 0
;__Lib_MathDouble.c, 795 :: 		MOVWF     math_double_main_global_YLo_2
0x06FA	0x6E04      	MOVWF       R4, 0
;__Lib_MathDouble.c, 796 :: 		CLRF      math_double_main_global_YHi_1
0x06FC	0x6A05      	CLRF        R5, 0
;__Lib_MathDouble.c, 797 :: 		DCFSNZ    math_double_main_global_YExp,F
0x06FE	0x4E07      	DCFSNZ      R7, 1, 0
;__Lib_MathDouble.c, 798 :: 		GOTO      ALIGNED32
0x0700	0xF004EF2D  	GOTO        ALIGNED32
;__Lib_MathDouble.c, 800 :: 		MOVLW     7
0x0704	0x0E07      	MOVLW       7
;__Lib_MathDouble.c, 801 :: 		CPFSGT    math_double_main_global_YExp
0x0706	0x6407      	CPFSGT      R7, 0
;__Lib_MathDouble.c, 802 :: 		GOTO      ANIB32B
0x0708	0xF003EFAE  	GOTO        ANIB32B
;__Lib_MathDouble.c, 803 :: 		SUBWF     math_double_main_global_YExp,F
0x070C	0x5E07      	SUBWF       R7, 1, 0
;__Lib_MathDouble.c, 804 :: 		MOVF      math_double_main_global_YLo_2,W
0x070E	0x5004      	MOVF        R4, 0, 0
;__Lib_MathDouble.c, 805 :: 		MOVWF     math_double_main_global_YLo_1
0x0710	0x6E09      	MOVWF       R9, 0
;__Lib_MathDouble.c, 806 :: 		CLRF      math_double_main_global_YLo_2
0x0712	0x6A04      	CLRF        R4, 0
;__Lib_MathDouble.c, 807 :: 		DCFSNZ    math_double_main_global_YExp,F
0x0714	0x4E07      	DCFSNZ      R7, 1, 0
;__Lib_MathDouble.c, 808 :: 		GOTO      ALIGNED32
0x0716	0xF004EF2D  	GOTO        ALIGNED32
;__Lib_MathDouble.c, 810 :: 		MOVLW     7
0x071A	0x0E07      	MOVLW       7
;__Lib_MathDouble.c, 811 :: 		CPFSGT    math_double_main_global_YExp
0x071C	0x6407      	CPFSGT      R7, 0
;__Lib_MathDouble.c, 812 :: 		GOTO      ANIB32C
0x071E	0xF003EF95  	GOTO        ANIB32C
;__Lib_MathDouble.c, 814 :: 		MOVFF     math_double_main_global_Sign, math_double_main_global_XHi_2
0x0722	0xF002C00A  	MOVFF       R10, R2
;__Lib_MathDouble.c, 815 :: 		GOTO      ADDEOK
0x0726	0xF004EF72  	GOTO        ADDEOK
;__Lib_MathDouble.c, 817 :: 		ANIB32C:
ANIB32C:
;__Lib_MathDouble.c, 818 :: 		MOVLW     3
0x072A	0x0E03      	MOVLW       3
;__Lib_MathDouble.c, 819 :: 		CPFSGT    math_double_main_global_YExp
0x072C	0x6407      	CPFSGT      R7, 0
;__Lib_MathDouble.c, 820 :: 		GOTO      ALOOP32C
0x072E	0xF003EFA0  	GOTO        ALOOP32C
;__Lib_MathDouble.c, 821 :: 		SUBWF     math_double_main_global_YExp,F
0x0732	0x5E07      	SUBWF       R7, 1, 0
;__Lib_MathDouble.c, 822 :: 		SWAPF     math_double_main_global_YLo_1,W
0x0734	0x3809      	SWAPF       R9, 0, 0
;__Lib_MathDouble.c, 823 :: 		ANDLW     0x0F
0x0736	0x0B0F      	ANDLW       15
;__Lib_MathDouble.c, 824 :: 		MOVWF     math_double_main_global_YLo_1
0x0738	0x6E09      	MOVWF       R9, 0
;__Lib_MathDouble.c, 825 :: 		DCFSNZ    math_double_main_global_YExp,F
0x073A	0x4E07      	DCFSNZ      R7, 1, 0
;__Lib_MathDouble.c, 826 :: 		GOTO      ALIGNED32
0x073C	0xF004EF2D  	GOTO        ALIGNED32
;__Lib_MathDouble.c, 828 :: 		ALOOP32C:
ALOOP32C:
;__Lib_MathDouble.c, 829 :: 		BCF       STATUS,C,0
0x0740	0x90D8      	BCF         STATUS, 0, 0
;__Lib_MathDouble.c, 830 :: 		RRCF      math_double_main_global_YLo_1,F
0x0742	0x3209      	RRCF        R9, 1, 0
;__Lib_MathDouble.c, 831 :: 		DCFSNZ    math_double_main_global_YExp,F
0x0744	0x4E07      	DCFSNZ      R7, 1, 0
;__Lib_MathDouble.c, 832 :: 		GOTO      ALIGNED32
0x0746	0xF004EF2D  	GOTO        ALIGNED32
;__Lib_MathDouble.c, 833 :: 		BCF       STATUS,C,0
0x074A	0x90D8      	BCF         STATUS, 0, 0
;__Lib_MathDouble.c, 834 :: 		RRCF      math_double_main_global_YLo_1,F
0x074C	0x3209      	RRCF        R9, 1, 0
;__Lib_MathDouble.c, 835 :: 		DCFSNZ    math_double_main_global_YExp,F
0x074E	0x4E07      	DCFSNZ      R7, 1, 0
;__Lib_MathDouble.c, 836 :: 		GOTO      ALIGNED32
0x0750	0xF004EF2D  	GOTO        ALIGNED32
;__Lib_MathDouble.c, 837 :: 		BCF       STATUS,C,0
0x0754	0x90D8      	BCF         STATUS, 0, 0
;__Lib_MathDouble.c, 838 :: 		RRCF      math_double_main_global_YLo_1,F
0x0756	0x3209      	RRCF        R9, 1, 0
;__Lib_MathDouble.c, 839 :: 		GOTO      ALIGNED32
0x0758	0xF004EF2D  	GOTO        ALIGNED32
;__Lib_MathDouble.c, 841 :: 		ANIB32B:
ANIB32B:
;__Lib_MathDouble.c, 842 :: 		MOVLW     3
0x075C	0x0E03      	MOVLW       3
;__Lib_MathDouble.c, 843 :: 		CPFSGT    math_double_main_global_YExp
0x075E	0x6407      	CPFSGT      R7, 0
;__Lib_MathDouble.c, 844 :: 		GOTO      ALOOP32B
0x0760	0xF003EFBF  	GOTO        ALOOP32B
;__Lib_MathDouble.c, 845 :: 		SUBWF     math_double_main_global_YExp,F
0x0764	0x5E07      	SUBWF       R7, 1, 0
;__Lib_MathDouble.c, 846 :: 		SWAPF     math_double_main_global_YLo_1,W
0x0766	0x3809      	SWAPF       R9, 0, 0
;__Lib_MathDouble.c, 847 :: 		ANDLW     0x0F
0x0768	0x0B0F      	ANDLW       15
;__Lib_MathDouble.c, 848 :: 		MOVWF     math_double_main_global_YLo_1
0x076A	0x6E09      	MOVWF       R9, 0
;__Lib_MathDouble.c, 849 :: 		SWAPF     math_double_main_global_YLo_2,W
0x076C	0x3804      	SWAPF       R4, 0, 0
;__Lib_MathDouble.c, 850 :: 		ANDLW     0xF0
0x076E	0x0BF0      	ANDLW       240
;__Lib_MathDouble.c, 851 :: 		ADDWF     math_double_main_global_YLo_1,F
0x0770	0x2609      	ADDWF       R9, 1, 0
;__Lib_MathDouble.c, 852 :: 		SWAPF     math_double_main_global_YLo_2,W
0x0772	0x3804      	SWAPF       R4, 0, 0
;__Lib_MathDouble.c, 853 :: 		ANDLW     0x0F
0x0774	0x0B0F      	ANDLW       15
;__Lib_MathDouble.c, 854 :: 		MOVWF     math_double_main_global_YLo_2
0x0776	0x6E04      	MOVWF       R4, 0
;__Lib_MathDouble.c, 855 :: 		DCFSNZ    math_double_main_global_YExp,F
0x0778	0x4E07      	DCFSNZ      R7, 1, 0
;__Lib_MathDouble.c, 856 :: 		GOTO      ALIGNED32
0x077A	0xF004EF2D  	GOTO        ALIGNED32
;__Lib_MathDouble.c, 858 :: 		ALOOP32B:
ALOOP32B:
;__Lib_MathDouble.c, 859 :: 		BCF       STATUS,C,0
0x077E	0x90D8      	BCF         STATUS, 0, 0
;__Lib_MathDouble.c, 860 :: 		RRCF      math_double_main_global_YLo_2,F
0x0780	0x3204      	RRCF        R4, 1, 0
;__Lib_MathDouble.c, 861 :: 		RRCF      math_double_main_global_YLo_1,F
0x0782	0x3209      	RRCF        R9, 1, 0
;__Lib_MathDouble.c, 862 :: 		DCFSNZ    math_double_main_global_YExp,F
0x0784	0x4E07      	DCFSNZ      R7, 1, 0
;__Lib_MathDouble.c, 863 :: 		GOTO      ALIGNED32
0x0786	0xF004EF2D  	GOTO        ALIGNED32
;__Lib_MathDouble.c, 864 :: 		BCF       STATUS,C,0
0x078A	0x90D8      	BCF         STATUS, 0, 0
;__Lib_MathDouble.c, 865 :: 		RRCF      math_double_main_global_YLo_2,F
0x078C	0x3204      	RRCF        R4, 1, 0
;__Lib_MathDouble.c, 866 :: 		RRCF      math_double_main_global_YLo_1,F
0x078E	0x3209      	RRCF        R9, 1, 0
;__Lib_MathDouble.c, 867 :: 		DCFSNZ    math_double_main_global_YExp,F
0x0790	0x4E07      	DCFSNZ      R7, 1, 0
;__Lib_MathDouble.c, 868 :: 		GOTO      ALIGNED32
0x0792	0xF004EF2D  	GOTO        ALIGNED32
;__Lib_MathDouble.c, 869 :: 		BCF       STATUS,C,0
0x0796	0x90D8      	BCF         STATUS, 0, 0
;__Lib_MathDouble.c, 870 :: 		RRCF      math_double_main_global_YLo_2,F
0x0798	0x3204      	RRCF        R4, 1, 0
;__Lib_MathDouble.c, 871 :: 		RRCF      math_double_main_global_YLo_1,F
0x079A	0x3209      	RRCF        R9, 1, 0
;__Lib_MathDouble.c, 872 :: 		GOTO      ALIGNED32
0x079C	0xF004EF2D  	GOTO        ALIGNED32
;__Lib_MathDouble.c, 874 :: 		ANIB32A:
ANIB32A:
;__Lib_MathDouble.c, 875 :: 		MOVLW     3
0x07A0	0x0E03      	MOVLW       3
;__Lib_MathDouble.c, 876 :: 		CPFSGT    math_double_main_global_YExp
0x07A2	0x6407      	CPFSGT      R7, 0
;__Lib_MathDouble.c, 877 :: 		GOTO      ALOOP32A
0x07A4	0xF003EFE7  	GOTO        ALOOP32A
;__Lib_MathDouble.c, 878 :: 		SUBWF     math_double_main_global_YExp,F
0x07A8	0x5E07      	SUBWF       R7, 1, 0
;__Lib_MathDouble.c, 879 :: 		SWAPF     math_double_main_global_YLo_1,W
0x07AA	0x3809      	SWAPF       R9, 0, 0
;__Lib_MathDouble.c, 880 :: 		ANDLW     0x0F
0x07AC	0x0B0F      	ANDLW       15
;__Lib_MathDouble.c, 881 :: 		MOVWF     math_double_main_global_YLo_1
0x07AE	0x6E09      	MOVWF       R9, 0
;__Lib_MathDouble.c, 882 :: 		SWAPF     math_double_main_global_YLo_2,W
0x07B0	0x3804      	SWAPF       R4, 0, 0
;__Lib_MathDouble.c, 883 :: 		ANDLW     0xF0
0x07B2	0x0BF0      	ANDLW       240
;__Lib_MathDouble.c, 884 :: 		ADDWF     math_double_main_global_YLo_1,F
0x07B4	0x2609      	ADDWF       R9, 1, 0
;__Lib_MathDouble.c, 885 :: 		SWAPF     math_double_main_global_YLo_2,W
0x07B6	0x3804      	SWAPF       R4, 0, 0
;__Lib_MathDouble.c, 886 :: 		ANDLW     0x0F
0x07B8	0x0B0F      	ANDLW       15
;__Lib_MathDouble.c, 887 :: 		MOVWF     math_double_main_global_YLo_2
0x07BA	0x6E04      	MOVWF       R4, 0
;__Lib_MathDouble.c, 888 :: 		SWAPF     math_double_main_global_YHi_1,W
0x07BC	0x3805      	SWAPF       R5, 0, 0
;__Lib_MathDouble.c, 889 :: 		ANDLW     0xF0
0x07BE	0x0BF0      	ANDLW       240
;__Lib_MathDouble.c, 890 :: 		ADDWF     math_double_main_global_YLo_2,F
0x07C0	0x2604      	ADDWF       R4, 1, 0
;__Lib_MathDouble.c, 891 :: 		SWAPF     math_double_main_global_YHi_1,W
0x07C2	0x3805      	SWAPF       R5, 0, 0
;__Lib_MathDouble.c, 892 :: 		ANDLW     0x0F
0x07C4	0x0B0F      	ANDLW       15
;__Lib_MathDouble.c, 893 :: 		MOVWF     math_double_main_global_YHi_1
0x07C6	0x6E05      	MOVWF       R5, 0
;__Lib_MathDouble.c, 894 :: 		DCFSNZ    math_double_main_global_YExp,F
0x07C8	0x4E07      	DCFSNZ      R7, 1, 0
;__Lib_MathDouble.c, 895 :: 		GOTO      ALIGNED32
0x07CA	0xF004EF2D  	GOTO        ALIGNED32
;__Lib_MathDouble.c, 897 :: 		ALOOP32A:
ALOOP32A:
;__Lib_MathDouble.c, 898 :: 		BCF       STATUS,C,0
0x07CE	0x90D8      	BCF         STATUS, 0, 0
;__Lib_MathDouble.c, 899 :: 		RRCF      math_double_main_global_YHi_1,F
0x07D0	0x3205      	RRCF        R5, 1, 0
;__Lib_MathDouble.c, 900 :: 		RRCF      math_double_main_global_YLo_2,F
0x07D2	0x3204      	RRCF        R4, 1, 0
;__Lib_MathDouble.c, 901 :: 		RRCF      math_double_main_global_YLo_1,F
0x07D4	0x3209      	RRCF        R9, 1, 0
;__Lib_MathDouble.c, 902 :: 		DCFSNZ    math_double_main_global_YExp,F
0x07D6	0x4E07      	DCFSNZ      R7, 1, 0
;__Lib_MathDouble.c, 903 :: 		GOTO      ALIGNED32
0x07D8	0xF004EF2D  	GOTO        ALIGNED32
;__Lib_MathDouble.c, 904 :: 		BCF       STATUS,C,0
0x07DC	0x90D8      	BCF         STATUS, 0, 0
;__Lib_MathDouble.c, 905 :: 		RRCF      math_double_main_global_YHi_1,F
0x07DE	0x3205      	RRCF        R5, 1, 0
;__Lib_MathDouble.c, 906 :: 		RRCF      math_double_main_global_YLo_2,F
0x07E0	0x3204      	RRCF        R4, 1, 0
;__Lib_MathDouble.c, 907 :: 		RRCF      math_double_main_global_YLo_1,F
0x07E2	0x3209      	RRCF        R9, 1, 0
;__Lib_MathDouble.c, 908 :: 		DCFSNZ    math_double_main_global_YExp,F
0x07E4	0x4E07      	DCFSNZ      R7, 1, 0
;__Lib_MathDouble.c, 909 :: 		GOTO      ALIGNED32
0x07E6	0xF004EF2D  	GOTO        ALIGNED32
;__Lib_MathDouble.c, 910 :: 		BCF       STATUS,C,0
0x07EA	0x90D8      	BCF         STATUS, 0, 0
;__Lib_MathDouble.c, 911 :: 		RRCF      math_double_main_global_YHi_1,F
0x07EC	0x3205      	RRCF        R5, 1, 0
;__Lib_MathDouble.c, 912 :: 		RRCF      math_double_main_global_YLo_2,F
0x07EE	0x3204      	RRCF        R4, 1, 0
;__Lib_MathDouble.c, 913 :: 		RRCF      math_double_main_global_YLo_1,F
0x07F0	0x3209      	RRCF        R9, 1, 0
;__Lib_MathDouble.c, 914 :: 		GOTO      ALIGNED32
0x07F2	0xF004EF2D  	GOTO        ALIGNED32
;__Lib_MathDouble.c, 916 :: 		ANIB32:
ANIB32:
;__Lib_MathDouble.c, 917 :: 		MOVLW     3
0x07F6	0x0E03      	MOVLW       3
;__Lib_MathDouble.c, 918 :: 		CPFSGT    math_double_main_global_YExp
0x07F8	0x6407      	CPFSGT      R7, 0
;__Lib_MathDouble.c, 919 :: 		GOTO      ALOOP32
0x07FA	0xF004EF18  	GOTO        ALOOP32
;__Lib_MathDouble.c, 920 :: 		SUBWF     math_double_main_global_YExp,F
0x07FE	0x5E07      	SUBWF       R7, 1, 0
;__Lib_MathDouble.c, 921 :: 		SWAPF     math_double_main_global_YLo_1,W
0x0800	0x3809      	SWAPF       R9, 0, 0
;__Lib_MathDouble.c, 922 :: 		ANDLW     0x0F
0x0802	0x0B0F      	ANDLW       15
;__Lib_MathDouble.c, 923 :: 		MOVWF     math_double_main_global_YLo_1
0x0804	0x6E09      	MOVWF       R9, 0
;__Lib_MathDouble.c, 924 :: 		SWAPF     math_double_main_global_YLo_2,W
0x0806	0x3804      	SWAPF       R4, 0, 0
;__Lib_MathDouble.c, 925 :: 		ANDLW     0xF0
0x0808	0x0BF0      	ANDLW       240
;__Lib_MathDouble.c, 926 :: 		ADDWF     math_double_main_global_YLo_1,F
0x080A	0x2609      	ADDWF       R9, 1, 0
;__Lib_MathDouble.c, 927 :: 		SWAPF     math_double_main_global_YLo_2,W
0x080C	0x3804      	SWAPF       R4, 0, 0
;__Lib_MathDouble.c, 928 :: 		ANDLW     0x0F
0x080E	0x0B0F      	ANDLW       15
;__Lib_MathDouble.c, 929 :: 		MOVWF     math_double_main_global_YLo_2
0x0810	0x6E04      	MOVWF       R4, 0
;__Lib_MathDouble.c, 930 :: 		SWAPF     math_double_main_global_YHi_1,W
0x0812	0x3805      	SWAPF       R5, 0, 0
;__Lib_MathDouble.c, 931 :: 		ANDLW     0xF0
0x0814	0x0BF0      	ANDLW       240
;__Lib_MathDouble.c, 932 :: 		ADDWF     math_double_main_global_YLo_2,F
0x0816	0x2604      	ADDWF       R4, 1, 0
;__Lib_MathDouble.c, 933 :: 		SWAPF     math_double_main_global_YHi_1,W
0x0818	0x3805      	SWAPF       R5, 0, 0
;__Lib_MathDouble.c, 934 :: 		ANDLW     0x0F
0x081A	0x0B0F      	ANDLW       15
;__Lib_MathDouble.c, 935 :: 		MOVWF     math_double_main_global_YHi_1
0x081C	0x6E05      	MOVWF       R5, 0
;__Lib_MathDouble.c, 936 :: 		SWAPF     math_double_main_global_YHi_2,W
0x081E	0x3806      	SWAPF       R6, 0, 0
;__Lib_MathDouble.c, 937 :: 		ANDLW     0xF0
0x0820	0x0BF0      	ANDLW       240
;__Lib_MathDouble.c, 938 :: 		ADDWF     math_double_main_global_YHi_1,F
0x0822	0x2605      	ADDWF       R5, 1, 0
;__Lib_MathDouble.c, 939 :: 		SWAPF     math_double_main_global_YHi_2,W
0x0824	0x3806      	SWAPF       R6, 0, 0
;__Lib_MathDouble.c, 940 :: 		ANDLW     0x0F
0x0826	0x0B0F      	ANDLW       15
;__Lib_MathDouble.c, 941 :: 		MOVWF     math_double_main_global_YHi_2
0x0828	0x6E06      	MOVWF       R6, 0
;__Lib_MathDouble.c, 942 :: 		DCFSNZ    math_double_main_global_YExp,F
0x082A	0x4E07      	DCFSNZ      R7, 1, 0
;__Lib_MathDouble.c, 943 :: 		GOTO      ALIGNED32
0x082C	0xF004EF2D  	GOTO        ALIGNED32
;__Lib_MathDouble.c, 945 :: 		ALOOP32:
ALOOP32:
;__Lib_MathDouble.c, 946 :: 		BCF       STATUS,C,0
0x0830	0x90D8      	BCF         STATUS, 0, 0
;__Lib_MathDouble.c, 947 :: 		RRCF      math_double_main_global_YHi_2,F
0x0832	0x3206      	RRCF        R6, 1, 0
;__Lib_MathDouble.c, 948 :: 		RRCF      math_double_main_global_YHi_1,F
0x0834	0x3205      	RRCF        R5, 1, 0
;__Lib_MathDouble.c, 949 :: 		RRCF      math_double_main_global_YLo_2,F
0x0836	0x3204      	RRCF        R4, 1, 0
;__Lib_MathDouble.c, 950 :: 		RRCF      math_double_main_global_YLo_1,F
0x0838	0x3209      	RRCF        R9, 1, 0
;__Lib_MathDouble.c, 951 :: 		DCFSNZ    math_double_main_global_YExp,F
0x083A	0x4E07      	DCFSNZ      R7, 1, 0
;__Lib_MathDouble.c, 952 :: 		GOTO      ALIGNED32
0x083C	0xF004EF2D  	GOTO        ALIGNED32
;__Lib_MathDouble.c, 953 :: 		BCF       STATUS,C,0
0x0840	0x90D8      	BCF         STATUS, 0, 0
;__Lib_MathDouble.c, 954 :: 		RRCF      math_double_main_global_YHi_2,F
0x0842	0x3206      	RRCF        R6, 1, 0
;__Lib_MathDouble.c, 955 :: 		RRCF      math_double_main_global_YHi_1,F
0x0844	0x3205      	RRCF        R5, 1, 0
;__Lib_MathDouble.c, 956 :: 		RRCF      math_double_main_global_YLo_2,F
0x0846	0x3204      	RRCF        R4, 1, 0
;__Lib_MathDouble.c, 957 :: 		RRCF      math_double_main_global_YLo_1,F
0x0848	0x3209      	RRCF        R9, 1, 0
;__Lib_MathDouble.c, 958 :: 		DCFSNZ    math_double_main_global_YExp,F
0x084A	0x4E07      	DCFSNZ      R7, 1, 0
;__Lib_MathDouble.c, 959 :: 		GOTO      ALIGNED32
0x084C	0xF004EF2D  	GOTO        ALIGNED32
;__Lib_MathDouble.c, 960 :: 		BCF       STATUS,C,0
0x0850	0x90D8      	BCF         STATUS, 0, 0
;__Lib_MathDouble.c, 961 :: 		RRCF      math_double_main_global_YHi_2,F
0x0852	0x3206      	RRCF        R6, 1, 0
;__Lib_MathDouble.c, 962 :: 		RRCF      math_double_main_global_YHi_1,F
0x0854	0x3205      	RRCF        R5, 1, 0
;__Lib_MathDouble.c, 963 :: 		RRCF      math_double_main_global_YLo_2,F
0x0856	0x3204      	RRCF        R4, 1, 0
;__Lib_MathDouble.c, 964 :: 		RRCF      math_double_main_global_YLo_1,F
0x0858	0x3209      	RRCF        R9, 1, 0
;__Lib_MathDouble.c, 966 :: 		ALIGNED32:
ALIGNED32:
;__Lib_MathDouble.c, 967 :: 		CLRF      math_double_main_global_XLo_1
0x085A	0x6A08      	CLRF        R8, 0
;__Lib_MathDouble.c, 968 :: 		MOVLW     0x00
0x085C	0x0E00      	MOVLW       0
;__Lib_MathDouble.c, 969 :: 		BTFSS     math_double_main_global_TEMPB0,7
0x085E	0xAE0E      	BTFSS       R14, 7, 0
;__Lib_MathDouble.c, 970 :: 		GOTO      AOK32
0x0860	0xF004EF3A  	GOTO        AOK32
;__Lib_MathDouble.c, 971 :: 		COMF      math_double_main_global_YLo_1,F
0x0864	0x1E09      	COMF        R9, 1, 0
;__Lib_MathDouble.c, 972 :: 		COMF      math_double_main_global_YLo_2,F
0x0866	0x1E04      	COMF        R4, 1, 0
;__Lib_MathDouble.c, 973 :: 		COMF      math_double_main_global_YHi_1,F
0x0868	0x1E05      	COMF        R5, 1, 0
;__Lib_MathDouble.c, 974 :: 		COMF      math_double_main_global_YHi_2,F
0x086A	0x1E06      	COMF        R6, 1, 0
;__Lib_MathDouble.c, 975 :: 		INCF      math_double_main_global_YLo_1,F
0x086C	0x2A09      	INCF        R9, 1, 0
;__Lib_MathDouble.c, 976 :: 		ADDWFC    math_double_main_global_YLo_2,F
0x086E	0x2204      	ADDWFC      R4, 1, 0
;__Lib_MathDouble.c, 977 :: 		ADDWFC    math_double_main_global_YHi_1,F
0x0870	0x2205      	ADDWFC      R5, 1, 0
;__Lib_MathDouble.c, 978 :: 		ADDWFC    math_double_main_global_YHi_2,F
0x0872	0x2206      	ADDWFC      R6, 1, 0
;__Lib_MathDouble.c, 980 :: 		AOK32:
AOK32:
;__Lib_MathDouble.c, 981 :: 		MOVF      math_double_main_global_YLo_1,W
0x0874	0x5009      	MOVF        R9, 0, 0
;__Lib_MathDouble.c, 982 :: 		ADDWF     math_double_main_global_XLo_1,F
0x0876	0x2608      	ADDWF       R8, 1, 0
;__Lib_MathDouble.c, 983 :: 		MOVF      math_double_main_global_YLo_2,W
0x0878	0x5004      	MOVF        R4, 0, 0
;__Lib_MathDouble.c, 984 :: 		ADDWFC    math_double_main_global_XLo_2,F
0x087A	0x2200      	ADDWFC      R0, 1, 0
;__Lib_MathDouble.c, 985 :: 		MOVF      math_double_main_global_YHi_1,W
0x087C	0x5005      	MOVF        R5, 0, 0
;__Lib_MathDouble.c, 986 :: 		ADDWFC    math_double_main_global_XHi_1,F
0x087E	0x2201      	ADDWFC      R1, 1, 0
;__Lib_MathDouble.c, 987 :: 		MOVF      math_double_main_global_YHi_2,W
0x0880	0x5006      	MOVF        R6, 0, 0
;__Lib_MathDouble.c, 988 :: 		ADDWFC    math_double_main_global_XHi_2,F
0x0882	0x2202      	ADDWFC      R2, 1, 0
;__Lib_MathDouble.c, 990 :: 		BTFSC     math_double_main_global_TEMPB0,7
0x0884	0xBE0E      	BTFSC       R14, 7, 0
;__Lib_MathDouble.c, 991 :: 		GOTO      ACOMP32
0x0886	0xF004EF51  	GOTO        ACOMP32
;__Lib_MathDouble.c, 992 :: 		BTFSS     STATUS,C,0
0x088A	0xA0D8      	BTFSS       STATUS, 0, 0
;__Lib_MathDouble.c, 993 :: 		GOTO      ADDJPNRMRND4032
0x088C	0xF004EF60  	GOTO        ADDJPNRMRND4032
;__Lib_MathDouble.c, 995 :: 		RRCF      math_double_main_global_XHi_2,F
0x0890	0x3202      	RRCF        R2, 1, 0
;__Lib_MathDouble.c, 996 :: 		RRCF      math_double_main_global_XHi_1,F
0x0892	0x3201      	RRCF        R1, 1, 0
;__Lib_MathDouble.c, 997 :: 		RRCF      math_double_main_global_XLo_2,F
0x0894	0x3200      	RRCF        R0, 1, 0
;__Lib_MathDouble.c, 998 :: 		RRCF      math_double_main_global_XLo_1,F
0x0896	0x3208      	RRCF        R8, 1, 0
;__Lib_MathDouble.c, 999 :: 		INCFSZ    math_double_main_global_XExp,F
0x0898	0x3E03      	INCFSZ      R3, 1, 0
;__Lib_MathDouble.c, 1000 :: 		GOTO      ADDJPNRMRND4032
0x089A	0xF004EF60  	GOTO        ADDJPNRMRND4032
;__Lib_MathDouble.c, 1001 :: 		GOTO      ADDJPSETFOV32
0x089E	0xF004EF6C  	GOTO        ADDJPSETFOV32
;__Lib_MathDouble.c, 1003 :: 		ACOMP32:
ACOMP32:
;__Lib_MathDouble.c, 1004 :: 		BTFSC     STATUS,C,0
0x08A2	0xB0D8      	BTFSC       STATUS, 0, 0
;__Lib_MathDouble.c, 1005 :: 		GOTO      ADDJPNRM4032
0x08A4	0xF004EF66  	GOTO        ADDJPNRM4032
;__Lib_MathDouble.c, 1006 :: 		MOVLW     0x00
0x08A8	0x0E00      	MOVLW       0
;__Lib_MathDouble.c, 1007 :: 		COMF      math_double_main_global_XLo_1,F
0x08AA	0x1E08      	COMF        R8, 1, 0
;__Lib_MathDouble.c, 1008 :: 		COMF      math_double_main_global_XLo_2,F
0x08AC	0x1E00      	COMF        R0, 1, 0
;__Lib_MathDouble.c, 1009 :: 		COMF      math_double_main_global_XHi_1,F
0x08AE	0x1E01      	COMF        R1, 1, 0
;__Lib_MathDouble.c, 1010 :: 		COMF      math_double_main_global_XHi_2,F
0x08B0	0x1E02      	COMF        R2, 1, 0
;__Lib_MathDouble.c, 1011 :: 		INCF      math_double_main_global_XLo_1,F
0x08B2	0x2A08      	INCF        R8, 1, 0
;__Lib_MathDouble.c, 1012 :: 		ADDWFC    math_double_main_global_XLo_2,F
0x08B4	0x2200      	ADDWFC      R0, 1, 0
;__Lib_MathDouble.c, 1013 :: 		ADDWFC    math_double_main_global_XHi_1,F
0x08B6	0x2201      	ADDWFC      R1, 1, 0
;__Lib_MathDouble.c, 1014 :: 		ADDWFC    math_double_main_global_XHi_2,F
0x08B8	0x2202      	ADDWFC      R2, 1, 0
;__Lib_MathDouble.c, 1015 :: 		BTG       math_double_main_global_Sign,7
0x08BA	0x7E0A      	BTG         R10, 7, 0
;__Lib_MathDouble.c, 1016 :: 		GOTO      ADDJPNRM4032
0x08BC	0xF004EF66  	GOTO        ADDJPNRM4032
;__Lib_MathDouble.c, 1018 :: 		ADDJPNRMRND4032:
ADDJPNRMRND4032:
;__Lib_MathDouble.c, 1019 :: 		MOVLW     0x01
0x08C0	0x0E01      	MOVLW       1
;__Lib_MathDouble.c, 1020 :: 		MOVWF     math_double_main_global_jmpFlg
0x08C2	0x6E0C      	MOVWF       R12, 0
;__Lib_MathDouble.c, 1022 :: 		NRM4032();
0x08C4	0xF000EC34  	CALL        _NRM4032, 0
;__Lib_MathDouble.c, 1024 :: 		GOTO      ADDEEE
0x08C8	0xF004EF74  	GOTO        ADDEEE
;__Lib_MathDouble.c, 1025 :: 		ADDJPNRM4032:
ADDJPNRM4032:
;__Lib_MathDouble.c, 1026 :: 		MOVLW     0x02
0x08CC	0x0E02      	MOVLW       2
;__Lib_MathDouble.c, 1027 :: 		MOVWF     math_double_main_global_jmpFlg
0x08CE	0x6E0C      	MOVWF       R12, 0
;__Lib_MathDouble.c, 1029 :: 		NRM4032();
0x08D0	0xF000EC34  	CALL        _NRM4032, 0
;__Lib_MathDouble.c, 1031 :: 		GOTO      ADDEEE
0x08D4	0xF004EF74  	GOTO        ADDEEE
;__Lib_MathDouble.c, 1032 :: 		ADDJPSETFOV32:
ADDJPSETFOV32:
;__Lib_MathDouble.c, 1033 :: 		MOVLW     0x04
0x08D8	0x0E04      	MOVLW       4
;__Lib_MathDouble.c, 1034 :: 		MOVWF     math_double_main_global_jmpFlg
0x08DA	0x6E0C      	MOVWF       R12, 0
;__Lib_MathDouble.c, 1036 :: 		SETFOV32();
0x08DC	0xF000EC0E  	CALL        _SETFOV32, 0
;__Lib_MathDouble.c, 1038 :: 		GOTO      ADDEEE
0x08E0	0xF004EF74  	GOTO        ADDEEE
;__Lib_MathDouble.c, 1039 :: 		ADDEOK:
ADDEOK:
;__Lib_MathDouble.c, 1040 :: 		MOVLW     0x00
0x08E4	0x0E00      	MOVLW       0
;__Lib_MathDouble.c, 1041 :: 		MOVWF     math_double_main_global_jmpFlg
0x08E6	0x6E0C      	MOVWF       R12, 0
;__Lib_MathDouble.c, 1042 :: 		ADDEEE:
ADDEEE:
;__Lib_MathDouble.c, 1062 :: 		*         AARG  <--  AARG - BARG
L_end_Add_32x32_FP:
0x08E8	0x0012      	RETURN      0
; end of _Add_32x32_FP
_Div_8X8_U:
;__Lib_Math.c, 42 :: 		void Div_8X8_U()
;__Lib_Math.c, 45 :: 		CLRF   math_main_global_Remainder_1
0x08EA	0x6A08      	CLRF        R8, 0
;__Lib_Math.c, 46 :: 		MOVLW  8
0x08EC	0x0E08      	MOVLW       8
;__Lib_Math.c, 47 :: 		MOVWF  math_main_global_LoopCount
0x08EE	0x6E0C      	MOVWF       R12, 0
;__Lib_Math.c, 48 :: 		RLCF   math_main_global_X_1,W
0x08F0	0x3400      	RLCF        R0, 0, 0
;__Lib_Math.c, 49 :: 		RLCF   math_main_global_Remainder_1,F
0x08F2	0x3608      	RLCF        R8, 1, 0
;__Lib_Math.c, 50 :: 		MOVF   math_main_global_Y_1,W
0x08F4	0x5004      	MOVF        R4, 0, 0
;__Lib_Math.c, 51 :: 		SUBWF  math_main_global_Remainder_1,F
0x08F6	0x5E08      	SUBWF       R8, 1, 0
;__Lib_Math.c, 52 :: 		BTFSC  STATUS,C,0
0x08F8	0xB0D8      	BTFSC       STATUS, 0, 0
;__Lib_Math.c, 53 :: 		BRA    $+6 //$+3
0x08FA	0xD002      	BRA         $+6
;__Lib_Math.c, 54 :: 		ADDWF  math_main_global_Remainder_1,F
0x08FC	0x2608      	ADDWF       R8, 1, 0
;__Lib_Math.c, 55 :: 		BCF    STATUS,C,0
0x08FE	0x90D8      	BCF         STATUS, 0, 0
;__Lib_Math.c, 56 :: 		RLCF   math_main_global_X_1,F
0x0900	0x3600      	RLCF        R0, 1, 0
;__Lib_Math.c, 57 :: 		DECFSZ math_main_global_LoopCount,F
0x0902	0x2E0C      	DECFSZ      R12, 1, 0
;__Lib_Math.c, 58 :: 		BRA    $-20 //$-10
0x0904	0xD7F5      	BRA         $-20
;__Lib_Math.c, 66 :: 		* @result The quotient of the division.
L_end_Div_8X8_U:
0x0906	0x0012      	RETURN      0
; end of _Div_8X8_U
_double2longword:
;__Lib_MathDouble.c, 1502 :: 		void double2longword()
;__Lib_MathDouble.c, 1505 :: 		INT3232U:
;__Lib_MathDouble.c, 1506 :: 		CLRF      math_double_main_global_FPFLAGS
0x0908	0x6A0B      	CLRF        R11, 0
;__Lib_MathDouble.c, 1507 :: 		CLRF      math_double_main_global_jmpFlg
0x090A	0x6A0C      	CLRF        R12, 0
;__Lib_MathDouble.c, 1508 :: 		CLRF      math_double_main_global_Sign
0x090C	0x6A0A      	CLRF        R10, 0
;__Lib_MathDouble.c, 1510 :: 		CLRF      math_double_main_global_XLo_1
0x090E	0x6A08      	CLRF        R8, 0
;__Lib_MathDouble.c, 1511 :: 		MOVF      math_double_main_global_XExp,W
0x0910	0x5003      	MOVF        R3, 0, 0
;__Lib_MathDouble.c, 1512 :: 		BTFSC     STATUS,Z,0
0x0912	0xB4D8      	BTFSC       STATUS, 2, 0
;__Lib_MathDouble.c, 1513 :: 		GOTO      INT3232UEOK
0x0914	0xF005EF0C  	GOTO        INT3232UEOK
;__Lib_MathDouble.c, 1515 :: 		BSF       math_double_main_global_XHi_2,7
0x0918	0x8E02      	BSF         R2, 7, 0
;__Lib_MathDouble.c, 1517 :: 		MOVLW     158
0x091A	0x0E9E      	MOVLW       158
;__Lib_MathDouble.c, 1518 :: 		SUBWF     math_double_main_global_XExp,F
0x091C	0x5E03      	SUBWF       R3, 1, 0
;__Lib_MathDouble.c, 1519 :: 		BTFSC     math_double_main_global_XExp,7
0x091E	0xBE03      	BTFSC       R3, 7, 0
;__Lib_MathDouble.c, 1520 :: 		GOTO      SETEXP32U
0x0920	0xF004EF97  	GOTO        SETEXP32U
;__Lib_MathDouble.c, 1521 :: 		BTFSC     STATUS,Z,0
0x0924	0xB4D8      	BTFSC       STATUS, 2, 0
;__Lib_MathDouble.c, 1522 :: 		GOTO      SETEXP32U
0x0926	0xF004EF97  	GOTO        SETEXP32U
;__Lib_MathDouble.c, 1523 :: 		GOTO      SETIOV32U
0x092A	0xF004EFFC  	GOTO        SETIOV32U
;__Lib_MathDouble.c, 1524 :: 		SETEXP32U:
SETEXP32U:
;__Lib_MathDouble.c, 1525 :: 		NEGF      math_double_main_global_XExp
0x092E	0x6C03      	NEGF        R3, 0
;__Lib_MathDouble.c, 1527 :: 		MOVLW     8
0x0930	0x0E08      	MOVLW       8
;__Lib_MathDouble.c, 1528 :: 		SUBWF     math_double_main_global_XExp,W
0x0932	0x5C03      	SUBWF       R3, 0, 0
;__Lib_MathDouble.c, 1529 :: 		BTFSS     STATUS,C,0
0x0934	0xA0D8      	BTFSS       STATUS, 0, 0
;__Lib_MathDouble.c, 1530 :: 		GOTO      TSHIFT3232U
0x0936	0xF004EFC9  	GOTO        TSHIFT3232U
;__Lib_MathDouble.c, 1531 :: 		MOVWF     math_double_main_global_XExp
0x093A	0x6E03      	MOVWF       R3, 0
;__Lib_MathDouble.c, 1532 :: 		RLCF      math_double_main_global_XLo_1,F
0x093C	0x3608      	RLCF        R8, 1, 0
;__Lib_MathDouble.c, 1533 :: 		MOVFF     math_double_main_global_XLo_2, math_double_main_global_XLo_1
0x093E	0xF008C000  	MOVFF       R0, R8
;__Lib_MathDouble.c, 1534 :: 		MOVFF     math_double_main_global_XHi_1, math_double_main_global_XLo_2
0x0942	0xF000C001  	MOVFF       R1, R0
;__Lib_MathDouble.c, 1535 :: 		MOVFF     math_double_main_global_XHi_2, math_double_main_global_XHi_1
0x0946	0xF001C002  	MOVFF       R2, R1
;__Lib_MathDouble.c, 1536 :: 		CLRF      math_double_main_global_XHi_2
0x094A	0x6A02      	CLRF        R2, 0
;__Lib_MathDouble.c, 1538 :: 		MOVLW     8
0x094C	0x0E08      	MOVLW       8
;__Lib_MathDouble.c, 1539 :: 		SUBWF     math_double_main_global_XExp,W
0x094E	0x5C03      	SUBWF       R3, 0, 0
;__Lib_MathDouble.c, 1540 :: 		BTFSS     STATUS,C,0
0x0950	0xA0D8      	BTFSS       STATUS, 0, 0
;__Lib_MathDouble.c, 1541 :: 		GOTO      TSHIFT3232U
0x0952	0xF004EFC9  	GOTO        TSHIFT3232U
;__Lib_MathDouble.c, 1542 :: 		MOVWF     math_double_main_global_XExp
0x0956	0x6E03      	MOVWF       R3, 0
;__Lib_MathDouble.c, 1543 :: 		RLCF      math_double_main_global_XLo_1,F
0x0958	0x3608      	RLCF        R8, 1, 0
;__Lib_MathDouble.c, 1544 :: 		MOVFF     math_double_main_global_XLo_2, math_double_main_global_XLo_1
0x095A	0xF008C000  	MOVFF       R0, R8
;__Lib_MathDouble.c, 1545 :: 		MOVFF     math_double_main_global_XHi_1, math_double_main_global_XLo_2
0x095E	0xF000C001  	MOVFF       R1, R0
;__Lib_MathDouble.c, 1546 :: 		CLRF      math_double_main_global_XHi_1
0x0962	0x6A01      	CLRF        R1, 0
;__Lib_MathDouble.c, 1548 :: 		MOVLW     8
0x0964	0x0E08      	MOVLW       8
;__Lib_MathDouble.c, 1549 :: 		SUBWF     math_double_main_global_XExp,W
0x0966	0x5C03      	SUBWF       R3, 0, 0
;__Lib_MathDouble.c, 1550 :: 		BTFSS     STATUS,C,0
0x0968	0xA0D8      	BTFSS       STATUS, 0, 0
;__Lib_MathDouble.c, 1551 :: 		GOTO      TSHIFT3232U
0x096A	0xF004EFC9  	GOTO        TSHIFT3232U
;__Lib_MathDouble.c, 1552 :: 		MOVWF     math_double_main_global_XExp
0x096E	0x6E03      	MOVWF       R3, 0
;__Lib_MathDouble.c, 1553 :: 		RLCF      math_double_main_global_XLo_1,F
0x0970	0x3608      	RLCF        R8, 1, 0
;__Lib_MathDouble.c, 1554 :: 		MOVFF     math_double_main_global_XLo_2, math_double_main_global_XLo_1
0x0972	0xF008C000  	MOVFF       R0, R8
;__Lib_MathDouble.c, 1555 :: 		CLRF      math_double_main_global_XLo_2
0x0976	0x6A00      	CLRF        R0, 0
;__Lib_MathDouble.c, 1557 :: 		MOVLW     8
0x0978	0x0E08      	MOVLW       8
;__Lib_MathDouble.c, 1558 :: 		SUBWF     math_double_main_global_XExp,W
0x097A	0x5C03      	SUBWF       R3, 0, 0
;__Lib_MathDouble.c, 1559 :: 		BTFSS     STATUS,C,0
0x097C	0xA0D8      	BTFSS       STATUS, 0, 0
;__Lib_MathDouble.c, 1560 :: 		GOTO      TSHIFT3232U
0x097E	0xF004EFC9  	GOTO        TSHIFT3232U
;__Lib_MathDouble.c, 1561 :: 		MOVWF     math_double_main_global_XExp
0x0982	0x6E03      	MOVWF       R3, 0
;__Lib_MathDouble.c, 1562 :: 		RLCF     math_double_main_global_XLo_1,F
0x0984	0x3608      	RLCF        R8, 1, 0
;__Lib_MathDouble.c, 1563 :: 		CLRF      math_double_main_global_XLo_1
0x0986	0x6A08      	CLRF        R8, 0
;__Lib_MathDouble.c, 1565 :: 		MOVF      math_double_main_global_XExp,W
0x0988	0x5003      	MOVF        R3, 0, 0
;__Lib_MathDouble.c, 1566 :: 		BTFSS     STATUS,Z,0
0x098A	0xA4D8      	BTFSS       STATUS, 2, 0
;__Lib_MathDouble.c, 1567 :: 		BCF       STATUS,C,0
0x098C	0x90D8      	BCF         STATUS, 0, 0
;__Lib_MathDouble.c, 1568 :: 		GOTO      SHIFT3232UOK
0x098E	0xF004EFD5  	GOTO        SHIFT3232UOK
;__Lib_MathDouble.c, 1569 :: 		TSHIFT3232U:
TSHIFT3232U:
;__Lib_MathDouble.c, 1570 :: 		MOVF      math_double_main_global_XExp,W
0x0992	0x5003      	MOVF        R3, 0, 0
;__Lib_MathDouble.c, 1571 :: 		BTFSC     STATUS,Z,0
0x0994	0xB4D8      	BTFSC       STATUS, 2, 0
;__Lib_MathDouble.c, 1572 :: 		GOTO      SHIFT3232UOK
0x0996	0xF004EFD5  	GOTO        SHIFT3232UOK
;__Lib_MathDouble.c, 1573 :: 		SHIFT3232U:
SHIFT3232U:
;__Lib_MathDouble.c, 1574 :: 		BCF       STATUS,C,0
0x099A	0x90D8      	BCF         STATUS, 0, 0
;__Lib_MathDouble.c, 1575 :: 		RRCF      math_double_main_global_XHi_2,F
0x099C	0x3202      	RRCF        R2, 1, 0
;__Lib_MathDouble.c, 1576 :: 		RRCF      math_double_main_global_XHi_1,F
0x099E	0x3201      	RRCF        R1, 1, 0
;__Lib_MathDouble.c, 1577 :: 		RRCF      math_double_main_global_XLo_2,F
0x09A0	0x3200      	RRCF        R0, 1, 0
;__Lib_MathDouble.c, 1578 :: 		RRCF      math_double_main_global_XLo_1,F
0x09A2	0x3208      	RRCF        R8, 1, 0
;__Lib_MathDouble.c, 1579 :: 		DECFSZ    math_double_main_global_XExp,F
0x09A4	0x2E03      	DECFSZ      R3, 1, 0
;__Lib_MathDouble.c, 1580 :: 		GOTO      SHIFT3232U
0x09A6	0xF004EFCD  	GOTO        SHIFT3232U
;__Lib_MathDouble.c, 1581 :: 		SHIFT3232UOK:
SHIFT3232UOK:
;__Lib_MathDouble.c, 1582 :: 		BTFSC     math_double_main_global_FPFLAGS,RND
0x09AA	0xBC0B      	BTFSC       R11, 6, 0
;__Lib_MathDouble.c, 1583 :: 		BTFSS     math_double_main_global_XLo_1,0
0x09AC	0xA008      	BTFSS       R8, 0, 0
;__Lib_MathDouble.c, 1584 :: 		GOTO      INT3232UOK
0x09AE	0xF004EFE6  	GOTO        INT3232UOK
;__Lib_MathDouble.c, 1585 :: 		BTFSS     STATUS,C,0
0x09B2	0xA0D8      	BTFSS       STATUS, 0, 0
;__Lib_MathDouble.c, 1586 :: 		GOTO      INT3232UOK
0x09B4	0xF004EFE6  	GOTO        INT3232UOK
;__Lib_MathDouble.c, 1587 :: 		INCF      math_double_main_global_XLo_1,F
0x09B8	0x2A08      	INCF        R8, 1, 0
;__Lib_MathDouble.c, 1588 :: 		BTFSC     STATUS,Z,0
0x09BA	0xB4D8      	BTFSC       STATUS, 2, 0
;__Lib_MathDouble.c, 1589 :: 		INCF      math_double_main_global_XLo_2,F
0x09BC	0x2A00      	INCF        R0, 1, 0
;__Lib_MathDouble.c, 1590 :: 		BTFSC     STATUS,Z,0
0x09BE	0xB4D8      	BTFSC       STATUS, 2, 0
;__Lib_MathDouble.c, 1591 :: 		INCF      math_double_main_global_XHi_1,F
0x09C0	0x2A01      	INCF        R1, 1, 0
;__Lib_MathDouble.c, 1592 :: 		BTFSC     STATUS,Z,0
0x09C2	0xB4D8      	BTFSC       STATUS, 2, 0
;__Lib_MathDouble.c, 1593 :: 		INCF      math_double_main_global_XHi_2,F
0x09C4	0x2A02      	INCF        R2, 1, 0
;__Lib_MathDouble.c, 1594 :: 		BTFSC     math_double_main_global_XHi_2,7
0x09C6	0xBE02      	BTFSC       R2, 7, 0
;__Lib_MathDouble.c, 1595 :: 		GOTO      JPLSETIOV3224
0x09C8	0xF005EF10  	GOTO        JPLSETIOV3224
;__Lib_MathDouble.c, 1596 :: 		INT3232UOK:
INT3232UOK:
;__Lib_MathDouble.c, 1597 :: 		BTFSS     math_double_main_global_Sign,7
0x09CC	0xAE0A      	BTFSS       R10, 7, 0
;__Lib_MathDouble.c, 1598 :: 		GOTO      INT3232UEOK
0x09CE	0xF005EF0C  	GOTO        INT3232UEOK
;__Lib_MathDouble.c, 1600 :: 		COMF      math_double_main_global_XHi_2,F
0x09D2	0x1E02      	COMF        R2, 1, 0
;__Lib_MathDouble.c, 1601 :: 		COMF      math_double_main_global_XHi_1,F
0x09D4	0x1E01      	COMF        R1, 1, 0
;__Lib_MathDouble.c, 1602 :: 		COMF      math_double_main_global_XLo_2,F
0x09D6	0x1E00      	COMF        R0, 1, 0
;__Lib_MathDouble.c, 1603 :: 		COMF      math_double_main_global_XLo_1,F
0x09D8	0x1E08      	COMF        R8, 1, 0
;__Lib_MathDouble.c, 1604 :: 		INCF      math_double_main_global_XLo_1,F
0x09DA	0x2A08      	INCF        R8, 1, 0
;__Lib_MathDouble.c, 1605 :: 		BTFSC     STATUS,Z,0
0x09DC	0xB4D8      	BTFSC       STATUS, 2, 0
;__Lib_MathDouble.c, 1606 :: 		INCF      math_double_main_global_XLo_2,F
0x09DE	0x2A00      	INCF        R0, 1, 0
;__Lib_MathDouble.c, 1607 :: 		BTFSC     STATUS,Z,0
0x09E0	0xB4D8      	BTFSC       STATUS, 2, 0
;__Lib_MathDouble.c, 1608 :: 		INCF      math_double_main_global_XHi_1,F
0x09E2	0x2A01      	INCF        R1, 1, 0
;__Lib_MathDouble.c, 1609 :: 		BTFSC     STATUS,Z,0
0x09E4	0xB4D8      	BTFSC       STATUS, 2, 0
;__Lib_MathDouble.c, 1610 :: 		INCF      math_double_main_global_XHi_2,F
0x09E6	0x2A02      	INCF        R2, 1, 0
;__Lib_MathDouble.c, 1611 :: 		GOTO      INT3232UEOK
0x09E8	0xF005EF0C  	GOTO        INT3232UEOK
;__Lib_MathDouble.c, 1612 :: 		IRES032U:
;__Lib_MathDouble.c, 1613 :: 		CLRF      math_double_main_global_XHi_2
0x09EC	0x6A02      	CLRF        R2, 0
;__Lib_MathDouble.c, 1614 :: 		CLRF      math_double_main_global_XHi_1
0x09EE	0x6A01      	CLRF        R1, 0
;__Lib_MathDouble.c, 1615 :: 		CLRF      math_double_main_global_XLo_2
0x09F0	0x6A00      	CLRF        R0, 0
;__Lib_MathDouble.c, 1616 :: 		CLRF      math_double_main_global_XLo_1
0x09F2	0x6A08      	CLRF        R8, 0
;__Lib_MathDouble.c, 1617 :: 		GOTO      INT3232UEOK
0x09F4	0xF005EF0C  	GOTO        INT3232UEOK
;__Lib_MathDouble.c, 1618 :: 		SETIOV32U:
SETIOV32U:
;__Lib_MathDouble.c, 1619 :: 		BSF       math_double_main_global_FPFLAGS,IOV
0x09F8	0x800B      	BSF         R11, 0, 0
;__Lib_MathDouble.c, 1620 :: 		BTFSS     math_double_main_global_FPFLAGS,SAT
0x09FA	0xAE0B      	BTFSS       R11, 7, 0
;__Lib_MathDouble.c, 1621 :: 		GOTO      INT3232UEER
0x09FC	0xF005EF15  	GOTO        INT3232UEER
;__Lib_MathDouble.c, 1623 :: 		CLRF      math_double_main_global_XHi_2
0x0A00	0x6A02      	CLRF        R2, 0
;__Lib_MathDouble.c, 1624 :: 		BTFSS     math_double_main_global_Sign,7
0x0A02	0xAE0A      	BTFSS       R10, 7, 0
;__Lib_MathDouble.c, 1625 :: 		GOTO      INT3232UEER
0x0A04	0xF005EF15  	GOTO        INT3232UEER
;__Lib_MathDouble.c, 1626 :: 		MOVWF     math_double_main_global_XHi_2
0x0A08	0x6E02      	MOVWF       R2, 0
;__Lib_MathDouble.c, 1627 :: 		MOVWF     math_double_main_global_XHi_1
0x0A0A	0x6E01      	MOVWF       R1, 0
;__Lib_MathDouble.c, 1628 :: 		MOVWF     math_double_main_global_XLo_2
0x0A0C	0x6E00      	MOVWF       R0, 0
;__Lib_MathDouble.c, 1629 :: 		MOVWF     math_double_main_global_XLo_1
0x0A0E	0x6E08      	MOVWF       R8, 0
;__Lib_MathDouble.c, 1630 :: 		RLCF      math_double_main_global_Sign,F
0x0A10	0x360A      	RLCF        R10, 1, 0
;__Lib_MathDouble.c, 1631 :: 		RRCF      math_double_main_global_XHi_2,F
0x0A12	0x3202      	RRCF        R2, 1, 0
;__Lib_MathDouble.c, 1632 :: 		GOTO      INT3232UEER
0x0A14	0xF005EF15  	GOTO        INT3232UEER
;__Lib_MathDouble.c, 1634 :: 		INT3232UEOK:
INT3232UEOK:
;__Lib_MathDouble.c, 1635 :: 		MOVLW     0x00
0x0A18	0x0E00      	MOVLW       0
;__Lib_MathDouble.c, 1636 :: 		CLRF      math_double_main_global_jmpFlg
0x0A1A	0x6A0C      	CLRF        R12, 0
;__Lib_MathDouble.c, 1637 :: 		GOTO      INT3232UEEE
0x0A1C	0xF005EF16  	GOTO        INT3232UEEE
;__Lib_MathDouble.c, 1638 :: 		JPLSETIOV3224:
JPLSETIOV3224:
;__Lib_MathDouble.c, 1639 :: 		MOVLW     0x01
0x0A20	0x0E01      	MOVLW       1
;__Lib_MathDouble.c, 1640 :: 		MOVWF     math_double_main_global_jmpFlg
0x0A22	0x6E0C      	MOVWF       R12, 0
;__Lib_MathDouble.c, 1642 :: 		SETIOV3224();
0x0A24	0xDCC2      	RCALL       _SETIOV3224
;__Lib_MathDouble.c, 1644 :: 		GOTO      INT3232UEEE
0x0A26	0xF005EF16  	GOTO        INT3232UEEE
;__Lib_MathDouble.c, 1645 :: 		INT3232UEER:
INT3232UEER:
;__Lib_MathDouble.c, 1646 :: 		MOVLW     0xFF
0x0A2A	0x0EFF      	MOVLW       255
;__Lib_MathDouble.c, 1647 :: 		INT3232UEEE:
INT3232UEEE:
;__Lib_MathDouble.c, 1648 :: 		MOVF      math_double_main_global_XHi_2,W
0x0A2C	0x5002      	MOVF        R2, 0, 0
;__Lib_MathDouble.c, 1649 :: 		MOVWF     math_double_main_global_XExp
0x0A2E	0x6E03      	MOVWF       R3, 0
;__Lib_MathDouble.c, 1650 :: 		MOVF      math_double_main_global_XHi_1,W
0x0A30	0x5001      	MOVF        R1, 0, 0
;__Lib_MathDouble.c, 1651 :: 		MOVWF     math_double_main_global_XHi_2
0x0A32	0x6E02      	MOVWF       R2, 0
;__Lib_MathDouble.c, 1652 :: 		MOVF      math_double_main_global_XLo_2,W
0x0A34	0x5000      	MOVF        R0, 0, 0
;__Lib_MathDouble.c, 1653 :: 		MOVWF     math_double_main_global_XHi_1
0x0A36	0x6E01      	MOVWF       R1, 0
;__Lib_MathDouble.c, 1654 :: 		MOVF      math_double_main_global_XLo_1,W
0x0A38	0x5008      	MOVF        R8, 0, 0
;__Lib_MathDouble.c, 1655 :: 		MOVWF     math_double_main_global_XLo_2
0x0A3A	0x6E00      	MOVWF       R0, 0
;__Lib_MathDouble.c, 1671 :: 		*         AARG  <--  INT(AARG)
L_end_double2longword:
0x0A3C	0x0012      	RETURN      0
; end of _double2longword
_Div_32x32_U:
;__Lib_Math.c, 1083 :: 		void Div_32x32_U()
;__Lib_Math.c, 1086 :: 		CLRF    math_main_global_RemainderHi_2
0x0A3E	0x6A0B      	CLRF        R11, 0
;__Lib_Math.c, 1087 :: 		CLRF    math_main_global_RemainderHi_1
0x0A40	0x6A0A      	CLRF        R10, 0
;__Lib_Math.c, 1088 :: 		CLRF    math_main_global_Remainder_2
0x0A42	0x6A09      	CLRF        R9, 0
;__Lib_Math.c, 1089 :: 		CLRF    math_main_global_Remainder_1
0x0A44	0x6A08      	CLRF        R8, 0
;__Lib_Math.c, 1091 :: 		CLRF    math_main_global_TEMPB
0x0A46	0x6A0E      	CLRF        R14, 0
;__Lib_Math.c, 1093 :: 		RLCF    math_main_global_XHi_2,W
0x0A48	0x3403      	RLCF        R3, 0, 0
;__Lib_Math.c, 1094 :: 		RLCF    math_main_global_Remainder_1, F
0x0A4A	0x3608      	RLCF        R8, 1, 0
;__Lib_Math.c, 1095 :: 		MOVF    math_main_global_Y_1,W
0x0A4C	0x5004      	MOVF        R4, 0, 0
;__Lib_Math.c, 1096 :: 		SUBWF   math_main_global_Remainder_1, F
0x0A4E	0x5E08      	SUBWF       R8, 1, 0
;__Lib_Math.c, 1097 :: 		MOVF    math_main_global_Y_2,W
0x0A50	0x5005      	MOVF        R5, 0, 0
;__Lib_Math.c, 1098 :: 		BTFSS   STATUS,C,0
0x0A52	0xA0D8      	BTFSS       STATUS, 0, 0
;__Lib_Math.c, 1099 :: 		INCFSZ  math_main_global_Y_2,W
0x0A54	0x3C05      	INCFSZ      R5, 0, 0
;__Lib_Math.c, 1100 :: 		SUBWF   math_main_global_Remainder_2, F
0x0A56	0x5E09      	SUBWF       R9, 1, 0
;__Lib_Math.c, 1101 :: 		MOVF    math_main_global_YHi_1,W
0x0A58	0x5006      	MOVF        R6, 0, 0
;__Lib_Math.c, 1102 :: 		BTFSS   STATUS,C,0
0x0A5A	0xA0D8      	BTFSS       STATUS, 0, 0
;__Lib_Math.c, 1103 :: 		INCFSZ  math_main_global_YHi_1,W
0x0A5C	0x3C06      	INCFSZ      R6, 0, 0
;__Lib_Math.c, 1104 :: 		SUBWF   math_main_global_RemainderHi_1, F
0x0A5E	0x5E0A      	SUBWF       R10, 1, 0
;__Lib_Math.c, 1105 :: 		MOVF    math_main_global_YHi_2,W
0x0A60	0x5007      	MOVF        R7, 0, 0
;__Lib_Math.c, 1106 :: 		BTFSS   STATUS,C,0
0x0A62	0xA0D8      	BTFSS       STATUS, 0, 0
;__Lib_Math.c, 1107 :: 		INCFSZ  math_main_global_YHi_2,W
0x0A64	0x3C07      	INCFSZ      R7, 0, 0
;__Lib_Math.c, 1108 :: 		SUBWF   math_main_global_RemainderHi_2, F
0x0A66	0x5E0B      	SUBWF       R11, 1, 0
;__Lib_Math.c, 1110 :: 		CLRF    WREG
0x0A68	0x6AE8      	CLRF        WREG, 0
;__Lib_Math.c, 1111 :: 		BTFSS   STATUS,C,0
0x0A6A	0xA0D8      	BTFSS       STATUS, 0, 0
;__Lib_Math.c, 1112 :: 		MOVLW   1
0x0A6C	0x0E01      	MOVLW       1
;__Lib_Math.c, 1113 :: 		SUBWF   math_main_global_TEMPB, F
0x0A6E	0x5E0E      	SUBWF       R14, 1, 0
;__Lib_Math.c, 1114 :: 		RLCF    math_main_global_XHi_2, F
0x0A70	0x3603      	RLCF        R3, 1, 0
;__Lib_Math.c, 1116 :: 		MOVLW   7
0x0A72	0x0E07      	MOVLW       7
;__Lib_Math.c, 1117 :: 		MOVWF   math_main_global_LoopCount
0x0A74	0x6E0C      	MOVWF       R12, 0
;__Lib_Math.c, 1119 :: 		LOOPU3232A:
LOOPU3232A:
;__Lib_Math.c, 1120 :: 		RLCF    math_main_global_XHi_2,W
0x0A76	0x3403      	RLCF        R3, 0, 0
;__Lib_Math.c, 1121 :: 		RLCF    math_main_global_Remainder_1, F
0x0A78	0x3608      	RLCF        R8, 1, 0
;__Lib_Math.c, 1122 :: 		RLCF    math_main_global_Remainder_2, F
0x0A7A	0x3609      	RLCF        R9, 1, 0
;__Lib_Math.c, 1123 :: 		RLCF    math_main_global_RemainderHi_1, F
0x0A7C	0x360A      	RLCF        R10, 1, 0
;__Lib_Math.c, 1124 :: 		RLCF    math_main_global_RemainderHi_2, F
0x0A7E	0x360B      	RLCF        R11, 1, 0
;__Lib_Math.c, 1125 :: 		RLCF    math_main_global_TEMPB, F
0x0A80	0x360E      	RLCF        R14, 1, 0
;__Lib_Math.c, 1126 :: 		MOVF    math_main_global_Y_1,W
0x0A82	0x5004      	MOVF        R4, 0, 0
;__Lib_Math.c, 1127 :: 		BTFSS   math_main_global_XHi_2,0
0x0A84	0xA003      	BTFSS       R3, 0, 0
;__Lib_Math.c, 1128 :: 		BRA     UADD22LA
0x0A86	0xD012      	BRA         UADD22LA
;__Lib_Math.c, 1130 :: 		SUBWF   math_main_global_Remainder_1, F
0x0A88	0x5E08      	SUBWF       R8, 1, 0
;__Lib_Math.c, 1131 :: 		MOVF    math_main_global_Y_2,W
0x0A8A	0x5005      	MOVF        R5, 0, 0
;__Lib_Math.c, 1132 :: 		BTFSS   STATUS,C,0
0x0A8C	0xA0D8      	BTFSS       STATUS, 0, 0
;__Lib_Math.c, 1133 :: 		INCFSZ  math_main_global_Y_2,W
0x0A8E	0x3C05      	INCFSZ      R5, 0, 0
;__Lib_Math.c, 1134 :: 		SUBWF   math_main_global_Remainder_2, F
0x0A90	0x5E09      	SUBWF       R9, 1, 0
;__Lib_Math.c, 1135 :: 		MOVF    math_main_global_YHi_1,W
0x0A92	0x5006      	MOVF        R6, 0, 0
;__Lib_Math.c, 1136 :: 		BTFSS   STATUS,C,0
0x0A94	0xA0D8      	BTFSS       STATUS, 0, 0
;__Lib_Math.c, 1137 :: 		INCFSZ  math_main_global_YHi_1,W
0x0A96	0x3C06      	INCFSZ      R6, 0, 0
;__Lib_Math.c, 1138 :: 		SUBWF   math_main_global_RemainderHi_1, F
0x0A98	0x5E0A      	SUBWF       R10, 1, 0
;__Lib_Math.c, 1139 :: 		MOVF    math_main_global_YHi_2,W
0x0A9A	0x5007      	MOVF        R7, 0, 0
;__Lib_Math.c, 1140 :: 		BTFSS   STATUS,C,0
0x0A9C	0xA0D8      	BTFSS       STATUS, 0, 0
;__Lib_Math.c, 1141 :: 		INCFSZ  math_main_global_YHi_2,W
0x0A9E	0x3C07      	INCFSZ      R7, 0, 0
;__Lib_Math.c, 1142 :: 		SUBWF   math_main_global_RemainderHi_2, F
0x0AA0	0x5E0B      	SUBWF       R11, 1, 0
;__Lib_Math.c, 1143 :: 		CLRF    WREG
0x0AA2	0x6AE8      	CLRF        WREG, 0
;__Lib_Math.c, 1144 :: 		BTFSS   STATUS,C,0
0x0AA4	0xA0D8      	BTFSS       STATUS, 0, 0
;__Lib_Math.c, 1145 :: 		MOVLW   1
0x0AA6	0x0E01      	MOVLW       1
;__Lib_Math.c, 1146 :: 		SUBWF   math_main_global_TEMPB, F
0x0AA8	0x5E0E      	SUBWF       R14, 1, 0
;__Lib_Math.c, 1147 :: 		BRA     UOK22LA
0x0AAA	0xD011      	BRA         UOK22LA
;__Lib_Math.c, 1149 :: 		UADD22LA:
UADD22LA:
;__Lib_Math.c, 1150 :: 		ADDWF   math_main_global_Remainder_1, F
0x0AAC	0x2608      	ADDWF       R8, 1, 0
;__Lib_Math.c, 1151 :: 		MOVF    math_main_global_Y_2,W
0x0AAE	0x5005      	MOVF        R5, 0, 0
;__Lib_Math.c, 1152 :: 		BTFSC   STATUS,C,0
0x0AB0	0xB0D8      	BTFSC       STATUS, 0, 0
;__Lib_Math.c, 1153 :: 		INCFSZ  math_main_global_Y_2,W
0x0AB2	0x3C05      	INCFSZ      R5, 0, 0
;__Lib_Math.c, 1154 :: 		ADDWF   math_main_global_Remainder_2, F
0x0AB4	0x2609      	ADDWF       R9, 1, 0
;__Lib_Math.c, 1155 :: 		MOVF    math_main_global_YHi_1,W
0x0AB6	0x5006      	MOVF        R6, 0, 0
;__Lib_Math.c, 1156 :: 		BTFSC   STATUS,C,0
0x0AB8	0xB0D8      	BTFSC       STATUS, 0, 0
;__Lib_Math.c, 1157 :: 		INCFSZ  math_main_global_YHi_1,W
0x0ABA	0x3C06      	INCFSZ      R6, 0, 0
;__Lib_Math.c, 1158 :: 		ADDWF   math_main_global_RemainderHi_1, F
0x0ABC	0x260A      	ADDWF       R10, 1, 0
;__Lib_Math.c, 1159 :: 		MOVF    math_main_global_YHi_2,W
0x0ABE	0x5007      	MOVF        R7, 0, 0
;__Lib_Math.c, 1160 :: 		BTFSC   STATUS,C,0
0x0AC0	0xB0D8      	BTFSC       STATUS, 0, 0
;__Lib_Math.c, 1161 :: 		INCFSZ  math_main_global_YHi_2,W
0x0AC2	0x3C07      	INCFSZ      R7, 0, 0
;__Lib_Math.c, 1162 :: 		ADDWF   math_main_global_RemainderHi_2, F
0x0AC4	0x260B      	ADDWF       R11, 1, 0
;__Lib_Math.c, 1163 :: 		CLRF    WREG
0x0AC6	0x6AE8      	CLRF        WREG, 0
;__Lib_Math.c, 1164 :: 		BTFSC   STATUS,C,0
0x0AC8	0xB0D8      	BTFSC       STATUS, 0, 0
;__Lib_Math.c, 1165 :: 		MOVLW   1
0x0ACA	0x0E01      	MOVLW       1
;__Lib_Math.c, 1166 :: 		ADDWF   math_main_global_TEMPB, F
0x0ACC	0x260E      	ADDWF       R14, 1, 0
;__Lib_Math.c, 1168 :: 		UOK22LA:
UOK22LA:
;__Lib_Math.c, 1169 :: 		RLCF    math_main_global_XHi_2, F
0x0ACE	0x3603      	RLCF        R3, 1, 0
;__Lib_Math.c, 1171 :: 		DECFSZ      math_main_global_LoopCount, F
0x0AD0	0x2E0C      	DECFSZ      R12, 1, 0
;__Lib_Math.c, 1172 :: 		BRA     LOOPU3232A
0x0AD2	0xD7D1      	BRA         LOOPU3232A
;__Lib_Math.c, 1174 :: 		RLCF    math_main_global_XHi_1,W
0x0AD4	0x3402      	RLCF        R2, 0, 0
;__Lib_Math.c, 1175 :: 		RLCF    math_main_global_Remainder_1, F
0x0AD6	0x3608      	RLCF        R8, 1, 0
;__Lib_Math.c, 1176 :: 		RLCF    math_main_global_Remainder_2, F
0x0AD8	0x3609      	RLCF        R9, 1, 0
;__Lib_Math.c, 1177 :: 		RLCF    math_main_global_RemainderHi_1, F
0x0ADA	0x360A      	RLCF        R10, 1, 0
;__Lib_Math.c, 1178 :: 		RLCF    math_main_global_RemainderHi_2, F
0x0ADC	0x360B      	RLCF        R11, 1, 0
;__Lib_Math.c, 1179 :: 		RLCF    math_main_global_TEMPB, F
0x0ADE	0x360E      	RLCF        R14, 1, 0
;__Lib_Math.c, 1180 :: 		MOVF    math_main_global_Y_1,W
0x0AE0	0x5004      	MOVF        R4, 0, 0
;__Lib_Math.c, 1181 :: 		BTFSS   math_main_global_XHi_2,0
0x0AE2	0xA003      	BTFSS       R3, 0, 0
;__Lib_Math.c, 1182 :: 		BRA     UADD22L8
0x0AE4	0xD012      	BRA         UADD22L8
;__Lib_Math.c, 1184 :: 		SUBWF   math_main_global_Remainder_1, F
0x0AE6	0x5E08      	SUBWF       R8, 1, 0
;__Lib_Math.c, 1185 :: 		MOVF    math_main_global_Y_2,W
0x0AE8	0x5005      	MOVF        R5, 0, 0
;__Lib_Math.c, 1186 :: 		BTFSS   STATUS,C,0
0x0AEA	0xA0D8      	BTFSS       STATUS, 0, 0
;__Lib_Math.c, 1187 :: 		INCFSZ  math_main_global_Y_2,W
0x0AEC	0x3C05      	INCFSZ      R5, 0, 0
;__Lib_Math.c, 1188 :: 		SUBWF   math_main_global_Remainder_2, F
0x0AEE	0x5E09      	SUBWF       R9, 1, 0
;__Lib_Math.c, 1189 :: 		MOVF    math_main_global_YHi_1,W
0x0AF0	0x5006      	MOVF        R6, 0, 0
;__Lib_Math.c, 1190 :: 		BTFSS   STATUS,C,0
0x0AF2	0xA0D8      	BTFSS       STATUS, 0, 0
;__Lib_Math.c, 1191 :: 		INCFSZ  math_main_global_YHi_1,W
0x0AF4	0x3C06      	INCFSZ      R6, 0, 0
;__Lib_Math.c, 1192 :: 		SUBWF   math_main_global_RemainderHi_1, F
0x0AF6	0x5E0A      	SUBWF       R10, 1, 0
;__Lib_Math.c, 1193 :: 		MOVF    math_main_global_YHi_2,W
0x0AF8	0x5007      	MOVF        R7, 0, 0
;__Lib_Math.c, 1194 :: 		BTFSS   STATUS,C,0
0x0AFA	0xA0D8      	BTFSS       STATUS, 0, 0
;__Lib_Math.c, 1195 :: 		INCFSZ  math_main_global_YHi_2,W
0x0AFC	0x3C07      	INCFSZ      R7, 0, 0
;__Lib_Math.c, 1196 :: 		SUBWF   math_main_global_RemainderHi_2, F
0x0AFE	0x5E0B      	SUBWF       R11, 1, 0
;__Lib_Math.c, 1197 :: 		CLRF    WREG
0x0B00	0x6AE8      	CLRF        WREG, 0
;__Lib_Math.c, 1198 :: 		BTFSS   STATUS,C,0
0x0B02	0xA0D8      	BTFSS       STATUS, 0, 0
;__Lib_Math.c, 1199 :: 		MOVLW   1
0x0B04	0x0E01      	MOVLW       1
;__Lib_Math.c, 1200 :: 		SUBWF   math_main_global_TEMPB, F
0x0B06	0x5E0E      	SUBWF       R14, 1, 0
;__Lib_Math.c, 1201 :: 		BRA     UOK22L8
0x0B08	0xD011      	BRA         UOK22L8
;__Lib_Math.c, 1203 :: 		UADD22L8:
UADD22L8:
;__Lib_Math.c, 1204 :: 		ADDWF   math_main_global_Remainder_1, F
0x0B0A	0x2608      	ADDWF       R8, 1, 0
;__Lib_Math.c, 1205 :: 		MOVF    math_main_global_Y_2,W
0x0B0C	0x5005      	MOVF        R5, 0, 0
;__Lib_Math.c, 1206 :: 		BTFSC   STATUS,C,0
0x0B0E	0xB0D8      	BTFSC       STATUS, 0, 0
;__Lib_Math.c, 1207 :: 		INCFSZ  math_main_global_Y_2,W
0x0B10	0x3C05      	INCFSZ      R5, 0, 0
;__Lib_Math.c, 1208 :: 		ADDWF   math_main_global_Remainder_2, F
0x0B12	0x2609      	ADDWF       R9, 1, 0
;__Lib_Math.c, 1209 :: 		MOVF    math_main_global_YHi_1,W
0x0B14	0x5006      	MOVF        R6, 0, 0
;__Lib_Math.c, 1210 :: 		BTFSC   STATUS,C,0
0x0B16	0xB0D8      	BTFSC       STATUS, 0, 0
;__Lib_Math.c, 1211 :: 		INCFSZ  math_main_global_YHi_1,W
0x0B18	0x3C06      	INCFSZ      R6, 0, 0
;__Lib_Math.c, 1212 :: 		ADDWF   math_main_global_RemainderHi_1, F
0x0B1A	0x260A      	ADDWF       R10, 1, 0
;__Lib_Math.c, 1213 :: 		MOVF    math_main_global_YHi_2,W
0x0B1C	0x5007      	MOVF        R7, 0, 0
;__Lib_Math.c, 1214 :: 		BTFSC   STATUS,C,0
0x0B1E	0xB0D8      	BTFSC       STATUS, 0, 0
;__Lib_Math.c, 1215 :: 		INCFSZ  math_main_global_YHi_2,W
0x0B20	0x3C07      	INCFSZ      R7, 0, 0
;__Lib_Math.c, 1216 :: 		ADDWF   math_main_global_RemainderHi_2, F
0x0B22	0x260B      	ADDWF       R11, 1, 0
;__Lib_Math.c, 1217 :: 		CLRF    WREG
0x0B24	0x6AE8      	CLRF        WREG, 0
;__Lib_Math.c, 1218 :: 		BTFSC   STATUS,C,0
0x0B26	0xB0D8      	BTFSC       STATUS, 0, 0
;__Lib_Math.c, 1219 :: 		MOVLW   1
0x0B28	0x0E01      	MOVLW       1
;__Lib_Math.c, 1220 :: 		ADDWF   math_main_global_TEMPB, F
0x0B2A	0x260E      	ADDWF       R14, 1, 0
;__Lib_Math.c, 1222 :: 		UOK22L8:
UOK22L8:
;__Lib_Math.c, 1223 :: 		RLCF    math_main_global_XHi_1, F
0x0B2C	0x3602      	RLCF        R2, 1, 0
;__Lib_Math.c, 1225 :: 		MOVLW   7
0x0B2E	0x0E07      	MOVLW       7
;__Lib_Math.c, 1226 :: 		MOVWF   math_main_global_LoopCount
0x0B30	0x6E0C      	MOVWF       R12, 0
;__Lib_Math.c, 1228 :: 		LOOPU3232B:
LOOPU3232B:
;__Lib_Math.c, 1229 :: 		RLCF    math_main_global_XHi_1,W
0x0B32	0x3402      	RLCF        R2, 0, 0
;__Lib_Math.c, 1230 :: 		RLCF    math_main_global_Remainder_1, F
0x0B34	0x3608      	RLCF        R8, 1, 0
;__Lib_Math.c, 1231 :: 		RLCF    math_main_global_Remainder_2, F
0x0B36	0x3609      	RLCF        R9, 1, 0
;__Lib_Math.c, 1232 :: 		RLCF    math_main_global_RemainderHi_1, F
0x0B38	0x360A      	RLCF        R10, 1, 0
;__Lib_Math.c, 1233 :: 		RLCF    math_main_global_RemainderHi_2, F
0x0B3A	0x360B      	RLCF        R11, 1, 0
;__Lib_Math.c, 1234 :: 		RLCF    math_main_global_TEMPB, F
0x0B3C	0x360E      	RLCF        R14, 1, 0
;__Lib_Math.c, 1235 :: 		MOVF    math_main_global_Y_1,W
0x0B3E	0x5004      	MOVF        R4, 0, 0
;__Lib_Math.c, 1236 :: 		BTFSS   math_main_global_XHi_1,0
0x0B40	0xA002      	BTFSS       R2, 0, 0
;__Lib_Math.c, 1237 :: 		BRA     UADD22LB
0x0B42	0xD012      	BRA         UADD22LB
;__Lib_Math.c, 1239 :: 		SUBWF   math_main_global_Remainder_1, F
0x0B44	0x5E08      	SUBWF       R8, 1, 0
;__Lib_Math.c, 1240 :: 		MOVF    math_main_global_Y_2,W
0x0B46	0x5005      	MOVF        R5, 0, 0
;__Lib_Math.c, 1241 :: 		BTFSS   STATUS,C,0
0x0B48	0xA0D8      	BTFSS       STATUS, 0, 0
;__Lib_Math.c, 1242 :: 		INCFSZ  math_main_global_Y_2,W
0x0B4A	0x3C05      	INCFSZ      R5, 0, 0
;__Lib_Math.c, 1243 :: 		SUBWF   math_main_global_Remainder_2, F
0x0B4C	0x5E09      	SUBWF       R9, 1, 0
;__Lib_Math.c, 1244 :: 		MOVF    math_main_global_YHi_1,W
0x0B4E	0x5006      	MOVF        R6, 0, 0
;__Lib_Math.c, 1245 :: 		BTFSS   STATUS,C,0
0x0B50	0xA0D8      	BTFSS       STATUS, 0, 0
;__Lib_Math.c, 1246 :: 		INCFSZ  math_main_global_YHi_1,W
0x0B52	0x3C06      	INCFSZ      R6, 0, 0
;__Lib_Math.c, 1247 :: 		SUBWF   math_main_global_RemainderHi_1, F
0x0B54	0x5E0A      	SUBWF       R10, 1, 0
;__Lib_Math.c, 1248 :: 		MOVF    math_main_global_YHi_2,W
0x0B56	0x5007      	MOVF        R7, 0, 0
;__Lib_Math.c, 1249 :: 		BTFSS   STATUS,C,0
0x0B58	0xA0D8      	BTFSS       STATUS, 0, 0
;__Lib_Math.c, 1250 :: 		INCFSZ  math_main_global_YHi_2,W
0x0B5A	0x3C07      	INCFSZ      R7, 0, 0
;__Lib_Math.c, 1251 :: 		SUBWF   math_main_global_RemainderHi_2, F
0x0B5C	0x5E0B      	SUBWF       R11, 1, 0
;__Lib_Math.c, 1252 :: 		CLRF    WREG
0x0B5E	0x6AE8      	CLRF        WREG, 0
;__Lib_Math.c, 1253 :: 		BTFSS   STATUS,C,0
0x0B60	0xA0D8      	BTFSS       STATUS, 0, 0
;__Lib_Math.c, 1254 :: 		MOVLW   1
0x0B62	0x0E01      	MOVLW       1
;__Lib_Math.c, 1255 :: 		SUBWF   math_main_global_TEMPB, F
0x0B64	0x5E0E      	SUBWF       R14, 1, 0
;__Lib_Math.c, 1256 :: 		BRA     UOK22LB
0x0B66	0xD011      	BRA         UOK22LB
;__Lib_Math.c, 1258 :: 		UADD22LB:
UADD22LB:
;__Lib_Math.c, 1259 :: 		ADDWF   math_main_global_Remainder_1, F
0x0B68	0x2608      	ADDWF       R8, 1, 0
;__Lib_Math.c, 1260 :: 		MOVF    math_main_global_Y_2,W
0x0B6A	0x5005      	MOVF        R5, 0, 0
;__Lib_Math.c, 1261 :: 		BTFSC   STATUS,C,0
0x0B6C	0xB0D8      	BTFSC       STATUS, 0, 0
;__Lib_Math.c, 1262 :: 		INCFSZ  math_main_global_Y_2,W
0x0B6E	0x3C05      	INCFSZ      R5, 0, 0
;__Lib_Math.c, 1263 :: 		ADDWF   math_main_global_Remainder_2, F
0x0B70	0x2609      	ADDWF       R9, 1, 0
;__Lib_Math.c, 1264 :: 		MOVF    math_main_global_YHi_1,W
0x0B72	0x5006      	MOVF        R6, 0, 0
;__Lib_Math.c, 1265 :: 		BTFSC   STATUS,C,0
0x0B74	0xB0D8      	BTFSC       STATUS, 0, 0
;__Lib_Math.c, 1266 :: 		INCFSZ  math_main_global_YHi_1,W
0x0B76	0x3C06      	INCFSZ      R6, 0, 0
;__Lib_Math.c, 1267 :: 		ADDWF   math_main_global_RemainderHi_1, F
0x0B78	0x260A      	ADDWF       R10, 1, 0
;__Lib_Math.c, 1268 :: 		MOVF    math_main_global_YHi_2,W
0x0B7A	0x5007      	MOVF        R7, 0, 0
;__Lib_Math.c, 1269 :: 		BTFSC   STATUS,C,0
0x0B7C	0xB0D8      	BTFSC       STATUS, 0, 0
;__Lib_Math.c, 1270 :: 		INCFSZ  math_main_global_YHi_2,W
0x0B7E	0x3C07      	INCFSZ      R7, 0, 0
;__Lib_Math.c, 1271 :: 		ADDWF   math_main_global_RemainderHi_2, F
0x0B80	0x260B      	ADDWF       R11, 1, 0
;__Lib_Math.c, 1272 :: 		CLRF    WREG
0x0B82	0x6AE8      	CLRF        WREG, 0
;__Lib_Math.c, 1273 :: 		BTFSC   STATUS,C,0
0x0B84	0xB0D8      	BTFSC       STATUS, 0, 0
;__Lib_Math.c, 1274 :: 		MOVLW   1
0x0B86	0x0E01      	MOVLW       1
;__Lib_Math.c, 1275 :: 		ADDWF   math_main_global_TEMPB, F
0x0B88	0x260E      	ADDWF       R14, 1, 0
;__Lib_Math.c, 1277 :: 		UOK22LB:
UOK22LB:
;__Lib_Math.c, 1278 :: 		RLCF    math_main_global_XHi_1, F
0x0B8A	0x3602      	RLCF        R2, 1, 0
;__Lib_Math.c, 1280 :: 		DECFSZ  math_main_global_LoopCount, F
0x0B8C	0x2E0C      	DECFSZ      R12, 1, 0
;__Lib_Math.c, 1281 :: 		BRA     LOOPU3232B
0x0B8E	0xD7D1      	BRA         LOOPU3232B
;__Lib_Math.c, 1283 :: 		RLCF    math_main_global_X_2,W
0x0B90	0x3401      	RLCF        R1, 0, 0
;__Lib_Math.c, 1284 :: 		RLCF    math_main_global_Remainder_1, F
0x0B92	0x3608      	RLCF        R8, 1, 0
;__Lib_Math.c, 1285 :: 		RLCF    math_main_global_Remainder_2, F
0x0B94	0x3609      	RLCF        R9, 1, 0
;__Lib_Math.c, 1286 :: 		RLCF    math_main_global_RemainderHi_1, F
0x0B96	0x360A      	RLCF        R10, 1, 0
;__Lib_Math.c, 1287 :: 		RLCF    math_main_global_RemainderHi_2, F
0x0B98	0x360B      	RLCF        R11, 1, 0
;__Lib_Math.c, 1288 :: 		RLCF    math_main_global_TEMPB, F
0x0B9A	0x360E      	RLCF        R14, 1, 0
;__Lib_Math.c, 1289 :: 		MOVF    math_main_global_Y_1,W
0x0B9C	0x5004      	MOVF        R4, 0, 0
;__Lib_Math.c, 1290 :: 		BTFSS   math_main_global_XHi_1,0
0x0B9E	0xA002      	BTFSS       R2, 0, 0
;__Lib_Math.c, 1291 :: 		BRA     UADD22L16
0x0BA0	0xD012      	BRA         UADD22L16
;__Lib_Math.c, 1293 :: 		SUBWF   math_main_global_Remainder_1, F
0x0BA2	0x5E08      	SUBWF       R8, 1, 0
;__Lib_Math.c, 1294 :: 		MOVF    math_main_global_Y_2,W
0x0BA4	0x5005      	MOVF        R5, 0, 0
;__Lib_Math.c, 1295 :: 		BTFSS   STATUS,C,0
0x0BA6	0xA0D8      	BTFSS       STATUS, 0, 0
;__Lib_Math.c, 1296 :: 		INCFSZ  math_main_global_Y_2,W
0x0BA8	0x3C05      	INCFSZ      R5, 0, 0
;__Lib_Math.c, 1297 :: 		SUBWF   math_main_global_Remainder_2, F
0x0BAA	0x5E09      	SUBWF       R9, 1, 0
;__Lib_Math.c, 1298 :: 		MOVF    math_main_global_YHi_1,W
0x0BAC	0x5006      	MOVF        R6, 0, 0
;__Lib_Math.c, 1299 :: 		BTFSS   STATUS,C,0
0x0BAE	0xA0D8      	BTFSS       STATUS, 0, 0
;__Lib_Math.c, 1300 :: 		INCFSZ  math_main_global_YHi_1,W
0x0BB0	0x3C06      	INCFSZ      R6, 0, 0
;__Lib_Math.c, 1301 :: 		SUBWF   math_main_global_RemainderHi_1, F
0x0BB2	0x5E0A      	SUBWF       R10, 1, 0
;__Lib_Math.c, 1302 :: 		MOVF    math_main_global_YHi_2,W
0x0BB4	0x5007      	MOVF        R7, 0, 0
;__Lib_Math.c, 1303 :: 		BTFSS   STATUS,C,0
0x0BB6	0xA0D8      	BTFSS       STATUS, 0, 0
;__Lib_Math.c, 1304 :: 		INCFSZ  math_main_global_YHi_2,W
0x0BB8	0x3C07      	INCFSZ      R7, 0, 0
;__Lib_Math.c, 1305 :: 		SUBWF   math_main_global_RemainderHi_2, F
0x0BBA	0x5E0B      	SUBWF       R11, 1, 0
;__Lib_Math.c, 1306 :: 		CLRF    WREG
0x0BBC	0x6AE8      	CLRF        WREG, 0
;__Lib_Math.c, 1307 :: 		BTFSS   STATUS,C,0
0x0BBE	0xA0D8      	BTFSS       STATUS, 0, 0
;__Lib_Math.c, 1308 :: 		MOVLW   1
0x0BC0	0x0E01      	MOVLW       1
;__Lib_Math.c, 1309 :: 		SUBWF   math_main_global_TEMPB, F
0x0BC2	0x5E0E      	SUBWF       R14, 1, 0
;__Lib_Math.c, 1310 :: 		BRA     UOK22L16
0x0BC4	0xD011      	BRA         UOK22L16
;__Lib_Math.c, 1312 :: 		UADD22L16:
UADD22L16:
;__Lib_Math.c, 1313 :: 		ADDWF   math_main_global_Remainder_1, F
0x0BC6	0x2608      	ADDWF       R8, 1, 0
;__Lib_Math.c, 1314 :: 		MOVF    math_main_global_Y_2,W
0x0BC8	0x5005      	MOVF        R5, 0, 0
;__Lib_Math.c, 1315 :: 		BTFSC   STATUS,C,0
0x0BCA	0xB0D8      	BTFSC       STATUS, 0, 0
;__Lib_Math.c, 1316 :: 		INCFSZ  math_main_global_Y_2,W
0x0BCC	0x3C05      	INCFSZ      R5, 0, 0
;__Lib_Math.c, 1317 :: 		ADDWF   math_main_global_Remainder_2, F
0x0BCE	0x2609      	ADDWF       R9, 1, 0
;__Lib_Math.c, 1318 :: 		MOVF    math_main_global_YHi_1,W
0x0BD0	0x5006      	MOVF        R6, 0, 0
;__Lib_Math.c, 1319 :: 		BTFSC   STATUS,C,0
0x0BD2	0xB0D8      	BTFSC       STATUS, 0, 0
;__Lib_Math.c, 1320 :: 		INCFSZ  math_main_global_YHi_1,W
0x0BD4	0x3C06      	INCFSZ      R6, 0, 0
;__Lib_Math.c, 1321 :: 		ADDWF   math_main_global_RemainderHi_1, F
0x0BD6	0x260A      	ADDWF       R10, 1, 0
;__Lib_Math.c, 1322 :: 		MOVF    math_main_global_YHi_2,W
0x0BD8	0x5007      	MOVF        R7, 0, 0
;__Lib_Math.c, 1323 :: 		BTFSC   STATUS,C,0
0x0BDA	0xB0D8      	BTFSC       STATUS, 0, 0
;__Lib_Math.c, 1324 :: 		INCFSZ  math_main_global_YHi_2,W
0x0BDC	0x3C07      	INCFSZ      R7, 0, 0
;__Lib_Math.c, 1325 :: 		ADDWF   math_main_global_RemainderHi_2, F
0x0BDE	0x260B      	ADDWF       R11, 1, 0
;__Lib_Math.c, 1326 :: 		CLRF    WREG
0x0BE0	0x6AE8      	CLRF        WREG, 0
;__Lib_Math.c, 1327 :: 		BTFSC   STATUS,C,0
0x0BE2	0xB0D8      	BTFSC       STATUS, 0, 0
;__Lib_Math.c, 1328 :: 		MOVLW   1
0x0BE4	0x0E01      	MOVLW       1
;__Lib_Math.c, 1329 :: 		ADDWF   math_main_global_TEMPB, F
0x0BE6	0x260E      	ADDWF       R14, 1, 0
;__Lib_Math.c, 1331 :: 		UOK22L16:
UOK22L16:
;__Lib_Math.c, 1332 :: 		RLCF    math_main_global_X_2, F
0x0BE8	0x3601      	RLCF        R1, 1, 0
;__Lib_Math.c, 1334 :: 		MOVLW   7
0x0BEA	0x0E07      	MOVLW       7
;__Lib_Math.c, 1335 :: 		MOVWF   math_main_global_LoopCount
0x0BEC	0x6E0C      	MOVWF       R12, 0
;__Lib_Math.c, 1337 :: 		LOOPU3232C:
LOOPU3232C:
;__Lib_Math.c, 1338 :: 		RLCF    math_main_global_X_2,W
0x0BEE	0x3401      	RLCF        R1, 0, 0
;__Lib_Math.c, 1339 :: 		RLCF    math_main_global_Remainder_1, F
0x0BF0	0x3608      	RLCF        R8, 1, 0
;__Lib_Math.c, 1340 :: 		RLCF    math_main_global_Remainder_2, F
0x0BF2	0x3609      	RLCF        R9, 1, 0
;__Lib_Math.c, 1341 :: 		RLCF    math_main_global_RemainderHi_1, F
0x0BF4	0x360A      	RLCF        R10, 1, 0
;__Lib_Math.c, 1342 :: 		RLCF    math_main_global_RemainderHi_2, F
0x0BF6	0x360B      	RLCF        R11, 1, 0
;__Lib_Math.c, 1343 :: 		RLCF    math_main_global_TEMPB, F
0x0BF8	0x360E      	RLCF        R14, 1, 0
;__Lib_Math.c, 1344 :: 		MOVF    math_main_global_Y_1,W
0x0BFA	0x5004      	MOVF        R4, 0, 0
;__Lib_Math.c, 1345 :: 		BTFSS   math_main_global_X_2,0
0x0BFC	0xA001      	BTFSS       R1, 0, 0
;__Lib_Math.c, 1346 :: 		BRA     UADD22LC
0x0BFE	0xD012      	BRA         UADD22LC
;__Lib_Math.c, 1348 :: 		SUBWF   math_main_global_Remainder_1, F
0x0C00	0x5E08      	SUBWF       R8, 1, 0
;__Lib_Math.c, 1349 :: 		MOVF    math_main_global_Y_2,W
0x0C02	0x5005      	MOVF        R5, 0, 0
;__Lib_Math.c, 1350 :: 		BTFSS   STATUS,C,0
0x0C04	0xA0D8      	BTFSS       STATUS, 0, 0
;__Lib_Math.c, 1351 :: 		INCFSZ  math_main_global_Y_2,W
0x0C06	0x3C05      	INCFSZ      R5, 0, 0
;__Lib_Math.c, 1352 :: 		SUBWF   math_main_global_Remainder_2, F
0x0C08	0x5E09      	SUBWF       R9, 1, 0
;__Lib_Math.c, 1353 :: 		MOVF    math_main_global_YHi_1,W
0x0C0A	0x5006      	MOVF        R6, 0, 0
;__Lib_Math.c, 1354 :: 		BTFSS   STATUS,C,0
0x0C0C	0xA0D8      	BTFSS       STATUS, 0, 0
;__Lib_Math.c, 1355 :: 		INCFSZ  math_main_global_YHi_1,W
0x0C0E	0x3C06      	INCFSZ      R6, 0, 0
;__Lib_Math.c, 1356 :: 		SUBWF   math_main_global_RemainderHi_1, F
0x0C10	0x5E0A      	SUBWF       R10, 1, 0
;__Lib_Math.c, 1357 :: 		MOVF    math_main_global_YHi_2,W
0x0C12	0x5007      	MOVF        R7, 0, 0
;__Lib_Math.c, 1358 :: 		BTFSS   STATUS,C,0
0x0C14	0xA0D8      	BTFSS       STATUS, 0, 0
;__Lib_Math.c, 1359 :: 		INCFSZ  math_main_global_YHi_2,W
0x0C16	0x3C07      	INCFSZ      R7, 0, 0
;__Lib_Math.c, 1360 :: 		SUBWF   math_main_global_RemainderHi_2, F
0x0C18	0x5E0B      	SUBWF       R11, 1, 0
;__Lib_Math.c, 1361 :: 		CLRF    WREG
0x0C1A	0x6AE8      	CLRF        WREG, 0
;__Lib_Math.c, 1362 :: 		BTFSS   STATUS,C,0
0x0C1C	0xA0D8      	BTFSS       STATUS, 0, 0
;__Lib_Math.c, 1363 :: 		MOVLW   1
0x0C1E	0x0E01      	MOVLW       1
;__Lib_Math.c, 1364 :: 		SUBWF   math_main_global_TEMPB, F
0x0C20	0x5E0E      	SUBWF       R14, 1, 0
;__Lib_Math.c, 1365 :: 		BRA     UOK22LC
0x0C22	0xD011      	BRA         UOK22LC
;__Lib_Math.c, 1367 :: 		UADD22LC:
UADD22LC:
;__Lib_Math.c, 1368 :: 		ADDWF   math_main_global_Remainder_1, F
0x0C24	0x2608      	ADDWF       R8, 1, 0
;__Lib_Math.c, 1369 :: 		MOVF    math_main_global_Y_2,W
0x0C26	0x5005      	MOVF        R5, 0, 0
;__Lib_Math.c, 1370 :: 		BTFSC   STATUS,C,0
0x0C28	0xB0D8      	BTFSC       STATUS, 0, 0
;__Lib_Math.c, 1371 :: 		INCFSZ  math_main_global_Y_2,W
0x0C2A	0x3C05      	INCFSZ      R5, 0, 0
;__Lib_Math.c, 1372 :: 		ADDWF   math_main_global_Remainder_2, F
0x0C2C	0x2609      	ADDWF       R9, 1, 0
;__Lib_Math.c, 1373 :: 		MOVF    math_main_global_YHi_1,W
0x0C2E	0x5006      	MOVF        R6, 0, 0
;__Lib_Math.c, 1374 :: 		BTFSC   STATUS,C,0
0x0C30	0xB0D8      	BTFSC       STATUS, 0, 0
;__Lib_Math.c, 1375 :: 		INCFSZ  math_main_global_YHi_1,W
0x0C32	0x3C06      	INCFSZ      R6, 0, 0
;__Lib_Math.c, 1376 :: 		ADDWF   math_main_global_RemainderHi_1, F
0x0C34	0x260A      	ADDWF       R10, 1, 0
;__Lib_Math.c, 1377 :: 		MOVF    math_main_global_YHi_2,W
0x0C36	0x5007      	MOVF        R7, 0, 0
;__Lib_Math.c, 1378 :: 		BTFSC   STATUS,C,0
0x0C38	0xB0D8      	BTFSC       STATUS, 0, 0
;__Lib_Math.c, 1379 :: 		INCFSZ  math_main_global_YHi_2,W
0x0C3A	0x3C07      	INCFSZ      R7, 0, 0
;__Lib_Math.c, 1380 :: 		ADDWF   math_main_global_RemainderHi_2, F
0x0C3C	0x260B      	ADDWF       R11, 1, 0
;__Lib_Math.c, 1381 :: 		CLRF    WREG
0x0C3E	0x6AE8      	CLRF        WREG, 0
;__Lib_Math.c, 1382 :: 		BTFSC   STATUS,C,0
0x0C40	0xB0D8      	BTFSC       STATUS, 0, 0
;__Lib_Math.c, 1383 :: 		MOVLW   1
0x0C42	0x0E01      	MOVLW       1
;__Lib_Math.c, 1384 :: 		ADDWF   math_main_global_TEMPB, F
0x0C44	0x260E      	ADDWF       R14, 1, 0
;__Lib_Math.c, 1386 :: 		UOK22LC:
UOK22LC:
;__Lib_Math.c, 1387 :: 		RLCF    math_main_global_X_2, F
0x0C46	0x3601      	RLCF        R1, 1, 0
;__Lib_Math.c, 1389 :: 		DECFSZ  math_main_global_LoopCount, F
0x0C48	0x2E0C      	DECFSZ      R12, 1, 0
;__Lib_Math.c, 1390 :: 		BRA     LOOPU3232C
0x0C4A	0xD7D1      	BRA         LOOPU3232C
;__Lib_Math.c, 1392 :: 		RLCF    math_main_global_X_1,W
0x0C4C	0x3400      	RLCF        R0, 0, 0
;__Lib_Math.c, 1393 :: 		RLCF    math_main_global_Remainder_1, F
0x0C4E	0x3608      	RLCF        R8, 1, 0
;__Lib_Math.c, 1394 :: 		RLCF    math_main_global_Remainder_2, F
0x0C50	0x3609      	RLCF        R9, 1, 0
;__Lib_Math.c, 1395 :: 		RLCF    math_main_global_RemainderHi_1, F
0x0C52	0x360A      	RLCF        R10, 1, 0
;__Lib_Math.c, 1396 :: 		RLCF    math_main_global_RemainderHi_2, F
0x0C54	0x360B      	RLCF        R11, 1, 0
;__Lib_Math.c, 1397 :: 		RLCF    math_main_global_TEMPB, F
0x0C56	0x360E      	RLCF        R14, 1, 0
;__Lib_Math.c, 1398 :: 		MOVF    math_main_global_Y_1,W
0x0C58	0x5004      	MOVF        R4, 0, 0
;__Lib_Math.c, 1399 :: 		BTFSS   math_main_global_X_2,0
0x0C5A	0xA001      	BTFSS       R1, 0, 0
;__Lib_Math.c, 1400 :: 		BRA     UADD22L24
0x0C5C	0xD012      	BRA         UADD22L24
;__Lib_Math.c, 1402 :: 		SUBWF   math_main_global_Remainder_1, F
0x0C5E	0x5E08      	SUBWF       R8, 1, 0
;__Lib_Math.c, 1403 :: 		MOVF    math_main_global_Y_2,W
0x0C60	0x5005      	MOVF        R5, 0, 0
;__Lib_Math.c, 1404 :: 		BTFSS   STATUS,C,0
0x0C62	0xA0D8      	BTFSS       STATUS, 0, 0
;__Lib_Math.c, 1405 :: 		INCFSZ  math_main_global_Y_2,W
0x0C64	0x3C05      	INCFSZ      R5, 0, 0
;__Lib_Math.c, 1406 :: 		SUBWF   math_main_global_Remainder_2, F
0x0C66	0x5E09      	SUBWF       R9, 1, 0
;__Lib_Math.c, 1407 :: 		MOVF    math_main_global_YHi_1,W
0x0C68	0x5006      	MOVF        R6, 0, 0
;__Lib_Math.c, 1408 :: 		BTFSS   STATUS,C,0
0x0C6A	0xA0D8      	BTFSS       STATUS, 0, 0
;__Lib_Math.c, 1409 :: 		INCFSZ  math_main_global_YHi_1,W
0x0C6C	0x3C06      	INCFSZ      R6, 0, 0
;__Lib_Math.c, 1410 :: 		SUBWF   math_main_global_RemainderHi_1, F
0x0C6E	0x5E0A      	SUBWF       R10, 1, 0
;__Lib_Math.c, 1411 :: 		MOVF    math_main_global_YHi_2,W
0x0C70	0x5007      	MOVF        R7, 0, 0
;__Lib_Math.c, 1412 :: 		BTFSS   STATUS,C,0
0x0C72	0xA0D8      	BTFSS       STATUS, 0, 0
;__Lib_Math.c, 1413 :: 		INCFSZ  math_main_global_YHi_2,W
0x0C74	0x3C07      	INCFSZ      R7, 0, 0
;__Lib_Math.c, 1414 :: 		SUBWF   math_main_global_RemainderHi_2, F
0x0C76	0x5E0B      	SUBWF       R11, 1, 0
;__Lib_Math.c, 1415 :: 		CLRF    WREG
0x0C78	0x6AE8      	CLRF        WREG, 0
;__Lib_Math.c, 1416 :: 		BTFSS   STATUS,C,0
0x0C7A	0xA0D8      	BTFSS       STATUS, 0, 0
;__Lib_Math.c, 1417 :: 		MOVLW   1
0x0C7C	0x0E01      	MOVLW       1
;__Lib_Math.c, 1418 :: 		SUBWF   math_main_global_TEMPB, F
0x0C7E	0x5E0E      	SUBWF       R14, 1, 0
;__Lib_Math.c, 1419 :: 		BRA     UOK22L24
0x0C80	0xD011      	BRA         UOK22L24
;__Lib_Math.c, 1421 :: 		UADD22L24:
UADD22L24:
;__Lib_Math.c, 1422 :: 		ADDWF   math_main_global_Remainder_1, F
0x0C82	0x2608      	ADDWF       R8, 1, 0
;__Lib_Math.c, 1423 :: 		MOVF    math_main_global_Y_2,W
0x0C84	0x5005      	MOVF        R5, 0, 0
;__Lib_Math.c, 1424 :: 		BTFSC   STATUS,C,0
0x0C86	0xB0D8      	BTFSC       STATUS, 0, 0
;__Lib_Math.c, 1425 :: 		INCFSZ  math_main_global_Y_2,W
0x0C88	0x3C05      	INCFSZ      R5, 0, 0
;__Lib_Math.c, 1426 :: 		ADDWF   math_main_global_Remainder_2, F
0x0C8A	0x2609      	ADDWF       R9, 1, 0
;__Lib_Math.c, 1427 :: 		MOVF    math_main_global_YHi_1,W
0x0C8C	0x5006      	MOVF        R6, 0, 0
;__Lib_Math.c, 1428 :: 		BTFSC   STATUS,C,0
0x0C8E	0xB0D8      	BTFSC       STATUS, 0, 0
;__Lib_Math.c, 1429 :: 		INCFSZ  math_main_global_YHi_1,W
0x0C90	0x3C06      	INCFSZ      R6, 0, 0
;__Lib_Math.c, 1430 :: 		ADDWF   math_main_global_RemainderHi_1, F
0x0C92	0x260A      	ADDWF       R10, 1, 0
;__Lib_Math.c, 1431 :: 		MOVF    math_main_global_YHi_2,W
0x0C94	0x5007      	MOVF        R7, 0, 0
;__Lib_Math.c, 1432 :: 		BTFSC   STATUS,C,0
0x0C96	0xB0D8      	BTFSC       STATUS, 0, 0
;__Lib_Math.c, 1433 :: 		INCFSZ  math_main_global_YHi_2,W
0x0C98	0x3C07      	INCFSZ      R7, 0, 0
;__Lib_Math.c, 1434 :: 		ADDWF   math_main_global_RemainderHi_2, F
0x0C9A	0x260B      	ADDWF       R11, 1, 0
;__Lib_Math.c, 1435 :: 		CLRF    WREG
0x0C9C	0x6AE8      	CLRF        WREG, 0
;__Lib_Math.c, 1436 :: 		BTFSC   STATUS,C,0
0x0C9E	0xB0D8      	BTFSC       STATUS, 0, 0
;__Lib_Math.c, 1437 :: 		MOVLW   1
0x0CA0	0x0E01      	MOVLW       1
;__Lib_Math.c, 1438 :: 		ADDWF   math_main_global_TEMPB, F
0x0CA2	0x260E      	ADDWF       R14, 1, 0
;__Lib_Math.c, 1440 :: 		UOK22L24:
UOK22L24:
;__Lib_Math.c, 1441 :: 		RLCF    math_main_global_X_1, F
0x0CA4	0x3600      	RLCF        R0, 1, 0
;__Lib_Math.c, 1443 :: 		MOVLW   7
0x0CA6	0x0E07      	MOVLW       7
;__Lib_Math.c, 1444 :: 		MOVWF   math_main_global_LoopCount
0x0CA8	0x6E0C      	MOVWF       R12, 0
;__Lib_Math.c, 1446 :: 		LOOPU3232D:
LOOPU3232D:
;__Lib_Math.c, 1447 :: 		RLCF    math_main_global_X_1,W
0x0CAA	0x3400      	RLCF        R0, 0, 0
;__Lib_Math.c, 1448 :: 		RLCF    math_main_global_Remainder_1, F
0x0CAC	0x3608      	RLCF        R8, 1, 0
;__Lib_Math.c, 1449 :: 		RLCF    math_main_global_Remainder_2, F
0x0CAE	0x3609      	RLCF        R9, 1, 0
;__Lib_Math.c, 1450 :: 		RLCF    math_main_global_RemainderHi_1, F
0x0CB0	0x360A      	RLCF        R10, 1, 0
;__Lib_Math.c, 1451 :: 		RLCF    math_main_global_RemainderHi_2, F
0x0CB2	0x360B      	RLCF        R11, 1, 0
;__Lib_Math.c, 1452 :: 		RLCF    math_main_global_TEMPB, F
0x0CB4	0x360E      	RLCF        R14, 1, 0
;__Lib_Math.c, 1453 :: 		MOVF    math_main_global_Y_1,W
0x0CB6	0x5004      	MOVF        R4, 0, 0
;__Lib_Math.c, 1454 :: 		BTFSS   math_main_global_X_1,0
0x0CB8	0xA000      	BTFSS       R0, 0, 0
;__Lib_Math.c, 1455 :: 		BRA     UADD22LD
0x0CBA	0xD012      	BRA         UADD22LD
;__Lib_Math.c, 1457 :: 		SUBWF   math_main_global_Remainder_1, F
0x0CBC	0x5E08      	SUBWF       R8, 1, 0
;__Lib_Math.c, 1458 :: 		MOVF    math_main_global_Y_2,W
0x0CBE	0x5005      	MOVF        R5, 0, 0
;__Lib_Math.c, 1459 :: 		BTFSS   STATUS,C,0
0x0CC0	0xA0D8      	BTFSS       STATUS, 0, 0
;__Lib_Math.c, 1460 :: 		INCFSZ  math_main_global_Y_2,W
0x0CC2	0x3C05      	INCFSZ      R5, 0, 0
;__Lib_Math.c, 1461 :: 		SUBWF   math_main_global_Remainder_2, F
0x0CC4	0x5E09      	SUBWF       R9, 1, 0
;__Lib_Math.c, 1462 :: 		MOVF    math_main_global_YHi_1,W
0x0CC6	0x5006      	MOVF        R6, 0, 0
;__Lib_Math.c, 1463 :: 		BTFSS   STATUS,C,0
0x0CC8	0xA0D8      	BTFSS       STATUS, 0, 0
;__Lib_Math.c, 1464 :: 		INCFSZ  math_main_global_YHi_1,W
0x0CCA	0x3C06      	INCFSZ      R6, 0, 0
;__Lib_Math.c, 1465 :: 		SUBWF   math_main_global_RemainderHi_1, F
0x0CCC	0x5E0A      	SUBWF       R10, 1, 0
;__Lib_Math.c, 1466 :: 		MOVF    math_main_global_YHi_2,W
0x0CCE	0x5007      	MOVF        R7, 0, 0
;__Lib_Math.c, 1467 :: 		BTFSS   STATUS,C,0
0x0CD0	0xA0D8      	BTFSS       STATUS, 0, 0
;__Lib_Math.c, 1468 :: 		INCFSZ  math_main_global_YHi_2,W
0x0CD2	0x3C07      	INCFSZ      R7, 0, 0
;__Lib_Math.c, 1469 :: 		SUBWF   math_main_global_RemainderHi_2, F
0x0CD4	0x5E0B      	SUBWF       R11, 1, 0
;__Lib_Math.c, 1470 :: 		CLRF    WREG
0x0CD6	0x6AE8      	CLRF        WREG, 0
;__Lib_Math.c, 1471 :: 		BTFSS   STATUS,C,0
0x0CD8	0xA0D8      	BTFSS       STATUS, 0, 0
;__Lib_Math.c, 1472 :: 		MOVLW   1
0x0CDA	0x0E01      	MOVLW       1
;__Lib_Math.c, 1473 :: 		SUBWF   math_main_global_TEMPB, F
0x0CDC	0x5E0E      	SUBWF       R14, 1, 0
;__Lib_Math.c, 1474 :: 		BRA     UOK22LD
0x0CDE	0xD011      	BRA         UOK22LD
;__Lib_Math.c, 1476 :: 		UADD22LD:
UADD22LD:
;__Lib_Math.c, 1477 :: 		ADDWF   math_main_global_Remainder_1, F
0x0CE0	0x2608      	ADDWF       R8, 1, 0
;__Lib_Math.c, 1478 :: 		MOVF    math_main_global_Y_2,W
0x0CE2	0x5005      	MOVF        R5, 0, 0
;__Lib_Math.c, 1479 :: 		BTFSC   STATUS,C,0
0x0CE4	0xB0D8      	BTFSC       STATUS, 0, 0
;__Lib_Math.c, 1480 :: 		INCFSZ  math_main_global_Y_2,W
0x0CE6	0x3C05      	INCFSZ      R5, 0, 0
;__Lib_Math.c, 1481 :: 		ADDWF   math_main_global_Remainder_2, F
0x0CE8	0x2609      	ADDWF       R9, 1, 0
;__Lib_Math.c, 1482 :: 		MOVF    math_main_global_YHi_1,W
0x0CEA	0x5006      	MOVF        R6, 0, 0
;__Lib_Math.c, 1483 :: 		BTFSC   STATUS,C,0
0x0CEC	0xB0D8      	BTFSC       STATUS, 0, 0
;__Lib_Math.c, 1484 :: 		INCFSZ  math_main_global_YHi_1,W
0x0CEE	0x3C06      	INCFSZ      R6, 0, 0
;__Lib_Math.c, 1485 :: 		ADDWF   math_main_global_RemainderHi_1, F
0x0CF0	0x260A      	ADDWF       R10, 1, 0
;__Lib_Math.c, 1486 :: 		MOVF    math_main_global_YHi_2,W
0x0CF2	0x5007      	MOVF        R7, 0, 0
;__Lib_Math.c, 1487 :: 		BTFSC   STATUS,C,0
0x0CF4	0xB0D8      	BTFSC       STATUS, 0, 0
;__Lib_Math.c, 1488 :: 		INCFSZ  math_main_global_YHi_2,W
0x0CF6	0x3C07      	INCFSZ      R7, 0, 0
;__Lib_Math.c, 1489 :: 		ADDWF   math_main_global_RemainderHi_2, F
0x0CF8	0x260B      	ADDWF       R11, 1, 0
;__Lib_Math.c, 1490 :: 		CLRF    WREG
0x0CFA	0x6AE8      	CLRF        WREG, 0
;__Lib_Math.c, 1491 :: 		BTFSC   STATUS,C,0
0x0CFC	0xB0D8      	BTFSC       STATUS, 0, 0
;__Lib_Math.c, 1492 :: 		MOVLW   1
0x0CFE	0x0E01      	MOVLW       1
;__Lib_Math.c, 1493 :: 		ADDWF   math_main_global_TEMPB, F
0x0D00	0x260E      	ADDWF       R14, 1, 0
;__Lib_Math.c, 1495 :: 		UOK22LD:
UOK22LD:
;__Lib_Math.c, 1496 :: 		RLCF    math_main_global_X_1, F
0x0D02	0x3600      	RLCF        R0, 1, 0
;__Lib_Math.c, 1498 :: 		DECFSZ  math_main_global_LoopCount, F
0x0D04	0x2E0C      	DECFSZ      R12, 1, 0
;__Lib_Math.c, 1499 :: 		BRA     LOOPU3232D
0x0D06	0xD7D1      	BRA         LOOPU3232D
;__Lib_Math.c, 1501 :: 		BTFSC   math_main_global_X_1,0
0x0D08	0xB000      	BTFSC       R0, 0, 0
;__Lib_Math.c, 1502 :: 		BRA     UOK22L
0x0D0A	0xD00E      	BRA         UOK22L
;__Lib_Math.c, 1503 :: 		MOVF    math_main_global_Y_1,W
0x0D0C	0x5004      	MOVF        R4, 0, 0
;__Lib_Math.c, 1504 :: 		ADDWF   math_main_global_Remainder_1, F
0x0D0E	0x2608      	ADDWF       R8, 1, 0
;__Lib_Math.c, 1505 :: 		MOVF    math_main_global_Y_2,W
0x0D10	0x5005      	MOVF        R5, 0, 0
;__Lib_Math.c, 1506 :: 		BTFSC   STATUS,C,0
0x0D12	0xB0D8      	BTFSC       STATUS, 0, 0
;__Lib_Math.c, 1507 :: 		INCFSZ  math_main_global_Y_2,W
0x0D14	0x3C05      	INCFSZ      R5, 0, 0
;__Lib_Math.c, 1508 :: 		ADDWF   math_main_global_Remainder_2, F
0x0D16	0x2609      	ADDWF       R9, 1, 0
;__Lib_Math.c, 1509 :: 		MOVF    math_main_global_YHi_1,W
0x0D18	0x5006      	MOVF        R6, 0, 0
;__Lib_Math.c, 1510 :: 		BTFSC   STATUS,C,0
0x0D1A	0xB0D8      	BTFSC       STATUS, 0, 0
;__Lib_Math.c, 1511 :: 		INCFSZ  math_main_global_YHi_1,W
0x0D1C	0x3C06      	INCFSZ      R6, 0, 0
;__Lib_Math.c, 1512 :: 		ADDWF   math_main_global_RemainderHi_1, F
0x0D1E	0x260A      	ADDWF       R10, 1, 0
;__Lib_Math.c, 1513 :: 		MOVF    math_main_global_YHi_2,W
0x0D20	0x5007      	MOVF        R7, 0, 0
;__Lib_Math.c, 1514 :: 		BTFSC   STATUS,C,0
0x0D22	0xB0D8      	BTFSC       STATUS, 0, 0
;__Lib_Math.c, 1515 :: 		INCFSZ  math_main_global_YHi_2,W
0x0D24	0x3C07      	INCFSZ      R7, 0, 0
;__Lib_Math.c, 1516 :: 		ADDWF   math_main_global_RemainderHi_2, F
0x0D26	0x260B      	ADDWF       R11, 1, 0
;__Lib_Math.c, 1518 :: 		UOK22L:
UOK22L:
;__Lib_Math.c, 1532 :: 		*         X  <--  X * Y
L_end_Div_32x32_U:
0x0D28	0x0012      	RETURN      0
; end of _Div_32x32_U
_Sub_32x32_FP:
;__Lib_MathDouble.c, 1064 :: 		void Sub_32x32_FP()
;__Lib_MathDouble.c, 1067 :: 		FPS32:
;__Lib_MathDouble.c, 1068 :: 		BTG       math_double_main_global_YHi_2,7
0x0D2A	0x7E06      	BTG         R6, 7, 0
;__Lib_MathDouble.c, 1070 :: 		Add_32x32_FP();
0x0D2C	0xF002EC62  	CALL        _Add_32x32_FP, 0
;__Lib_MathDouble.c, 1090 :: 		* @note Due to a lack of stack FPFLAGS is multiplexed with TEMPB0, since they are not alive at the same time.
L_end_Sub_32x32_FP:
0x0D30	0x0012      	RETURN      0
; end of _Sub_32x32_FP
_longword2double:
;__Lib_MathDouble.c, 2368 :: 		void longword2double()
;__Lib_MathDouble.c, 2371 :: 		MOVF      math_double_main_global_XLo_2,W
0x0D32	0x5000      	MOVF        R0, 0, 0
;__Lib_MathDouble.c, 2372 :: 		MOVWF     math_double_main_global_XLo_1
0x0D34	0x6E08      	MOVWF       R8, 0
;__Lib_MathDouble.c, 2373 :: 		MOVF      math_double_main_global_XHi_1,W
0x0D36	0x5001      	MOVF        R1, 0, 0
;__Lib_MathDouble.c, 2374 :: 		MOVWF     math_double_main_global_XLo_2
0x0D38	0x6E00      	MOVWF       R0, 0
;__Lib_MathDouble.c, 2375 :: 		MOVF      math_double_main_global_XHi_2,W
0x0D3A	0x5002      	MOVF        R2, 0, 0
;__Lib_MathDouble.c, 2376 :: 		MOVWF     math_double_main_global_XHi_1
0x0D3C	0x6E01      	MOVWF       R1, 0
;__Lib_MathDouble.c, 2377 :: 		MOVF      math_double_main_global_XExp,W
0x0D3E	0x5003      	MOVF        R3, 0, 0
;__Lib_MathDouble.c, 2378 :: 		MOVWF     math_double_main_global_XHi_2
0x0D40	0x6E02      	MOVWF       R2, 0
;__Lib_MathDouble.c, 2379 :: 		CLRF      math_double_main_global_XExp
0x0D42	0x6A03      	CLRF        R3, 0
;__Lib_MathDouble.c, 2381 :: 		FLO32U32:
;__Lib_MathDouble.c, 2382 :: 		CLRF      math_double_main_global_FPFLAGS
0x0D44	0x6A0B      	CLRF        R11, 0
;__Lib_MathDouble.c, 2383 :: 		CLRF      math_double_main_global_jmpFlg
0x0D46	0x6A0C      	CLRF        R12, 0
;__Lib_MathDouble.c, 2385 :: 		MOVLW     0x9E
0x0D48	0x0E9E      	MOVLW       158
;__Lib_MathDouble.c, 2386 :: 		MOVWF     math_double_main_global_XExp
0x0D4A	0x6E03      	MOVWF       R3, 0
;__Lib_MathDouble.c, 2387 :: 		CLRF      math_double_main_global_Sign
0x0D4C	0x6A0A      	CLRF        R10, 0
;__Lib_MathDouble.c, 2388 :: 		MOVLW     0x02
0x0D4E	0x0E02      	MOVLW       2
;__Lib_MathDouble.c, 2389 :: 		MOVWF     math_double_main_global_jmpFlg
0x0D50	0x6E0C      	MOVWF       R12, 0
;__Lib_MathDouble.c, 2391 :: 		NRM4032();
0x0D52	0xF000EC34  	CALL        _NRM4032, 0
;__Lib_MathDouble.c, 2409 :: 		* @return 1 if the numbers are equal, 0 otherwise.
L_end_longword2double:
0x0D56	0x0012      	RETURN      0
; end of _longword2double
cstdio___isdigit:
;cstdio.c, 175 :: 		static unsigned short __isdigit( char character )
;cstdio.c, 177 :: 		return ( ( character <= '9' ) && ( character >= '0' ) );
0x0D58	0x0100      	MOVLB       0
0x0D5A	0x517E      	MOVF        FARG_cstdio___isdigit_character, 0, 1
0x0D5C	0x0839      	SUBLW       57
0x0D5E	0xE306      	BNC         L_cstdio___isdigit1
0x0D60	0x0E30      	MOVLW       48
0x0D62	0x5D7E      	SUBWF       FARG_cstdio___isdigit_character, 0, 1
0x0D64	0xE303      	BNC         L_cstdio___isdigit1
0x0D66	0x0E01      	MOVLW       1
0x0D68	0x6E00      	MOVWF       R0 
0x0D6A	0xD001      	BRA         L_cstdio___isdigit0
L_cstdio___isdigit1:
0x0D6C	0x6A00      	CLRF        R0 
L_cstdio___isdigit0:
;cstdio.c, 185 :: 		* @return float Returns rounded float value.
L_end___isdigit:
0x0D6E	0x0012      	RETURN      0
; end of cstdio___isdigit
_Equals_Double:
;__Lib_MathDouble.c, 2411 :: 		void Equals_Double()
;__Lib_MathDouble.c, 2414 :: 		MOVF     math_double_main_global_XExp,W
0x0D70	0x5003      	MOVF        R3, 0, 0
;__Lib_MathDouble.c, 2415 :: 		XORWF    math_double_main_global_YExp,W
0x0D72	0x1807      	XORWF       R7, 0, 0
;__Lib_MathDouble.c, 2416 :: 		BTFSS    STATUS,Z,0
0x0D74	0xA4D8      	BTFSS       STATUS, 2, 0
;__Lib_MathDouble.c, 2417 :: 		GOTO     EQU_FALSE
0x0D76	0xF006EFCC  	GOTO        EQU_FALSE
;__Lib_MathDouble.c, 2419 :: 		MOVF     math_double_main_global_XHi_2,W
0x0D7A	0x5002      	MOVF        R2, 0, 0
;__Lib_MathDouble.c, 2420 :: 		XORWF    math_double_main_global_YHi_2,W
0x0D7C	0x1806      	XORWF       R6, 0, 0
;__Lib_MathDouble.c, 2421 :: 		BTFSS    STATUS,Z,0
0x0D7E	0xA4D8      	BTFSS       STATUS, 2, 0
;__Lib_MathDouble.c, 2422 :: 		GOTO     EQU_FALSE
0x0D80	0xF006EFCC  	GOTO        EQU_FALSE
;__Lib_MathDouble.c, 2424 :: 		MOVF     math_double_main_global_XHi_1,W
0x0D84	0x5001      	MOVF        R1, 0, 0
;__Lib_MathDouble.c, 2425 :: 		XORWF    math_double_main_global_YHi_1,W
0x0D86	0x1805      	XORWF       R5, 0, 0
;__Lib_MathDouble.c, 2426 :: 		BTFSS    STATUS,Z,0
0x0D88	0xA4D8      	BTFSS       STATUS, 2, 0
;__Lib_MathDouble.c, 2427 :: 		GOTO     EQU_FALSE
0x0D8A	0xF006EFCC  	GOTO        EQU_FALSE
;__Lib_MathDouble.c, 2429 :: 		MOVF     math_double_main_global_XLo_2,W
0x0D8E	0x5000      	MOVF        R0, 0, 0
;__Lib_MathDouble.c, 2430 :: 		XORWF    math_double_main_global_YLo_2,W
0x0D90	0x1804      	XORWF       R4, 0, 0
;__Lib_MathDouble.c, 2431 :: 		BTFSC    STATUS,Z,0
0x0D92	0xB4D8      	BTFSC       STATUS, 2, 0
;__Lib_MathDouble.c, 2434 :: 		BSF      STATUS, Z
0x0D94	0x84D8      	BSF         STATUS, 2, 0
;__Lib_MathDouble.c, 2435 :: 		RETURN
0x0D96	0x0012      	RETURN      0
;__Lib_MathDouble.c, 2437 :: 		EQU_FALSE:
EQU_FALSE:
;__Lib_MathDouble.c, 2439 :: 		BCF      STATUS, Z
0x0D98	0x94D8      	BCF         STATUS, 2, 0
;__Lib_MathDouble.c, 2440 :: 		RETURN
0x0D9A	0x0012      	RETURN      0
;__Lib_MathDouble.c, 2459 :: 		*                            4 if '<'.
L_end_Equals_Double:
0x0D9C	0x0012      	RETURN      0
; end of _Equals_Double
_Mul_16X16_U:
;__Lib_Math.c, 392 :: 		void Mul_16X16_U()
;__Lib_Math.c, 395 :: 		CLRF    math_main_global_UpperWord_2
0x0D9E	0x6A0B      	CLRF        R11, 0
;__Lib_Math.c, 396 :: 		CLRF    math_main_global_UpperWord_1
0x0DA0	0x6A0A      	CLRF        R10, 0
;__Lib_Math.c, 397 :: 		CLRF    math_main_global_LowerWord_2
0x0DA2	0x6A09      	CLRF        R9, 0
;__Lib_Math.c, 398 :: 		MOVF    math_main_global_X_1, W
0x0DA4	0x5000      	MOVF        R0, 0, 0
;__Lib_Math.c, 399 :: 		MULWF   math_main_global_Y_1
0x0DA6	0x0204      	MULWF       R4, 0
;__Lib_Math.c, 401 :: 		MOVFF   PRODH, math_main_global_LowerWord_2
0x0DA8	0xF009CFF4  	MOVFF       PRODH, R9
;__Lib_Math.c, 402 :: 		MOVFF   PRODL, math_main_global_LowerWord_1
0x0DAC	0xF008CFF3  	MOVFF       PRODL, R8
;__Lib_Math.c, 403 :: 		MOVF    math_main_global_X_2, W
0x0DB0	0x5001      	MOVF        R1, 0, 0
;__Lib_Math.c, 404 :: 		MULWF   math_main_global_Y_2
0x0DB2	0x0205      	MULWF       R5, 0
;__Lib_Math.c, 406 :: 		MOVFF   PRODH, math_main_global_UpperWord_2
0x0DB4	0xF00BCFF4  	MOVFF       PRODH, R11
;__Lib_Math.c, 407 :: 		MOVFF   PRODL, math_main_global_UpperWord_1
0x0DB8	0xF00ACFF3  	MOVFF       PRODL, R10
;__Lib_Math.c, 408 :: 		MOVF    math_main_global_X_1, W
0x0DBC	0x5000      	MOVF        R0, 0, 0
;__Lib_Math.c, 409 :: 		MULWF   math_main_global_Y_2
0x0DBE	0x0205      	MULWF       R5, 0
;__Lib_Math.c, 411 :: 		MOVF    PRODL, W, 0
0x0DC0	0x50F3      	MOVF        PRODL, 0, 0
;__Lib_Math.c, 412 :: 		ADDWF   math_main_global_LowerWord_2, F
0x0DC2	0x2609      	ADDWF       R9, 1, 0
;__Lib_Math.c, 413 :: 		MOVF    PRODH, W, 0
0x0DC4	0x50F4      	MOVF        PRODH, 0, 0
;__Lib_Math.c, 414 :: 		ADDWFC  math_main_global_UpperWord_1, F
0x0DC6	0x220A      	ADDWFC      R10, 1, 0
;__Lib_Math.c, 415 :: 		CLRF    WREG , 0
0x0DC8	0x6AE8      	CLRF        WREG, 0
;__Lib_Math.c, 416 :: 		ADDWFC  math_main_global_UpperWord_2, F
0x0DCA	0x220B      	ADDWFC      R11, 1, 0
;__Lib_Math.c, 417 :: 		MOVF    math_main_global_X_2, W
0x0DCC	0x5001      	MOVF        R1, 0, 0
;__Lib_Math.c, 418 :: 		MULWF   math_main_global_Y_1
0x0DCE	0x0204      	MULWF       R4, 0
;__Lib_Math.c, 420 :: 		MOVF    PRODL, W, 0
0x0DD0	0x50F3      	MOVF        PRODL, 0, 0
;__Lib_Math.c, 421 :: 		ADDWF   math_main_global_LowerWord_2, F
0x0DD2	0x2609      	ADDWF       R9, 1, 0
;__Lib_Math.c, 422 :: 		MOVF    PRODH, W, 0
0x0DD4	0x50F4      	MOVF        PRODH, 0, 0
;__Lib_Math.c, 423 :: 		ADDWFC  math_main_global_UpperWord_1, F
0x0DD6	0x220A      	ADDWFC      R10, 1, 0
;__Lib_Math.c, 424 :: 		CLRF    WREG , 0
0x0DD8	0x6AE8      	CLRF        WREG, 0
;__Lib_Math.c, 425 :: 		ADDWFC  math_main_global_UpperWord_2, F
0x0DDA	0x220B      	ADDWFC      R11, 1, 0
;__Lib_Math.c, 427 :: 		MOVFF   math_main_global_LowerWord_1, R0
0x0DDC	0xF000C008  	MOVFF       R8, R0
;__Lib_Math.c, 428 :: 		MOVFF   math_main_global_LowerWord_2, R1
0x0DE0	0xF001C009  	MOVFF       R9, R1
;__Lib_Math.c, 429 :: 		MOVFF   math_main_global_UpperWord_1, R2
0x0DE4	0xF002C00A  	MOVFF       R10, R2
;__Lib_Math.c, 430 :: 		MOVFF   math_main_global_UpperWord_2, R3
0x0DE8	0xF003C00B  	MOVFF       R11, R3
;__Lib_Math.c, 432 :: 		}
L_end_Mul_16X16_U:
0x0DEC	0x0012      	RETURN      0
; end of _Mul_16X16_U
_____DoIFC:
;__Lib_System_xxK40.c, 105 :: 		void ____DoIFC()
;__Lib_System_xxK40.c, 107 :: 		asm MOVF INTCON,0;
0x0DEE	0x50F2      	MOVF        INTCON, 0, 0
;__Lib_System_xxK40.c, 108 :: 		asm MOVWF R2;
0x0DF0	0x6E02      	MOVWF       R2, 0
;__Lib_System_xxK40.c, 109 :: 		INTCON.GIE = 0;
0x0DF2	0x9EF2      	BCF         INTCON, 7 
;__Lib_System_xxK40.c, 110 :: 		asm push;
0x0DF4	0x0005      	PUSH
;__Lib_System_xxK40.c, 111 :: 		asm CLRF TOSU;
0x0DF6	0x6AFF      	CLRF        TOSU, 0
;__Lib_System_xxK40.c, 112 :: 		asm MOVF R1,0
0x0DF8	0x5001      	MOVF        R1, 0, 0
;__Lib_System_xxK40.c, 113 :: 		asm MOVWF TOSH;
0x0DFA	0x6EFE      	MOVWF       TOSH, 0
;__Lib_System_xxK40.c, 114 :: 		asm MOVF R0,0
0x0DFC	0x5000      	MOVF        R0, 0, 0
;__Lib_System_xxK40.c, 115 :: 		asm MOVWF TOSL;
0x0DFE	0x6EFD      	MOVWF       TOSL, 0
;__Lib_System_xxK40.c, 116 :: 		asm BTFSC R2,GIE;
0x0E00	0xBE02      	BTFSC       R2, 7, 0
;__Lib_System_xxK40.c, 117 :: 		asm BSF INTCON,GIE;
0x0E02	0x8EF2      	BSF         INTCON, 7, 0
;__Lib_System_xxK40.c, 118 :: 		return;
;__Lib_System_xxK40.c, 119 :: 		}
L_end_____DoIFC:
0x0E04	0x0012      	RETURN      0
; end of _____DoIFC
_Compare_Double:
;__Lib_MathDouble.c, 2461 :: 		void Compare_Double()
;__Lib_MathDouble.c, 2464 :: 		CLRF     math_double_main_global_Sign
0x0E06	0x6A0A      	CLRF        R10, 0
;__Lib_MathDouble.c, 2465 :: 		MOVF     math_double_main_global_XExp,W
0x0E08	0x5003      	MOVF        R3, 0, 0
;__Lib_MathDouble.c, 2466 :: 		BTFSS    STATUS,Z,0
0x0E0A	0xA4D8      	BTFSS       STATUS, 2, 0
;__Lib_MathDouble.c, 2467 :: 		BSF      math_double_main_global_Sign,0
0x0E0C	0x800A      	BSF         R10, 0, 0
;__Lib_MathDouble.c, 2468 :: 		MOVF     math_double_main_global_YExp,W
0x0E0E	0x5007      	MOVF        R7, 0, 0
;__Lib_MathDouble.c, 2469 :: 		BTFSS    STATUS,Z,0
0x0E10	0xA4D8      	BTFSS       STATUS, 2, 0
;__Lib_MathDouble.c, 2470 :: 		BSF      math_double_main_global_Sign,1
0x0E12	0x820A      	BSF         R10, 1, 0
;__Lib_MathDouble.c, 2472 :: 		MOVF     math_double_main_global_Sign,W
0x0E14	0x500A      	MOVF        R10, 0, 0
;__Lib_MathDouble.c, 2473 :: 		BTFSC    STATUS,Z,0
0x0E16	0xB4D8      	BTFSC       STATUS, 2, 0
;__Lib_MathDouble.c, 2474 :: 		GOTO     COMPARE_EQU
0x0E18	0xF007EF66  	GOTO        COMPARE_EQU
;__Lib_MathDouble.c, 2475 :: 		XORLW    0x03
0x0E1C	0x0A03      	XORLW       3
;__Lib_MathDouble.c, 2476 :: 		BTFSC    STATUS,Z,0
0x0E1E	0xB4D8      	BTFSC       STATUS, 2, 0
;__Lib_MathDouble.c, 2477 :: 		GOTO     COMPARE_NOTZERO
0x0E20	0xF007EF1F  	GOTO        COMPARE_NOTZERO
;__Lib_MathDouble.c, 2479 :: 		BTFSC    math_double_main_global_Sign,0
0x0E24	0xB00A      	BTFSC       R10, 0, 0
;__Lib_MathDouble.c, 2480 :: 		GOTO     COMPARE_XNOTZERO
0x0E26	0xF007EF1A  	GOTO        COMPARE_XNOTZERO
;__Lib_MathDouble.c, 2481 :: 		COMPARE_YNOTZERO:
;__Lib_MathDouble.c, 2482 :: 		BTFSS    math_double_main_global_YHi_2,7
0x0E2A	0xAE06      	BTFSS       R6, 7, 0
;__Lib_MathDouble.c, 2483 :: 		GOTO     COMPARE_LT
0x0E2C	0xF007EF64  	GOTO        COMPARE_LT
;__Lib_MathDouble.c, 2484 :: 		GOTO     COMPARE_GT
0x0E30	0xF007EF62  	GOTO        COMPARE_GT
;__Lib_MathDouble.c, 2485 :: 		COMPARE_XNOTZERO:
COMPARE_XNOTZERO:
;__Lib_MathDouble.c, 2486 :: 		BTFSS    math_double_main_global_XHi_2,7
0x0E34	0xAE02      	BTFSS       R2, 7, 0
;__Lib_MathDouble.c, 2487 :: 		GOTO     COMPARE_GT
0x0E36	0xF007EF62  	GOTO        COMPARE_GT
;__Lib_MathDouble.c, 2488 :: 		GOTO     COMPARE_LT
0x0E3A	0xF007EF64  	GOTO        COMPARE_LT
;__Lib_MathDouble.c, 2490 :: 		COMPARE_NOTZERO:
COMPARE_NOTZERO:
;__Lib_MathDouble.c, 2491 :: 		MOVF     math_double_main_global_XHi_2,W
0x0E3E	0x5002      	MOVF        R2, 0, 0
;__Lib_MathDouble.c, 2492 :: 		ANDLW    0x80
0x0E40	0x0B80      	ANDLW       128
;__Lib_MathDouble.c, 2493 :: 		MOVWF    math_double_main_global_Sign
0x0E42	0x6E0A      	MOVWF       R10, 0
;__Lib_MathDouble.c, 2494 :: 		BCF      math_double_main_global_XHi_2,7
0x0E44	0x9E02      	BCF         R2, 7, 0
;__Lib_MathDouble.c, 2496 :: 		MOVF     math_double_main_global_YHi_2,W
0x0E46	0x5006      	MOVF        R6, 0, 0
;__Lib_MathDouble.c, 2497 :: 		ANDLW    0x80
0x0E48	0x0B80      	ANDLW       128
;__Lib_MathDouble.c, 2498 :: 		BCF      math_double_main_global_YHi_2,7
0x0E4A	0x9E06      	BCF         R6, 7, 0
;__Lib_MathDouble.c, 2500 :: 		XORWF    math_double_main_global_Sign,W
0x0E4C	0x180A      	XORWF       R10, 0, 0
;__Lib_MathDouble.c, 2501 :: 		BTFSC    STATUS,Z,0
0x0E4E	0xB4D8      	BTFSC       STATUS, 2, 0
;__Lib_MathDouble.c, 2502 :: 		GOTO     COMPARE_TESTALL
0x0E50	0xF007EF30  	GOTO        COMPARE_TESTALL
;__Lib_MathDouble.c, 2504 :: 		MOVF     math_double_main_global_Sign,W
0x0E54	0x500A      	MOVF        R10, 0, 0
;__Lib_MathDouble.c, 2505 :: 		BTFSC    STATUS,Z,0
0x0E56	0xB4D8      	BTFSC       STATUS, 2, 0
;__Lib_MathDouble.c, 2506 :: 		GOTO     COMPARE_GT
0x0E58	0xF007EF62  	GOTO        COMPARE_GT
;__Lib_MathDouble.c, 2507 :: 		GOTO     COMPARE_LT
0x0E5C	0xF007EF64  	GOTO        COMPARE_LT
;__Lib_MathDouble.c, 2509 :: 		COMPARE_TESTALL:
COMPARE_TESTALL:
;__Lib_MathDouble.c, 2510 :: 		MOVF     math_double_main_global_YExp,W
0x0E60	0x5007      	MOVF        R7, 0, 0
;__Lib_MathDouble.c, 2511 :: 		SUBWF    math_double_main_global_XExp,W
0x0E62	0x5C03      	SUBWF       R3, 0, 0
;__Lib_MathDouble.c, 2512 :: 		BTFSC    STATUS,Z,0
0x0E64	0xB4D8      	BTFSC       STATUS, 2, 0
;__Lib_MathDouble.c, 2513 :: 		GOTO     COMPARE_C1
0x0E66	0xF007EF3A  	GOTO        COMPARE_C1
;__Lib_MathDouble.c, 2514 :: 		BTFSS    STATUS,C,0
0x0E6A	0xA0D8      	BTFSS       STATUS, 0, 0
;__Lib_MathDouble.c, 2515 :: 		GOTO     GT_FALSE
0x0E6C	0xF007EF56  	GOTO        GT_FALSE
;__Lib_MathDouble.c, 2516 :: 		GOTO     GT_TRUE
0x0E70	0xF007EF5C  	GOTO        GT_TRUE
;__Lib_MathDouble.c, 2517 :: 		COMPARE_C1:
COMPARE_C1:
;__Lib_MathDouble.c, 2518 :: 		MOVF     math_double_main_global_YHi_2,W
0x0E74	0x5006      	MOVF        R6, 0, 0
;__Lib_MathDouble.c, 2519 :: 		SUBWF    math_double_main_global_XHi_2,W
0x0E76	0x5C02      	SUBWF       R2, 0, 0
;__Lib_MathDouble.c, 2520 :: 		BTFSC    STATUS,Z,0
0x0E78	0xB4D8      	BTFSC       STATUS, 2, 0
;__Lib_MathDouble.c, 2521 :: 		GOTO     COMPARE_C2
0x0E7A	0xF007EF44  	GOTO        COMPARE_C2
;__Lib_MathDouble.c, 2522 :: 		BTFSS    STATUS,C,0
0x0E7E	0xA0D8      	BTFSS       STATUS, 0, 0
;__Lib_MathDouble.c, 2523 :: 		GOTO     GT_FALSE
0x0E80	0xF007EF56  	GOTO        GT_FALSE
;__Lib_MathDouble.c, 2524 :: 		GOTO     GT_TRUE
0x0E84	0xF007EF5C  	GOTO        GT_TRUE
;__Lib_MathDouble.c, 2525 :: 		COMPARE_C2:
COMPARE_C2:
;__Lib_MathDouble.c, 2526 :: 		MOVF     math_double_main_global_YHi_1,W
0x0E88	0x5005      	MOVF        R5, 0, 0
;__Lib_MathDouble.c, 2527 :: 		SUBWF    math_double_main_global_XHi_1,W
0x0E8A	0x5C01      	SUBWF       R1, 0, 0
;__Lib_MathDouble.c, 2528 :: 		BTFSC    STATUS,Z,0
0x0E8C	0xB4D8      	BTFSC       STATUS, 2, 0
;__Lib_MathDouble.c, 2529 :: 		GOTO     COMPARE_C3
0x0E8E	0xF007EF4E  	GOTO        COMPARE_C3
;__Lib_MathDouble.c, 2530 :: 		BTFSS    STATUS,C,0
0x0E92	0xA0D8      	BTFSS       STATUS, 0, 0
;__Lib_MathDouble.c, 2531 :: 		GOTO     GT_FALSE
0x0E94	0xF007EF56  	GOTO        GT_FALSE
;__Lib_MathDouble.c, 2532 :: 		GOTO     GT_TRUE
0x0E98	0xF007EF5C  	GOTO        GT_TRUE
;__Lib_MathDouble.c, 2533 :: 		COMPARE_C3:
COMPARE_C3:
;__Lib_MathDouble.c, 2534 :: 		MOVF     math_double_main_global_YLo_2,W
0x0E9C	0x5004      	MOVF        R4, 0, 0
;__Lib_MathDouble.c, 2535 :: 		SUBWF    math_double_main_global_XLo_2,W
0x0E9E	0x5C00      	SUBWF       R0, 0, 0
;__Lib_MathDouble.c, 2536 :: 		BTFSC    STATUS,Z,0
0x0EA0	0xB4D8      	BTFSC       STATUS, 2, 0
;__Lib_MathDouble.c, 2537 :: 		GOTO     COMPARE_EQU
0x0EA2	0xF007EF66  	GOTO        COMPARE_EQU
;__Lib_MathDouble.c, 2538 :: 		BTFSC    STATUS,C,0
0x0EA6	0xB0D8      	BTFSC       STATUS, 0, 0
;__Lib_MathDouble.c, 2539 :: 		GOTO     GT_TRUE
0x0EA8	0xF007EF5C  	GOTO        GT_TRUE
;__Lib_MathDouble.c, 2541 :: 		GT_FALSE:
GT_FALSE:
;__Lib_MathDouble.c, 2542 :: 		MOVF     math_double_main_global_Sign,F
0x0EAC	0x520A      	MOVF        R10, 1, 0
;__Lib_MathDouble.c, 2543 :: 		BTFSC    STATUS,Z,0
0x0EAE	0xB4D8      	BTFSC       STATUS, 2, 0
;__Lib_MathDouble.c, 2544 :: 		GOTO     COMPARE_LT
0x0EB0	0xF007EF64  	GOTO        COMPARE_LT
;__Lib_MathDouble.c, 2545 :: 		GOTO     COMPARE_GT
0x0EB4	0xF007EF62  	GOTO        COMPARE_GT
;__Lib_MathDouble.c, 2546 :: 		GT_TRUE:
GT_TRUE:
;__Lib_MathDouble.c, 2547 :: 		MOVF     math_double_main_global_Sign,F
0x0EB8	0x520A      	MOVF        R10, 1, 0
;__Lib_MathDouble.c, 2548 :: 		BTFSC    STATUS,Z,0
0x0EBA	0xB4D8      	BTFSC       STATUS, 2, 0
;__Lib_MathDouble.c, 2549 :: 		GOTO     COMPARE_GT
0x0EBC	0xF007EF62  	GOTO        COMPARE_GT
;__Lib_MathDouble.c, 2550 :: 		GOTO     COMPARE_LT
0x0EC0	0xF007EF64  	GOTO        COMPARE_LT
;__Lib_MathDouble.c, 2552 :: 		COMPARE_GT:
COMPARE_GT:
;__Lib_MathDouble.c, 2555 :: 		BSF      STATUS, C
0x0EC4	0x80D8      	BSF         STATUS, 0, 0
;__Lib_MathDouble.c, 2556 :: 		RETURN
0x0EC6	0x0012      	RETURN      0
;__Lib_MathDouble.c, 2557 :: 		COMPARE_LT:
COMPARE_LT:
;__Lib_MathDouble.c, 2560 :: 		BCF      STATUS, C
0x0EC8	0x90D8      	BCF         STATUS, 0, 0
;__Lib_MathDouble.c, 2561 :: 		RETURN
0x0ECA	0x0012      	RETURN      0
;__Lib_MathDouble.c, 2562 :: 		COMPARE_EQU:
COMPARE_EQU:
;__Lib_MathDouble.c, 2565 :: 		BSF      STATUS, C
0x0ECC	0x80D8      	BSF         STATUS, 0, 0
;__Lib_MathDouble.c, 2566 :: 		BSF      STATUS, Z
0x0ECE	0x84D8      	BSF         STATUS, 2, 0
;__Lib_MathDouble.c, 2567 :: 		RETURN
0x0ED0	0x0012      	RETURN      0
;__Lib_MathDouble.c, 2569 :: 		}
L_end_Compare_Double:
0x0ED2	0x0012      	RETURN      0
; end of _Compare_Double
cstdio_fround:
;cstdio.c, 187 :: 		static float fround( unsigned char prec )
;cstdio.c, 192 :: 		if ( prec >= 110 ) {
0x0ED4	0x0E6E      	MOVLW       110
0x0ED6	0x0100      	MOVLB       0
0x0ED8	0x5D7E      	SUBWF       FARG_cstdio_fround_prec, 0, 1
0x0EDA	0xA0D8      	BTFSS       STATUS, 0 
0x0EDC	0xD0C6      	BRA         L_cstdio_fround2
;cstdio.c, 193 :: 		return 0.5 * _npowers_[ prec / 100 + 18 ] * _npowers_[ ( prec % 100 ) / 10 + 9 ] * _npowers_[ prec % 10 ];
0x0EDE	0x0E64      	MOVLW       100
0x0EE0	0x6E04      	MOVWF       R4 
0x0EE2	0xF000C07E  	MOVFF       FARG_cstdio_fround_prec, R0
0x0EE6	0xDD01      	RCALL       _Div_8X8_U
0x0EE8	0x0E12      	MOVLW       18
0x0EEA	0x2400      	ADDWF       R0, 0 
0x0EEC	0x6E05      	MOVWF       R5 
0x0EEE	0x6A06      	CLRF        R5+1 
0x0EF0	0x0E00      	MOVLW       0
0x0EF2	0x2206      	ADDWFC      R5+1, 1 
0x0EF4	0xF000C005  	MOVFF       R5, R0
0x0EF8	0xF001C006  	MOVFF       R5+1, R0+1
0x0EFC	0x0E00      	MOVLW       0
0x0EFE	0xBE06      	BTFSC       R5+1, 7 
0x0F00	0x0EFF      	MOVLW       255
0x0F02	0x6E02      	MOVWF       R0+2 
0x0F04	0x6E03      	MOVWF       R0+3 
0x0F06	0x3600      	RLCF        R0, 1 
0x0F08	0x9000      	BCF         R0, 0 
0x0F0A	0x3601      	RLCF        R0+1, 1 
0x0F0C	0x3602      	RLCF        R0+2, 1 
0x0F0E	0x3603      	RLCF        R0+3, 1 
0x0F10	0x3600      	RLCF        R0, 1 
0x0F12	0x9000      	BCF         R0, 0 
0x0F14	0x3601      	RLCF        R0+1, 1 
0x0F16	0x3602      	RLCF        R0+2, 1 
0x0F18	0x3603      	RLCF        R0+3, 1 
0x0F1A	0x0E11      	MOVLW       cstdio__npowers_
0x0F1C	0x2400      	ADDWF       R0, 0 
0x0F1E	0x6EF6      	MOVWF       TBLPTR 
0x0F20	0x0E3F      	MOVLW       hi_addr(cstdio__npowers_)
0x0F22	0x2001      	ADDWFC      R0+1, 0 
0x0F24	0x6EF7      	MOVWF       TBLPTR+1 
0x0F26	0x0E00      	MOVLW       higher_addr(cstdio__npowers_)
0x0F28	0x2002      	ADDWFC      R0+2, 0 
0x0F2A	0x6EF8      	MOVWF       TBLPTR+2 
0x0F2C	0x0009      	TBLRD*+
0x0F2E	0xF000CFF5  	MOVFF       TABLAT, R0
0x0F32	0x0009      	TBLRD*+
0x0F34	0xF001CFF5  	MOVFF       TABLAT, R0+1
0x0F38	0x0009      	TBLRD*+
0x0F3A	0xF002CFF5  	MOVFF       TABLAT, R0+2
0x0F3E	0x0009      	TBLRD*+
0x0F40	0xF003CFF5  	MOVFF       TABLAT, R0+3
0x0F44	0x0E00      	MOVLW       0
0x0F46	0x6E04      	MOVWF       R4 
0x0F48	0x0E00      	MOVLW       0
0x0F4A	0x6E05      	MOVWF       R4+1 
0x0F4C	0x0E00      	MOVLW       0
0x0F4E	0x6E06      	MOVWF       R4+2 
0x0F50	0x0E7E      	MOVLW       126
0x0F52	0x6E07      	MOVWF       R4+3 
0x0F54	0xF001EC45  	CALL        _Mul_32x32_FP, 0
0x0F58	0xF07FC000  	MOVFF       R0, FLOC_cstdio_fround
0x0F5C	0xF080C001  	MOVFF       R0+1, FLOC_cstdio_fround+1
0x0F60	0xF081C002  	MOVFF       R0+2, FLOC_cstdio_fround+2
0x0F64	0xF082C003  	MOVFF       R0+3, FLOC_cstdio_fround+3
0x0F68	0x0E64      	MOVLW       100
0x0F6A	0x6E04      	MOVWF       R4 
0x0F6C	0xF000C07E  	MOVFF       FARG_cstdio_fround_prec, R0
0x0F70	0xDCBC      	RCALL       _Div_8X8_U
0x0F72	0xF000C008  	MOVFF       R8, R0
0x0F76	0x0E0A      	MOVLW       10
0x0F78	0x6E04      	MOVWF       R4 
0x0F7A	0xDCB7      	RCALL       _Div_8X8_U
0x0F7C	0x0E09      	MOVLW       9
0x0F7E	0x2400      	ADDWF       R0, 0 
0x0F80	0x6E05      	MOVWF       R5 
0x0F82	0x6A06      	CLRF        R5+1 
0x0F84	0x0E00      	MOVLW       0
0x0F86	0x2206      	ADDWFC      R5+1, 1 
0x0F88	0xF000C005  	MOVFF       R5, R0
0x0F8C	0xF001C006  	MOVFF       R5+1, R0+1
0x0F90	0x0E00      	MOVLW       0
0x0F92	0xBE06      	BTFSC       R5+1, 7 
0x0F94	0x0EFF      	MOVLW       255
0x0F96	0x6E02      	MOVWF       R0+2 
0x0F98	0x6E03      	MOVWF       R0+3 
0x0F9A	0x3600      	RLCF        R0, 1 
0x0F9C	0x9000      	BCF         R0, 0 
0x0F9E	0x3601      	RLCF        R0+1, 1 
0x0FA0	0x3602      	RLCF        R0+2, 1 
0x0FA2	0x3603      	RLCF        R0+3, 1 
0x0FA4	0x3600      	RLCF        R0, 1 
0x0FA6	0x9000      	BCF         R0, 0 
0x0FA8	0x3601      	RLCF        R0+1, 1 
0x0FAA	0x3602      	RLCF        R0+2, 1 
0x0FAC	0x3603      	RLCF        R0+3, 1 
0x0FAE	0x0E11      	MOVLW       cstdio__npowers_
0x0FB0	0x2400      	ADDWF       R0, 0 
0x0FB2	0x6EF6      	MOVWF       TBLPTR 
0x0FB4	0x0E3F      	MOVLW       hi_addr(cstdio__npowers_)
0x0FB6	0x2001      	ADDWFC      R0+1, 0 
0x0FB8	0x6EF7      	MOVWF       TBLPTR+1 
0x0FBA	0x0E00      	MOVLW       higher_addr(cstdio__npowers_)
0x0FBC	0x2002      	ADDWFC      R0+2, 0 
0x0FBE	0x6EF8      	MOVWF       TBLPTR+2 
0x0FC0	0x0009      	TBLRD*+
0x0FC2	0xF000CFF5  	MOVFF       TABLAT, R0
0x0FC6	0x0009      	TBLRD*+
0x0FC8	0xF001CFF5  	MOVFF       TABLAT, R0+1
0x0FCC	0x0009      	TBLRD*+
0x0FCE	0xF002CFF5  	MOVFF       TABLAT, R0+2
0x0FD2	0x0009      	TBLRD*+
0x0FD4	0xF003CFF5  	MOVFF       TABLAT, R0+3
0x0FD8	0xF004C07F  	MOVFF       FLOC_cstdio_fround, R4
0x0FDC	0xF005C080  	MOVFF       FLOC_cstdio_fround+1, R4+1
0x0FE0	0xF006C081  	MOVFF       FLOC_cstdio_fround+2, R4+2
0x0FE4	0xF007C082  	MOVFF       FLOC_cstdio_fround+3, R4+3
0x0FE8	0xF001EC45  	CALL        _Mul_32x32_FP, 0
0x0FEC	0xF07FC000  	MOVFF       R0, FLOC_cstdio_fround
0x0FF0	0xF080C001  	MOVFF       R0+1, FLOC_cstdio_fround+1
0x0FF4	0xF081C002  	MOVFF       R0+2, FLOC_cstdio_fround+2
0x0FF8	0xF082C003  	MOVFF       R0+3, FLOC_cstdio_fround+3
0x0FFC	0x0E0A      	MOVLW       10
0x0FFE	0x6E04      	MOVWF       R4 
0x1000	0xF000C07E  	MOVFF       FARG_cstdio_fround_prec, R0
0x1004	0xDC72      	RCALL       _Div_8X8_U
0x1006	0xF000C008  	MOVFF       R8, R0
0x100A	0xF001C000  	MOVFF       R0, R1
0x100E	0x0E00      	MOVLW       0
0x1010	0x6E02      	MOVWF       R1+1 
0x1012	0x6E03      	MOVWF       R1+2 
0x1014	0x6E04      	MOVWF       R1+3 
0x1016	0x3601      	RLCF        R1, 1 
0x1018	0x9001      	BCF         R1, 0 
0x101A	0x3602      	RLCF        R1+1, 1 
0x101C	0x3603      	RLCF        R1+2, 1 
0x101E	0x3604      	RLCF        R1+3, 1 
0x1020	0x3601      	RLCF        R1, 1 
0x1022	0x9001      	BCF         R1, 0 
0x1024	0x3602      	RLCF        R1+1, 1 
0x1026	0x3603      	RLCF        R1+2, 1 
0x1028	0x3604      	RLCF        R1+3, 1 
0x102A	0x0E11      	MOVLW       cstdio__npowers_
0x102C	0x2401      	ADDWF       R1, 0 
0x102E	0x6EF6      	MOVWF       TBLPTR 
0x1030	0x0E3F      	MOVLW       hi_addr(cstdio__npowers_)
0x1032	0x2002      	ADDWFC      R1+1, 0 
0x1034	0x6EF7      	MOVWF       TBLPTR+1 
0x1036	0x0E00      	MOVLW       higher_addr(cstdio__npowers_)
0x1038	0x2003      	ADDWFC      R1+2, 0 
0x103A	0x6EF8      	MOVWF       TBLPTR+2 
0x103C	0x0009      	TBLRD*+
0x103E	0xF000CFF5  	MOVFF       TABLAT, R0
0x1042	0x0009      	TBLRD*+
0x1044	0xF001CFF5  	MOVFF       TABLAT, R0+1
0x1048	0x0009      	TBLRD*+
0x104A	0xF002CFF5  	MOVFF       TABLAT, R0+2
0x104E	0x0009      	TBLRD*+
0x1050	0xF003CFF5  	MOVFF       TABLAT, R0+3
0x1054	0xF004C07F  	MOVFF       FLOC_cstdio_fround, R4
0x1058	0xF005C080  	MOVFF       FLOC_cstdio_fround+1, R4+1
0x105C	0xF006C081  	MOVFF       FLOC_cstdio_fround+2, R4+2
0x1060	0xF007C082  	MOVFF       FLOC_cstdio_fround+3, R4+3
0x1064	0xF001EC45  	CALL        _Mul_32x32_FP, 0
0x1068	0xD0B0      	BRA         L_end_fround
;cstdio.c, 194 :: 		} else if ( prec > 10 ) {
L_cstdio_fround2:
0x106A	0x517E      	MOVF        FARG_cstdio_fround_prec, 0, 1
0x106C	0x080A      	SUBLW       10
0x106E	0xB0D8      	BTFSC       STATUS, 0 
0x1070	0xD07D      	BRA         L_cstdio_fround4
;cstdio.c, 195 :: 		return 0.5 * _npowers_[ prec / 10 + 9 ] * _npowers_[ prec % 10 ];
0x1072	0x0E0A      	MOVLW       10
0x1074	0x6E04      	MOVWF       R4 
0x1076	0xF000C07E  	MOVFF       FARG_cstdio_fround_prec, R0
0x107A	0xDC37      	RCALL       _Div_8X8_U
0x107C	0x0E09      	MOVLW       9
0x107E	0x2400      	ADDWF       R0, 0 
0x1080	0x6E05      	MOVWF       R5 
0x1082	0x6A06      	CLRF        R5+1 
0x1084	0x0E00      	MOVLW       0
0x1086	0x2206      	ADDWFC      R5+1, 1 
0x1088	0xF000C005  	MOVFF       R5, R0
0x108C	0xF001C006  	MOVFF       R5+1, R0+1
0x1090	0x0E00      	MOVLW       0
0x1092	0xBE06      	BTFSC       R5+1, 7 
0x1094	0x0EFF      	MOVLW       255
0x1096	0x6E02      	MOVWF       R0+2 
0x1098	0x6E03      	MOVWF       R0+3 
0x109A	0x3600      	RLCF        R0, 1 
0x109C	0x9000      	BCF         R0, 0 
0x109E	0x3601      	RLCF        R0+1, 1 
0x10A0	0x3602      	RLCF        R0+2, 1 
0x10A2	0x3603      	RLCF        R0+3, 1 
0x10A4	0x3600      	RLCF        R0, 1 
0x10A6	0x9000      	BCF         R0, 0 
0x10A8	0x3601      	RLCF        R0+1, 1 
0x10AA	0x3602      	RLCF        R0+2, 1 
0x10AC	0x3603      	RLCF        R0+3, 1 
0x10AE	0x0E11      	MOVLW       cstdio__npowers_
0x10B0	0x2400      	ADDWF       R0, 0 
0x10B2	0x6EF6      	MOVWF       TBLPTR 
0x10B4	0x0E3F      	MOVLW       hi_addr(cstdio__npowers_)
0x10B6	0x2001      	ADDWFC      R0+1, 0 
0x10B8	0x6EF7      	MOVWF       TBLPTR+1 
0x10BA	0x0E00      	MOVLW       higher_addr(cstdio__npowers_)
0x10BC	0x2002      	ADDWFC      R0+2, 0 
0x10BE	0x6EF8      	MOVWF       TBLPTR+2 
0x10C0	0x0009      	TBLRD*+
0x10C2	0xF000CFF5  	MOVFF       TABLAT, R0
0x10C6	0x0009      	TBLRD*+
0x10C8	0xF001CFF5  	MOVFF       TABLAT, R0+1
0x10CC	0x0009      	TBLRD*+
0x10CE	0xF002CFF5  	MOVFF       TABLAT, R0+2
0x10D2	0x0009      	TBLRD*+
0x10D4	0xF003CFF5  	MOVFF       TABLAT, R0+3
0x10D8	0x0E00      	MOVLW       0
0x10DA	0x6E04      	MOVWF       R4 
0x10DC	0x0E00      	MOVLW       0
0x10DE	0x6E05      	MOVWF       R4+1 
0x10E0	0x0E00      	MOVLW       0
0x10E2	0x6E06      	MOVWF       R4+2 
0x10E4	0x0E7E      	MOVLW       126
0x10E6	0x6E07      	MOVWF       R4+3 
0x10E8	0xF001EC45  	CALL        _Mul_32x32_FP, 0
0x10EC	0xF07FC000  	MOVFF       R0, FLOC_cstdio_fround
0x10F0	0xF080C001  	MOVFF       R0+1, FLOC_cstdio_fround+1
0x10F4	0xF081C002  	MOVFF       R0+2, FLOC_cstdio_fround+2
0x10F8	0xF082C003  	MOVFF       R0+3, FLOC_cstdio_fround+3
0x10FC	0x0E0A      	MOVLW       10
0x10FE	0x6E04      	MOVWF       R4 
0x1100	0xF000C07E  	MOVFF       FARG_cstdio_fround_prec, R0
0x1104	0xF004EC75  	CALL        _Div_8X8_U, 0
0x1108	0xF000C008  	MOVFF       R8, R0
0x110C	0xF001C000  	MOVFF       R0, R1
0x1110	0x0E00      	MOVLW       0
0x1112	0x6E02      	MOVWF       R1+1 
0x1114	0x6E03      	MOVWF       R1+2 
0x1116	0x6E04      	MOVWF       R1+3 
0x1118	0x3601      	RLCF        R1, 1 
0x111A	0x9001      	BCF         R1, 0 
0x111C	0x3602      	RLCF        R1+1, 1 
0x111E	0x3603      	RLCF        R1+2, 1 
0x1120	0x3604      	RLCF        R1+3, 1 
0x1122	0x3601      	RLCF        R1, 1 
0x1124	0x9001      	BCF         R1, 0 
0x1126	0x3602      	RLCF        R1+1, 1 
0x1128	0x3603      	RLCF        R1+2, 1 
0x112A	0x3604      	RLCF        R1+3, 1 
0x112C	0x0E11      	MOVLW       cstdio__npowers_
0x112E	0x2401      	ADDWF       R1, 0 
0x1130	0x6EF6      	MOVWF       TBLPTR 
0x1132	0x0E3F      	MOVLW       hi_addr(cstdio__npowers_)
0x1134	0x2002      	ADDWFC      R1+1, 0 
0x1136	0x6EF7      	MOVWF       TBLPTR+1 
0x1138	0x0E00      	MOVLW       higher_addr(cstdio__npowers_)
0x113A	0x2003      	ADDWFC      R1+2, 0 
0x113C	0x6EF8      	MOVWF       TBLPTR+2 
0x113E	0x0009      	TBLRD*+
0x1140	0xF000CFF5  	MOVFF       TABLAT, R0
0x1144	0x0009      	TBLRD*+
0x1146	0xF001CFF5  	MOVFF       TABLAT, R0+1
0x114A	0x0009      	TBLRD*+
0x114C	0xF002CFF5  	MOVFF       TABLAT, R0+2
0x1150	0x0009      	TBLRD*+
0x1152	0xF003CFF5  	MOVFF       TABLAT, R0+3
0x1156	0xF004C07F  	MOVFF       FLOC_cstdio_fround, R4
0x115A	0xF005C080  	MOVFF       FLOC_cstdio_fround+1, R4+1
0x115E	0xF006C081  	MOVFF       FLOC_cstdio_fround+2, R4+2
0x1162	0xF007C082  	MOVFF       FLOC_cstdio_fround+3, R4+3
0x1166	0xF001EC45  	CALL        _Mul_32x32_FP, 0
0x116A	0xD02F      	BRA         L_end_fround
;cstdio.c, 196 :: 		}
L_cstdio_fround4:
;cstdio.c, 198 :: 		return 0.5 * _npowers_[ prec ];
0x116C	0xF000C07E  	MOVFF       FARG_cstdio_fround_prec, R0
0x1170	0x0E00      	MOVLW       0
0x1172	0x6E01      	MOVWF       R0+1 
0x1174	0x6E02      	MOVWF       R0+2 
0x1176	0x6E03      	MOVWF       R0+3 
0x1178	0x3600      	RLCF        R0, 1 
0x117A	0x9000      	BCF         R0, 0 
0x117C	0x3601      	RLCF        R0+1, 1 
0x117E	0x3602      	RLCF        R0+2, 1 
0x1180	0x3603      	RLCF        R0+3, 1 
0x1182	0x3600      	RLCF        R0, 1 
0x1184	0x9000      	BCF         R0, 0 
0x1186	0x3601      	RLCF        R0+1, 1 
0x1188	0x3602      	RLCF        R0+2, 1 
0x118A	0x3603      	RLCF        R0+3, 1 
0x118C	0x0E11      	MOVLW       cstdio__npowers_
0x118E	0x2400      	ADDWF       R0, 0 
0x1190	0x6EF6      	MOVWF       TBLPTR 
0x1192	0x0E3F      	MOVLW       hi_addr(cstdio__npowers_)
0x1194	0x2001      	ADDWFC      R0+1, 0 
0x1196	0x6EF7      	MOVWF       TBLPTR+1 
0x1198	0x0E00      	MOVLW       higher_addr(cstdio__npowers_)
0x119A	0x2002      	ADDWFC      R0+2, 0 
0x119C	0x6EF8      	MOVWF       TBLPTR+2 
0x119E	0x0009      	TBLRD*+
0x11A0	0xF000CFF5  	MOVFF       TABLAT, R0
0x11A4	0x0009      	TBLRD*+
0x11A6	0xF001CFF5  	MOVFF       TABLAT, R0+1
0x11AA	0x0009      	TBLRD*+
0x11AC	0xF002CFF5  	MOVFF       TABLAT, R0+2
0x11B0	0x0009      	TBLRD*+
0x11B2	0xF003CFF5  	MOVFF       TABLAT, R0+3
0x11B6	0x0E00      	MOVLW       0
0x11B8	0x6E04      	MOVWF       R4 
0x11BA	0x0E00      	MOVLW       0
0x11BC	0x6E05      	MOVWF       R4+1 
0x11BE	0x0E00      	MOVLW       0
0x11C0	0x6E06      	MOVWF       R4+2 
0x11C2	0x0E7E      	MOVLW       126
0x11C4	0x6E07      	MOVWF       R4+3 
0x11C6	0xF001EC45  	CALL        _Mul_32x32_FP, 0
;cstdio.c, 206 :: 		* @return float Rerurns calculated float value.
L_end_fround:
0x11CA	0x0012      	RETURN      0
; end of cstdio_fround
_Div_32x32_FP:
;__Lib_MathDouble.c, 1282 :: 		void Div_32x32_FP()
;__Lib_MathDouble.c, 1284 :: 		if ( R4 == 0 )
0x11CC	0x5004      	MOVF        R4, 0 
0x11CE	0x0A00      	XORLW       0
0x11D0	0xE112      	BNZ         L_Div_32x32_FP11
;__Lib_MathDouble.c, 1285 :: 		if ( R5 == 0 )
0x11D2	0x5005      	MOVF        R5, 0 
0x11D4	0x0A00      	XORLW       0
0x11D6	0xE10F      	BNZ         L_Div_32x32_FP12
;__Lib_MathDouble.c, 1286 :: 		if ( R6 == 0 )
0x11D8	0x5006      	MOVF        R6, 0 
0x11DA	0x0A00      	XORLW       0
0x11DC	0xE10C      	BNZ         L_Div_32x32_FP13
;__Lib_MathDouble.c, 1287 :: 		if ( R7 == 0 ) {
0x11DE	0x5007      	MOVF        R7, 0 
0x11E0	0x0A00      	XORLW       0
0x11E2	0xE109      	BNZ         L_Div_32x32_FP14
;__Lib_MathDouble.c, 1288 :: 		R0 = 0xFF;
0x11E4	0x0EFF      	MOVLW       255
0x11E6	0x6E00      	MOVWF       R0 
;__Lib_MathDouble.c, 1289 :: 		R1 = 0xFF;
0x11E8	0x0EFF      	MOVLW       255
0x11EA	0x6E01      	MOVWF       R1 
;__Lib_MathDouble.c, 1290 :: 		R2 = 0x7F;
0x11EC	0x0E7F      	MOVLW       127
0x11EE	0x6E02      	MOVWF       R2 
;__Lib_MathDouble.c, 1291 :: 		R3 = 0xFF;
0x11F0	0x0EFF      	MOVLW       255
0x11F2	0x6E03      	MOVWF       R3 
;__Lib_MathDouble.c, 1292 :: 		return;
0x11F4	0xD0A8      	BRA         L_end_Div_32x32_FP
;__Lib_MathDouble.c, 1293 :: 		}
L_Div_32x32_FP14:
L_Div_32x32_FP13:
L_Div_32x32_FP12:
L_Div_32x32_FP11:
;__Lib_MathDouble.c, 1296 :: 		FPD32:
;__Lib_MathDouble.c, 1298 :: 		CLRF      math_double_main_global_XLo_1
0x11F6	0x6A08      	CLRF        R8, 0
;__Lib_MathDouble.c, 1299 :: 		CLRF      math_double_main_global_YLo_1
0x11F8	0x6A09      	CLRF        R9, 0
;__Lib_MathDouble.c, 1301 :: 		MOVF      math_double_main_global_YExp,W
0x11FA	0x5007      	MOVF        R7, 0, 0
;__Lib_MathDouble.c, 1302 :: 		BTFSC     STATUS,Z,0
0x11FC	0xB4D8      	BTFSC       STATUS, 2, 0
;__Lib_MathDouble.c, 1303 :: 		GOTO      JPDSETFDZ32
0x11FE	0xF009EF91  	GOTO        JPDSETFDZ32
;__Lib_MathDouble.c, 1305 :: 		MOVF      math_double_main_global_XExp,W
0x1202	0x5003      	MOVF        R3, 0, 0
;__Lib_MathDouble.c, 1306 :: 		BTFSC     STATUS,Z,0
0x1204	0xB4D8      	BTFSC       STATUS, 2, 0
;__Lib_MathDouble.c, 1307 :: 		GOTO      JPDRES032
0x1206	0xF009EF96  	GOTO        JPDRES032
;__Lib_MathDouble.c, 1308 :: 		D32BNE0:
;__Lib_MathDouble.c, 1309 :: 		MOVF      math_double_main_global_XHi_2,W
0x120A	0x5002      	MOVF        R2, 0, 0
;__Lib_MathDouble.c, 1310 :: 		XORWF     math_double_main_global_YHi_2,W
0x120C	0x1806      	XORWF       R6, 0, 0
;__Lib_MathDouble.c, 1311 :: 		MOVWF     math_double_main_global_Sign
0x120E	0x6E0A      	MOVWF       R10, 0
;__Lib_MathDouble.c, 1312 :: 		BSF       math_double_main_global_XHi_2,7
0x1210	0x8E02      	BSF         R2, 7, 0
;__Lib_MathDouble.c, 1313 :: 		BSF       math_double_main_global_YHi_2,7
0x1212	0x8E06      	BSF         R6, 7, 0
;__Lib_MathDouble.c, 1314 :: 		TALIGN32:
;__Lib_MathDouble.c, 1315 :: 		CLRF      math_double_main_global_TEMPB0
0x1214	0x6A0E      	CLRF        R14, 0
;__Lib_MathDouble.c, 1316 :: 		MOVFF     math_double_main_global_XHi_2, math_double_main_global_XLo_1
0x1216	0xF008C002  	MOVFF       R2, R8
;__Lib_MathDouble.c, 1317 :: 		MOVFF     math_double_main_global_XHi_1, math_double_main_global_AARGB4
0x121A	0xF00CC001  	MOVFF       R1, R12
;__Lib_MathDouble.c, 1318 :: 		MOVFF     math_double_main_global_XLo_2, math_double_main_global_AARGB5
0x121E	0xF00DC000  	MOVFF       R0, R13
;__Lib_MathDouble.c, 1320 :: 		MOVF      math_double_main_global_YLo_2,W
0x1222	0x5004      	MOVF        R4, 0, 0
;__Lib_MathDouble.c, 1321 :: 		SUBWF     math_double_main_global_AARGB5,F
0x1224	0x5E0D      	SUBWF       R13, 1, 0
;__Lib_MathDouble.c, 1322 :: 		MOVF      math_double_main_global_YHi_1,W
0x1226	0x5005      	MOVF        R5, 0, 0
;__Lib_MathDouble.c, 1323 :: 		BTFSS     STATUS,C,0
0x1228	0xA0D8      	BTFSS       STATUS, 0, 0
;__Lib_MathDouble.c, 1324 :: 		INCFSZ    math_double_main_global_YHi_1,W
0x122A	0x3C05      	INCFSZ      R5, 0, 0
;__Lib_MathDouble.c, 1325 :: 		TS1ALIGN32:
;__Lib_MathDouble.c, 1326 :: 		SUBWF     math_double_main_global_AARGB4,F
0x122C	0x5E0C      	SUBWF       R12, 1, 0
;__Lib_MathDouble.c, 1327 :: 		MOVF      math_double_main_global_YHi_2,W
0x122E	0x5006      	MOVF        R6, 0, 0
;__Lib_MathDouble.c, 1328 :: 		BTFSS     STATUS,C,0
0x1230	0xA0D8      	BTFSS       STATUS, 0, 0
;__Lib_MathDouble.c, 1329 :: 		INCFSZ    math_double_main_global_YHi_2,W
0x1232	0x3C06      	INCFSZ      R6, 0, 0
;__Lib_MathDouble.c, 1330 :: 		TS2ALIGN32:
;__Lib_MathDouble.c, 1331 :: 		SUBWF     math_double_main_global_XLo_1,F
0x1234	0x5E08      	SUBWF       R8, 1, 0
;__Lib_MathDouble.c, 1332 :: 		CLRF      math_double_main_global_XLo_1
0x1236	0x6A08      	CLRF        R8, 0
;__Lib_MathDouble.c, 1333 :: 		CLRF      math_double_main_global_AARGB4
0x1238	0x6A0C      	CLRF        R12, 0
;__Lib_MathDouble.c, 1334 :: 		CLRF      math_double_main_global_AARGB5
0x123A	0x6A0D      	CLRF        R13, 0
;__Lib_MathDouble.c, 1335 :: 		BTFSS     STATUS,C,0
0x123C	0xA0D8      	BTFSS       STATUS, 0, 0
;__Lib_MathDouble.c, 1336 :: 		GOTO      DALIGN32OK
0x123E	0xF009EF28  	GOTO        DALIGN32OK
;__Lib_MathDouble.c, 1338 :: 		BCF       STATUS,C,0
0x1242	0x90D8      	BCF         STATUS, 0, 0
;__Lib_MathDouble.c, 1339 :: 		RRCF      math_double_main_global_XHi_2,F
0x1244	0x3202      	RRCF        R2, 1, 0
;__Lib_MathDouble.c, 1340 :: 		RRCF      math_double_main_global_XHi_1,F
0x1246	0x3201      	RRCF        R1, 1, 0
;__Lib_MathDouble.c, 1341 :: 		RRCF      math_double_main_global_XLo_2,F
0x1248	0x3200      	RRCF        R0, 1, 0
;__Lib_MathDouble.c, 1342 :: 		RRCF      math_double_main_global_XLo_1,F
0x124A	0x3208      	RRCF        R8, 1, 0
;__Lib_MathDouble.c, 1343 :: 		MOVLW     0x01
0x124C	0x0E01      	MOVLW       1
;__Lib_MathDouble.c, 1344 :: 		MOVWF     math_double_main_global_TEMPB0
0x124E	0x6E0E      	MOVWF       R14, 0
;__Lib_MathDouble.c, 1345 :: 		DALIGN32OK:
DALIGN32OK:
;__Lib_MathDouble.c, 1346 :: 		MOVF      math_double_main_global_YExp,W
0x1250	0x5007      	MOVF        R7, 0, 0
;__Lib_MathDouble.c, 1347 :: 		SUBWF     math_double_main_global_XExp,F
0x1252	0x5E03      	SUBWF       R3, 1, 0
;__Lib_MathDouble.c, 1348 :: 		BTFSS     STATUS,C,0
0x1254	0xA0D8      	BTFSS       STATUS, 0, 0
;__Lib_MathDouble.c, 1349 :: 		GOTO      ALTB32
0x1256	0xF009EF35  	GOTO        ALTB32
;__Lib_MathDouble.c, 1350 :: 		AGEB32:
;__Lib_MathDouble.c, 1351 :: 		MOVLW     126
0x125A	0x0E7E      	MOVLW       126
;__Lib_MathDouble.c, 1352 :: 		ADDWF     math_double_main_global_TEMPB0,W
0x125C	0x240E      	ADDWF       R14, 0, 0
;__Lib_MathDouble.c, 1353 :: 		ADDWF     math_double_main_global_XExp,F
0x125E	0x2603      	ADDWF       R3, 1, 0
;__Lib_MathDouble.c, 1354 :: 		BTFSC     STATUS,C,0
0x1260	0xB0D8      	BTFSC       STATUS, 0, 0
;__Lib_MathDouble.c, 1355 :: 		GOTO      JPDSETFOV32
0x1262	0xF009EF9B  	GOTO        JPDSETFOV32
;__Lib_MathDouble.c, 1356 :: 		GOTO      DARGOK32
0x1266	0xF009EF3B  	GOTO        DARGOK32
;__Lib_MathDouble.c, 1357 :: 		ALTB32:
ALTB32:
;__Lib_MathDouble.c, 1358 :: 		MOVLW     126
0x126A	0x0E7E      	MOVLW       126
;__Lib_MathDouble.c, 1359 :: 		ADDWF     math_double_main_global_TEMPB0,W
0x126C	0x240E      	ADDWF       R14, 0, 0
;__Lib_MathDouble.c, 1360 :: 		ADDWF     math_double_main_global_XExp,F
0x126E	0x2603      	ADDWF       R3, 1, 0
;__Lib_MathDouble.c, 1361 :: 		BTFSS     STATUS,C,0
0x1270	0xA0D8      	BTFSS       STATUS, 0, 0
;__Lib_MathDouble.c, 1362 :: 		GOTO      JPDSETFUN32
0x1272	0xF009EFA0  	GOTO        JPDSETFUN32
;__Lib_MathDouble.c, 1363 :: 		DARGOK32:
DARGOK32:
;__Lib_MathDouble.c, 1364 :: 		MOVLW     24
0x1276	0x0E18      	MOVLW       24
;__Lib_MathDouble.c, 1365 :: 		MOVWF     math_double_main_global_TEMPB1
0x1278	0x6E0B      	MOVWF       R11, 0
;__Lib_MathDouble.c, 1366 :: 		DLOOP32:
DLOOP32:
;__Lib_MathDouble.c, 1367 :: 		RLCF      math_double_main_global_AARGB5,F
0x127A	0x360D      	RLCF        R13, 1, 0
;__Lib_MathDouble.c, 1368 :: 		RLCF      math_double_main_global_AARGB4,F
0x127C	0x360C      	RLCF        R12, 1, 0
;__Lib_MathDouble.c, 1369 :: 		RLCF      math_double_main_global_XLo_1,F
0x127E	0x3608      	RLCF        R8, 1, 0
;__Lib_MathDouble.c, 1370 :: 		RLCF      math_double_main_global_XLo_2,F
0x1280	0x3600      	RLCF        R0, 1, 0
;__Lib_MathDouble.c, 1371 :: 		RLCF      math_double_main_global_XHi_1,F
0x1282	0x3601      	RLCF        R1, 1, 0
;__Lib_MathDouble.c, 1372 :: 		RLCF      math_double_main_global_XHi_2,F
0x1284	0x3602      	RLCF        R2, 1, 0
;__Lib_MathDouble.c, 1373 :: 		RLCF      math_double_main_global_TEMPB0,F
0x1286	0x360E      	RLCF        R14, 1, 0
;__Lib_MathDouble.c, 1375 :: 		MOVF      math_double_main_global_YLo_2,W
0x1288	0x5004      	MOVF        R4, 0, 0
;__Lib_MathDouble.c, 1376 :: 		SUBWF     math_double_main_global_XLo_2,F
0x128A	0x5E00      	SUBWF       R0, 1, 0
;__Lib_MathDouble.c, 1377 :: 		MOVF      math_double_main_global_YHi_1,W
0x128C	0x5005      	MOVF        R5, 0, 0
;__Lib_MathDouble.c, 1378 :: 		BTFSS     STATUS,C,0
0x128E	0xA0D8      	BTFSS       STATUS, 0, 0
;__Lib_MathDouble.c, 1379 :: 		INCFSZ    math_double_main_global_YHi_1,W
0x1290	0x3C05      	INCFSZ      R5, 0, 0
;__Lib_MathDouble.c, 1380 :: 		DS132:
;__Lib_MathDouble.c, 1381 :: 		SUBWF     math_double_main_global_XHi_1,F
0x1292	0x5E01      	SUBWF       R1, 1, 0
;__Lib_MathDouble.c, 1382 :: 		MOVF      math_double_main_global_YHi_2,W
0x1294	0x5006      	MOVF        R6, 0, 0
;__Lib_MathDouble.c, 1383 :: 		BTFSS     STATUS,C,0
0x1296	0xA0D8      	BTFSS       STATUS, 0, 0
;__Lib_MathDouble.c, 1384 :: 		INCFSZ    math_double_main_global_YHi_2,W
0x1298	0x3C06      	INCFSZ      R6, 0, 0
;__Lib_MathDouble.c, 1385 :: 		DS232:
;__Lib_MathDouble.c, 1386 :: 		SUBWF     math_double_main_global_XHi_2,F
0x129A	0x5E02      	SUBWF       R2, 1, 0
;__Lib_MathDouble.c, 1387 :: 		RLCF      math_double_main_global_YHi_2,W
0x129C	0x3406      	RLCF        R6, 0, 0
;__Lib_MathDouble.c, 1388 :: 		IORWF     math_double_main_global_TEMPB0,F
0x129E	0x120E      	IORWF       R14, 1, 0
;__Lib_MathDouble.c, 1389 :: 		BTFSS     math_double_main_global_TEMPB0,0
0x12A0	0xA00E      	BTFSS       R14, 0, 0
;__Lib_MathDouble.c, 1390 :: 		GOTO      DREST32
0x12A2	0xF009EF56  	GOTO        DREST32
;__Lib_MathDouble.c, 1391 :: 		BSF       math_double_main_global_AARGB5,0
0x12A6	0x800D      	BSF         R13, 0, 0
;__Lib_MathDouble.c, 1392 :: 		GOTO      DOK32
0x12A8	0xF009EF61  	GOTO        DOK32
;__Lib_MathDouble.c, 1393 :: 		DREST32:
DREST32:
;__Lib_MathDouble.c, 1394 :: 		MOVF      math_double_main_global_YLo_2,W
0x12AC	0x5004      	MOVF        R4, 0, 0
;__Lib_MathDouble.c, 1395 :: 		ADDWF     math_double_main_global_XLo_2,F
0x12AE	0x2600      	ADDWF       R0, 1, 0
;__Lib_MathDouble.c, 1396 :: 		MOVF      math_double_main_global_YHi_1,W
0x12B0	0x5005      	MOVF        R5, 0, 0
;__Lib_MathDouble.c, 1397 :: 		BTFSC     STATUS,C,0
0x12B2	0xB0D8      	BTFSC       STATUS, 0, 0
;__Lib_MathDouble.c, 1398 :: 		INCFSZ    math_double_main_global_YHi_1,W
0x12B4	0x3C05      	INCFSZ      R5, 0, 0
;__Lib_MathDouble.c, 1399 :: 		DAREST32:
;__Lib_MathDouble.c, 1400 :: 		ADDWF     math_double_main_global_XHi_1,F
0x12B6	0x2601      	ADDWF       R1, 1, 0
;__Lib_MathDouble.c, 1401 :: 		MOVF      math_double_main_global_YHi_2,W
0x12B8	0x5006      	MOVF        R6, 0, 0
;__Lib_MathDouble.c, 1402 :: 		BTFSC     STATUS,C,0
0x12BA	0xB0D8      	BTFSC       STATUS, 0, 0
;__Lib_MathDouble.c, 1403 :: 		INCF      math_double_main_global_YHi_2,W
0x12BC	0x2806      	INCF        R6, 0, 0
;__Lib_MathDouble.c, 1404 :: 		ADDWF     math_double_main_global_XHi_2,F
0x12BE	0x2602      	ADDWF       R2, 1, 0
;__Lib_MathDouble.c, 1405 :: 		BCF       math_double_main_global_AARGB5,0
0x12C0	0x900D      	BCF         R13, 0, 0
;__Lib_MathDouble.c, 1406 :: 		DOK32:
DOK32:
;__Lib_MathDouble.c, 1407 :: 		DECFSZ    math_double_main_global_TEMPB1,F
0x12C2	0x2E0B      	DECFSZ      R11, 1, 0
;__Lib_MathDouble.c, 1408 :: 		GOTO      DLOOP32
0x12C4	0xF009EF3D  	GOTO        DLOOP32
;__Lib_MathDouble.c, 1409 :: 		DROUND32:
;__Lib_MathDouble.c, 1412 :: 		GOTO      DIV32OK
0x12C8	0xF009EF87  	GOTO        DIV32OK
;__Lib_MathDouble.c, 1413 :: 		BCF       STATUS,C,0
0x12CC	0x90D8      	BCF         STATUS, 0, 0
;__Lib_MathDouble.c, 1414 :: 		RLCF      math_double_main_global_XLo_2,F
0x12CE	0x3600      	RLCF        R0, 1, 0
;__Lib_MathDouble.c, 1415 :: 		RLCF      math_double_main_global_XHi_1,F
0x12D0	0x3601      	RLCF        R1, 1, 0
;__Lib_MathDouble.c, 1416 :: 		RLCF      math_double_main_global_XHi_2,F
0x12D2	0x3602      	RLCF        R2, 1, 0
;__Lib_MathDouble.c, 1417 :: 		RLCF      math_double_main_global_TEMPB0,F
0x12D4	0x360E      	RLCF        R14, 1, 0
;__Lib_MathDouble.c, 1419 :: 		MOVF      math_double_main_global_YLo_2,W
0x12D6	0x5004      	MOVF        R4, 0, 0
;__Lib_MathDouble.c, 1420 :: 		SUBWF     math_double_main_global_XLo_2,F
0x12D8	0x5E00      	SUBWF       R0, 1, 0
;__Lib_MathDouble.c, 1421 :: 		MOVF      math_double_main_global_YHi_1,W
0x12DA	0x5005      	MOVF        R5, 0, 0
;__Lib_MathDouble.c, 1422 :: 		BTFSS     STATUS,C,0
0x12DC	0xA0D8      	BTFSS       STATUS, 0, 0
;__Lib_MathDouble.c, 1423 :: 		INCFSZ    math_double_main_global_YHi_1,W
0x12DE	0x3C05      	INCFSZ      R5, 0, 0
;__Lib_MathDouble.c, 1424 :: 		SUBWF     math_double_main_global_XHi_1,F
0x12E0	0x5E01      	SUBWF       R1, 1, 0
;__Lib_MathDouble.c, 1425 :: 		MOVF      math_double_main_global_YHi_2,W
0x12E2	0x5006      	MOVF        R6, 0, 0
;__Lib_MathDouble.c, 1426 :: 		BTFSS     STATUS,C,0
0x12E4	0xA0D8      	BTFSS       STATUS, 0, 0
;__Lib_MathDouble.c, 1427 :: 		INCFSZ    math_double_main_global_YHi_2,W
0x12E6	0x3C06      	INCFSZ      R6, 0, 0
;__Lib_MathDouble.c, 1428 :: 		SUBWF     math_double_main_global_XHi_2,F
0x12E8	0x5E02      	SUBWF       R2, 1, 0
;__Lib_MathDouble.c, 1429 :: 		RLCF      math_double_main_global_YHi_2,W
0x12EA	0x3406      	RLCF        R6, 0, 0
;__Lib_MathDouble.c, 1430 :: 		IORWF     math_double_main_global_TEMPB0,W
0x12EC	0x100E      	IORWF       R14, 0, 0
;__Lib_MathDouble.c, 1431 :: 		ANDLW     0x01
0x12EE	0x0B01      	ANDLW       1
;__Lib_MathDouble.c, 1432 :: 		ADDWF     math_double_main_global_AARGB5,F
0x12F0	0x260D      	ADDWF       R13, 1, 0
;__Lib_MathDouble.c, 1433 :: 		BTFSC     STATUS,C,0
0x12F2	0xB0D8      	BTFSC       STATUS, 0, 0
;__Lib_MathDouble.c, 1434 :: 		INCF      math_double_main_global_AARGB4,F
0x12F4	0x2A0C      	INCF        R12, 1, 0
;__Lib_MathDouble.c, 1435 :: 		BTFSC     STATUS,Z,0
0x12F6	0xB4D8      	BTFSC       STATUS, 2, 0
;__Lib_MathDouble.c, 1436 :: 		INCF      math_double_main_global_XLo_1,F
0x12F8	0x2A08      	INCF        R8, 1, 0
;__Lib_MathDouble.c, 1437 :: 		BTFSS     STATUS,Z,0
0x12FA	0xA4D8      	BTFSS       STATUS, 2, 0
;__Lib_MathDouble.c, 1438 :: 		GOTO      DIV32OK
0x12FC	0xF009EF87  	GOTO        DIV32OK
;__Lib_MathDouble.c, 1439 :: 		RRCF      math_double_main_global_XLo_1,F
0x1300	0x3208      	RRCF        R8, 1, 0
;__Lib_MathDouble.c, 1440 :: 		RRCF      math_double_main_global_AARGB4,F
0x1302	0x320C      	RRCF        R12, 1, 0
;__Lib_MathDouble.c, 1441 :: 		RRCF      math_double_main_global_AARGB5,F
0x1304	0x320D      	RRCF        R13, 1, 0
;__Lib_MathDouble.c, 1442 :: 		INCF      math_double_main_global_XExp,F
0x1306	0x2A03      	INCF        R3, 1, 0
;__Lib_MathDouble.c, 1443 :: 		BTFSC     STATUS,Z,0
0x1308	0xB4D8      	BTFSC       STATUS, 2, 0
;__Lib_MathDouble.c, 1444 :: 		GOTO      JPDSETFOV32
0x130A	0xF009EF9B  	GOTO        JPDSETFOV32
;__Lib_MathDouble.c, 1445 :: 		DIV32OK:
DIV32OK:
;__Lib_MathDouble.c, 1446 :: 		BTFSS     math_double_main_global_Sign,7
0x130E	0xAE0A      	BTFSS       R10, 7, 0
;__Lib_MathDouble.c, 1447 :: 		BCF       math_double_main_global_XLo_1,7
0x1310	0x9E08      	BCF         R8, 7, 0
;__Lib_MathDouble.c, 1448 :: 		MOVF      math_double_main_global_XLo_1,W
0x1312	0x5008      	MOVF        R8, 0, 0
;__Lib_MathDouble.c, 1449 :: 		MOVWF     math_double_main_global_XHi_2
0x1314	0x6E02      	MOVWF       R2, 0
;__Lib_MathDouble.c, 1450 :: 		MOVF      math_double_main_global_AARGB4,W
0x1316	0x500C      	MOVF        R12, 0, 0
;__Lib_MathDouble.c, 1451 :: 		MOVWF     math_double_main_global_XHi_1
0x1318	0x6E01      	MOVWF       R1, 0
;__Lib_MathDouble.c, 1452 :: 		MOVF      math_double_main_global_AARGB5,W
0x131A	0x500D      	MOVF        R13, 0, 0
;__Lib_MathDouble.c, 1453 :: 		MOVWF     math_double_main_global_XLo_2
0x131C	0x6E00      	MOVWF       R0, 0
;__Lib_MathDouble.c, 1456 :: 		GOTO      DIV32EEE
0x131E	0xF009EFA3  	GOTO        DIV32EEE
;__Lib_MathDouble.c, 1457 :: 		JPDSETFDZ32:
JPDSETFDZ32:
;__Lib_MathDouble.c, 1458 :: 		MOVLW     0x01
0x1322	0x0E01      	MOVLW       1
;__Lib_MathDouble.c, 1461 :: 		SETFDZ32();
0x1324	0xF002EC5E  	CALL        _SETFDZ32, 0
;__Lib_MathDouble.c, 1463 :: 		GOTO      DIV32EEE
0x1328	0xF009EFA3  	GOTO        DIV32EEE
;__Lib_MathDouble.c, 1464 :: 		JPDRES032:
JPDRES032:
;__Lib_MathDouble.c, 1465 :: 		MOVLW     0x02
0x132C	0x0E02      	MOVLW       2
;__Lib_MathDouble.c, 1468 :: 		RES032();
0x132E	0xF000EC1A  	CALL        _RES032, 0
;__Lib_MathDouble.c, 1470 :: 		GOTO      DIV32EEE
0x1332	0xF009EFA3  	GOTO        DIV32EEE
;__Lib_MathDouble.c, 1471 :: 		JPDSETFOV32:
JPDSETFOV32:
;__Lib_MathDouble.c, 1472 :: 		MOVLW     0x04
0x1336	0x0E04      	MOVLW       4
;__Lib_MathDouble.c, 1475 :: 		SETFOV32();
0x1338	0xF000EC0E  	CALL        _SETFOV32, 0
;__Lib_MathDouble.c, 1477 :: 		GOTO      DIV32EEE
0x133C	0xF009EFA3  	GOTO        DIV32EEE
;__Lib_MathDouble.c, 1478 :: 		JPDSETFUN32:
JPDSETFUN32:
;__Lib_MathDouble.c, 1479 :: 		MOVLW     0x08
0x1340	0x0E08      	MOVLW       8
;__Lib_MathDouble.c, 1482 :: 		SETFUN32();
0x1342	0xF000EC21  	CALL        _SETFUN32, 0
;__Lib_MathDouble.c, 1484 :: 		DIV32EEE:
DIV32EEE:
;__Lib_MathDouble.c, 1500 :: 		*         AARG  <--  INT(AARG)
L_end_Div_32x32_FP:
0x1346	0x0012      	RETURN      0
; end of _Div_32x32_FP
cstdio_scale:
;cstdio.c, 208 :: 		static float scale( expon scl )
;cstdio.c, 210 :: 		if ( scl < 0 ) {
0x1348	0x0E80      	MOVLW       128
0x134A	0x0100      	MOVLB       0
0x134C	0x197E      	XORWF       FARG_cstdio_scale_scl, 0, 1
0x134E	0x6E00      	MOVWF       R0 
0x1350	0x0E80      	MOVLW       128
0x1352	0x0A00      	XORLW       0
0x1354	0x5C00      	SUBWF       R0, 0 
0x1356	0xB0D8      	BTFSC       STATUS, 0 
0x1358	0xD16D      	BRA         L_cstdio_scale5
;cstdio.c, 211 :: 		scl = -scl;
0x135A	0x517E      	MOVF        FARG_cstdio_scale_scl, 0, 1
0x135C	0x0800      	SUBLW       0
0x135E	0x6E01      	MOVWF       R1 
0x1360	0xF07EC001  	MOVFF       R1, FARG_cstdio_scale_scl
;cstdio.c, 212 :: 		if ( scl >= 110 ) {
0x1364	0x0E80      	MOVLW       128
0x1366	0x1801      	XORWF       R1, 0 
0x1368	0x6E00      	MOVWF       R0 
0x136A	0x0E80      	MOVLW       128
0x136C	0x0A6E      	XORLW       110
0x136E	0x5C00      	SUBWF       R0, 0 
0x1370	0xA0D8      	BTFSS       STATUS, 0 
0x1372	0xD0C0      	BRA         L_cstdio_scale6
;cstdio.c, 213 :: 		return _npowers_[ scl / 100 + 18 ] * _npowers_[ ( scl % 100 ) / 10 + 9 ] * _npowers_[ scl % 10 ];
0x1374	0x0E64      	MOVLW       100
0x1376	0x6E04      	MOVWF       R4 
0x1378	0xF000C07E  	MOVFF       FARG_cstdio_scale_scl, R0
0x137C	0xF001ECE3  	CALL        _Div_8X8_S, 0
0x1380	0x0E12      	MOVLW       18
0x1382	0x2400      	ADDWF       R0, 0 
0x1384	0x6E05      	MOVWF       R5 
0x1386	0x0E00      	MOVLW       0
0x1388	0xBE00      	BTFSC       R0, 7 
0x138A	0x0EFF      	MOVLW       255
0x138C	0x6E06      	MOVWF       R5+1 
0x138E	0x0E00      	MOVLW       0
0x1390	0x2206      	ADDWFC      R5+1, 1 
0x1392	0xF000C005  	MOVFF       R5, R0
0x1396	0xF001C006  	MOVFF       R5+1, R0+1
0x139A	0x0E00      	MOVLW       0
0x139C	0xBE06      	BTFSC       R5+1, 7 
0x139E	0x0EFF      	MOVLW       255
0x13A0	0x6E02      	MOVWF       R0+2 
0x13A2	0x6E03      	MOVWF       R0+3 
0x13A4	0x3600      	RLCF        R0, 1 
0x13A6	0x9000      	BCF         R0, 0 
0x13A8	0x3601      	RLCF        R0+1, 1 
0x13AA	0x3602      	RLCF        R0+2, 1 
0x13AC	0x3603      	RLCF        R0+3, 1 
0x13AE	0x3600      	RLCF        R0, 1 
0x13B0	0x9000      	BCF         R0, 0 
0x13B2	0x3601      	RLCF        R0+1, 1 
0x13B4	0x3602      	RLCF        R0+2, 1 
0x13B6	0x3603      	RLCF        R0+3, 1 
0x13B8	0x0E11      	MOVLW       cstdio__npowers_
0x13BA	0x2400      	ADDWF       R0, 0 
0x13BC	0x6EF6      	MOVWF       TBLPTR 
0x13BE	0x0E3F      	MOVLW       hi_addr(cstdio__npowers_)
0x13C0	0x2001      	ADDWFC      R0+1, 0 
0x13C2	0x6EF7      	MOVWF       TBLPTR+1 
0x13C4	0x0E00      	MOVLW       higher_addr(cstdio__npowers_)
0x13C6	0x2002      	ADDWFC      R0+2, 0 
0x13C8	0x6EF8      	MOVWF       TBLPTR+2 
0x13CA	0x0009      	TBLRD*+
0x13CC	0xF07FCFF5  	MOVFF       TABLAT, FLOC_cstdio_scale
0x13D0	0x0009      	TBLRD*+
0x13D2	0xF080CFF5  	MOVFF       TABLAT, FLOC_cstdio_scale+1
0x13D6	0x0009      	TBLRD*+
0x13D8	0xF081CFF5  	MOVFF       TABLAT, FLOC_cstdio_scale+2
0x13DC	0x0009      	TBLRD*+
0x13DE	0xF082CFF5  	MOVFF       TABLAT, FLOC_cstdio_scale+3
0x13E2	0x0E64      	MOVLW       100
0x13E4	0x6E04      	MOVWF       R4 
0x13E6	0xF000C07E  	MOVFF       FARG_cstdio_scale_scl, R0
0x13EA	0xF001ECE3  	CALL        _Div_8X8_S, 0
0x13EE	0xF000C008  	MOVFF       R8, R0
0x13F2	0x0E0A      	MOVLW       10
0x13F4	0x6E04      	MOVWF       R4 
0x13F6	0xF001ECE3  	CALL        _Div_8X8_S, 0
0x13FA	0x0E09      	MOVLW       9
0x13FC	0x2400      	ADDWF       R0, 0 
0x13FE	0x6E05      	MOVWF       R5 
0x1400	0x0E00      	MOVLW       0
0x1402	0xBE00      	BTFSC       R0, 7 
0x1404	0x0EFF      	MOVLW       255
0x1406	0x6E06      	MOVWF       R5+1 
0x1408	0x0E00      	MOVLW       0
0x140A	0x2206      	ADDWFC      R5+1, 1 
0x140C	0xF000C005  	MOVFF       R5, R0
0x1410	0xF001C006  	MOVFF       R5+1, R0+1
0x1414	0x0E00      	MOVLW       0
0x1416	0xBE06      	BTFSC       R5+1, 7 
0x1418	0x0EFF      	MOVLW       255
0x141A	0x6E02      	MOVWF       R0+2 
0x141C	0x6E03      	MOVWF       R0+3 
0x141E	0x3600      	RLCF        R0, 1 
0x1420	0x9000      	BCF         R0, 0 
0x1422	0x3601      	RLCF        R0+1, 1 
0x1424	0x3602      	RLCF        R0+2, 1 
0x1426	0x3603      	RLCF        R0+3, 1 
0x1428	0x3600      	RLCF        R0, 1 
0x142A	0x9000      	BCF         R0, 0 
0x142C	0x3601      	RLCF        R0+1, 1 
0x142E	0x3602      	RLCF        R0+2, 1 
0x1430	0x3603      	RLCF        R0+3, 1 
0x1432	0x0E11      	MOVLW       cstdio__npowers_
0x1434	0x2400      	ADDWF       R0, 0 
0x1436	0x6EF6      	MOVWF       TBLPTR 
0x1438	0x0E3F      	MOVLW       hi_addr(cstdio__npowers_)
0x143A	0x2001      	ADDWFC      R0+1, 0 
0x143C	0x6EF7      	MOVWF       TBLPTR+1 
0x143E	0x0E00      	MOVLW       higher_addr(cstdio__npowers_)
0x1440	0x2002      	ADDWFC      R0+2, 0 
0x1442	0x6EF8      	MOVWF       TBLPTR+2 
0x1444	0x0009      	TBLRD*+
0x1446	0xF000CFF5  	MOVFF       TABLAT, R0
0x144A	0x0009      	TBLRD*+
0x144C	0xF001CFF5  	MOVFF       TABLAT, R0+1
0x1450	0x0009      	TBLRD*+
0x1452	0xF002CFF5  	MOVFF       TABLAT, R0+2
0x1456	0x0009      	TBLRD*+
0x1458	0xF003CFF5  	MOVFF       TABLAT, R0+3
0x145C	0xF004C07F  	MOVFF       FLOC_cstdio_scale, R4
0x1460	0xF005C080  	MOVFF       FLOC_cstdio_scale+1, R4+1
0x1464	0xF006C081  	MOVFF       FLOC_cstdio_scale+2, R4+2
0x1468	0xF007C082  	MOVFF       FLOC_cstdio_scale+3, R4+3
0x146C	0xF001EC45  	CALL        _Mul_32x32_FP, 0
0x1470	0xF07FC000  	MOVFF       R0, FLOC_cstdio_scale
0x1474	0xF080C001  	MOVFF       R0+1, FLOC_cstdio_scale+1
0x1478	0xF081C002  	MOVFF       R0+2, FLOC_cstdio_scale+2
0x147C	0xF082C003  	MOVFF       R0+3, FLOC_cstdio_scale+3
0x1480	0x0E0A      	MOVLW       10
0x1482	0x6E04      	MOVWF       R4 
0x1484	0xF000C07E  	MOVFF       FARG_cstdio_scale_scl, R0
0x1488	0xF001ECE3  	CALL        _Div_8X8_S, 0
0x148C	0xF000C008  	MOVFF       R8, R0
0x1490	0xF001C000  	MOVFF       R0, R1
0x1494	0x0E00      	MOVLW       0
0x1496	0xBE00      	BTFSC       R0, 7 
0x1498	0x0EFF      	MOVLW       255
0x149A	0x6E02      	MOVWF       R1+1 
0x149C	0x6E03      	MOVWF       R1+2 
0x149E	0x6E04      	MOVWF       R1+3 
0x14A0	0x3601      	RLCF        R1, 1 
0x14A2	0x9001      	BCF         R1, 0 
0x14A4	0x3602      	RLCF        R1+1, 1 
0x14A6	0x3603      	RLCF        R1+2, 1 
0x14A8	0x3604      	RLCF        R1+3, 1 
0x14AA	0x3601      	RLCF        R1, 1 
0x14AC	0x9001      	BCF         R1, 0 
0x14AE	0x3602      	RLCF        R1+1, 1 
0x14B0	0x3603      	RLCF        R1+2, 1 
0x14B2	0x3604      	RLCF        R1+3, 1 
0x14B4	0x0E11      	MOVLW       cstdio__npowers_
0x14B6	0x2401      	ADDWF       R1, 0 
0x14B8	0x6EF6      	MOVWF       TBLPTR 
0x14BA	0x0E3F      	MOVLW       hi_addr(cstdio__npowers_)
0x14BC	0x2002      	ADDWFC      R1+1, 0 
0x14BE	0x6EF7      	MOVWF       TBLPTR+1 
0x14C0	0x0E00      	MOVLW       higher_addr(cstdio__npowers_)
0x14C2	0x2003      	ADDWFC      R1+2, 0 
0x14C4	0x6EF8      	MOVWF       TBLPTR+2 
0x14C6	0x0009      	TBLRD*+
0x14C8	0xF000CFF5  	MOVFF       TABLAT, R0
0x14CC	0x0009      	TBLRD*+
0x14CE	0xF001CFF5  	MOVFF       TABLAT, R0+1
0x14D2	0x0009      	TBLRD*+
0x14D4	0xF002CFF5  	MOVFF       TABLAT, R0+2
0x14D8	0x0009      	TBLRD*+
0x14DA	0xF003CFF5  	MOVFF       TABLAT, R0+3
0x14DE	0xF004C07F  	MOVFF       FLOC_cstdio_scale, R4
0x14E2	0xF005C080  	MOVFF       FLOC_cstdio_scale+1, R4+1
0x14E6	0xF006C081  	MOVFF       FLOC_cstdio_scale+2, R4+2
0x14EA	0xF007C082  	MOVFF       FLOC_cstdio_scale+3, R4+3
0x14EE	0xF001EC45  	CALL        _Mul_32x32_FP, 0
0x14F2	0xD207      	BRA         L_end_scale
;cstdio.c, 214 :: 		} else if ( scl > 10 ) {
L_cstdio_scale6:
0x14F4	0x0E80      	MOVLW       128
0x14F6	0x0A0A      	XORLW       10
0x14F8	0x6E00      	MOVWF       R0 
0x14FA	0x0E80      	MOVLW       128
0x14FC	0x197E      	XORWF       FARG_cstdio_scale_scl, 0, 1
0x14FE	0x5C00      	SUBWF       R0, 0 
0x1500	0xE271      	BC          L_cstdio_scale8
;cstdio.c, 215 :: 		return _npowers_[ scl / 10 + 9 ] * _npowers_[ scl % 10 ];
0x1502	0x0E0A      	MOVLW       10
0x1504	0x6E04      	MOVWF       R4 
0x1506	0xF000C07E  	MOVFF       FARG_cstdio_scale_scl, R0
0x150A	0xF001ECE3  	CALL        _Div_8X8_S, 0
0x150E	0x0E09      	MOVLW       9
0x1510	0x2400      	ADDWF       R0, 0 
0x1512	0x6E05      	MOVWF       R5 
0x1514	0x0E00      	MOVLW       0
0x1516	0xBE00      	BTFSC       R0, 7 
0x1518	0x0EFF      	MOVLW       255
0x151A	0x6E06      	MOVWF       R5+1 
0x151C	0x0E00      	MOVLW       0
0x151E	0x2206      	ADDWFC      R5+1, 1 
0x1520	0xF000C005  	MOVFF       R5, R0
0x1524	0xF001C006  	MOVFF       R5+1, R0+1
0x1528	0x0E00      	MOVLW       0
0x152A	0xBE06      	BTFSC       R5+1, 7 
0x152C	0x0EFF      	MOVLW       255
0x152E	0x6E02      	MOVWF       R0+2 
0x1530	0x6E03      	MOVWF       R0+3 
0x1532	0x3600      	RLCF        R0, 1 
0x1534	0x9000      	BCF         R0, 0 
0x1536	0x3601      	RLCF        R0+1, 1 
0x1538	0x3602      	RLCF        R0+2, 1 
0x153A	0x3603      	RLCF        R0+3, 1 
0x153C	0x3600      	RLCF        R0, 1 
0x153E	0x9000      	BCF         R0, 0 
0x1540	0x3601      	RLCF        R0+1, 1 
0x1542	0x3602      	RLCF        R0+2, 1 
0x1544	0x3603      	RLCF        R0+3, 1 
0x1546	0x0E11      	MOVLW       cstdio__npowers_
0x1548	0x2400      	ADDWF       R0, 0 
0x154A	0x6EF6      	MOVWF       TBLPTR 
0x154C	0x0E3F      	MOVLW       hi_addr(cstdio__npowers_)
0x154E	0x2001      	ADDWFC      R0+1, 0 
0x1550	0x6EF7      	MOVWF       TBLPTR+1 
0x1552	0x0E00      	MOVLW       higher_addr(cstdio__npowers_)
0x1554	0x2002      	ADDWFC      R0+2, 0 
0x1556	0x6EF8      	MOVWF       TBLPTR+2 
0x1558	0x0009      	TBLRD*+
0x155A	0xF07FCFF5  	MOVFF       TABLAT, FLOC_cstdio_scale
0x155E	0x0009      	TBLRD*+
0x1560	0xF080CFF5  	MOVFF       TABLAT, FLOC_cstdio_scale+1
0x1564	0x0009      	TBLRD*+
0x1566	0xF081CFF5  	MOVFF       TABLAT, FLOC_cstdio_scale+2
0x156A	0x0009      	TBLRD*+
0x156C	0xF082CFF5  	MOVFF       TABLAT, FLOC_cstdio_scale+3
0x1570	0x0E0A      	MOVLW       10
0x1572	0x6E04      	MOVWF       R4 
0x1574	0xF000C07E  	MOVFF       FARG_cstdio_scale_scl, R0
0x1578	0xF001ECE3  	CALL        _Div_8X8_S, 0
0x157C	0xF000C008  	MOVFF       R8, R0
0x1580	0xF001C000  	MOVFF       R0, R1
0x1584	0x0E00      	MOVLW       0
0x1586	0xBE00      	BTFSC       R0, 7 
0x1588	0x0EFF      	MOVLW       255
0x158A	0x6E02      	MOVWF       R1+1 
0x158C	0x6E03      	MOVWF       R1+2 
0x158E	0x6E04      	MOVWF       R1+3 
0x1590	0x3601      	RLCF        R1, 1 
0x1592	0x9001      	BCF         R1, 0 
0x1594	0x3602      	RLCF        R1+1, 1 
0x1596	0x3603      	RLCF        R1+2, 1 
0x1598	0x3604      	RLCF        R1+3, 1 
0x159A	0x3601      	RLCF        R1, 1 
0x159C	0x9001      	BCF         R1, 0 
0x159E	0x3602      	RLCF        R1+1, 1 
0x15A0	0x3603      	RLCF        R1+2, 1 
0x15A2	0x3604      	RLCF        R1+3, 1 
0x15A4	0x0E11      	MOVLW       cstdio__npowers_
0x15A6	0x2401      	ADDWF       R1, 0 
0x15A8	0x6EF6      	MOVWF       TBLPTR 
0x15AA	0x0E3F      	MOVLW       hi_addr(cstdio__npowers_)
0x15AC	0x2002      	ADDWFC      R1+1, 0 
0x15AE	0x6EF7      	MOVWF       TBLPTR+1 
0x15B0	0x0E00      	MOVLW       higher_addr(cstdio__npowers_)
0x15B2	0x2003      	ADDWFC      R1+2, 0 
0x15B4	0x6EF8      	MOVWF       TBLPTR+2 
0x15B6	0x0009      	TBLRD*+
0x15B8	0xF000CFF5  	MOVFF       TABLAT, R0
0x15BC	0x0009      	TBLRD*+
0x15BE	0xF001CFF5  	MOVFF       TABLAT, R0+1
0x15C2	0x0009      	TBLRD*+
0x15C4	0xF002CFF5  	MOVFF       TABLAT, R0+2
0x15C8	0x0009      	TBLRD*+
0x15CA	0xF003CFF5  	MOVFF       TABLAT, R0+3
0x15CE	0xF004C07F  	MOVFF       FLOC_cstdio_scale, R4
0x15D2	0xF005C080  	MOVFF       FLOC_cstdio_scale+1, R4+1
0x15D6	0xF006C081  	MOVFF       FLOC_cstdio_scale+2, R4+2
0x15DA	0xF007C082  	MOVFF       FLOC_cstdio_scale+3, R4+3
0x15DE	0xF001EC45  	CALL        _Mul_32x32_FP, 0
0x15E2	0xD18F      	BRA         L_end_scale
;cstdio.c, 216 :: 		}
L_cstdio_scale8:
;cstdio.c, 218 :: 		return _npowers_[ scl ];
0x15E4	0xF000C07E  	MOVFF       FARG_cstdio_scale_scl, R0
0x15E8	0x0E00      	MOVLW       0
0x15EA	0xBF7E      	BTFSC       FARG_cstdio_scale_scl, 7, 1
0x15EC	0x0EFF      	MOVLW       255
0x15EE	0x6E01      	MOVWF       R0+1 
0x15F0	0x6E02      	MOVWF       R0+2 
0x15F2	0x6E03      	MOVWF       R0+3 
0x15F4	0x3600      	RLCF        R0, 1 
0x15F6	0x9000      	BCF         R0, 0 
0x15F8	0x3601      	RLCF        R0+1, 1 
0x15FA	0x3602      	RLCF        R0+2, 1 
0x15FC	0x3603      	RLCF        R0+3, 1 
0x15FE	0x3600      	RLCF        R0, 1 
0x1600	0x9000      	BCF         R0, 0 
0x1602	0x3601      	RLCF        R0+1, 1 
0x1604	0x3602      	RLCF        R0+2, 1 
0x1606	0x3603      	RLCF        R0+3, 1 
0x1608	0x0E11      	MOVLW       cstdio__npowers_
0x160A	0x2400      	ADDWF       R0, 0 
0x160C	0x6EF6      	MOVWF       TBLPTR 
0x160E	0x0E3F      	MOVLW       hi_addr(cstdio__npowers_)
0x1610	0x2001      	ADDWFC      R0+1, 0 
0x1612	0x6EF7      	MOVWF       TBLPTR+1 
0x1614	0x0E00      	MOVLW       higher_addr(cstdio__npowers_)
0x1616	0x2002      	ADDWFC      R0+2, 0 
0x1618	0x6EF8      	MOVWF       TBLPTR+2 
0x161A	0x0009      	TBLRD*+
0x161C	0xF000CFF5  	MOVFF       TABLAT, R0
0x1620	0x0009      	TBLRD*+
0x1622	0xF001CFF5  	MOVFF       TABLAT, R0+1
0x1626	0x0009      	TBLRD*+
0x1628	0xF002CFF5  	MOVFF       TABLAT, R0+2
0x162C	0x0009      	TBLRD*+
0x162E	0xF003CFF5  	MOVFF       TABLAT, R0+3
0x1632	0xD167      	BRA         L_end_scale
;cstdio.c, 219 :: 		}
L_cstdio_scale5:
;cstdio.c, 221 :: 		if ( scl >= 110 ) {
0x1634	0x0E80      	MOVLW       128
0x1636	0x197E      	XORWF       FARG_cstdio_scale_scl, 0, 1
0x1638	0x6E00      	MOVWF       R0 
0x163A	0x0E80      	MOVLW       128
0x163C	0x0A6E      	XORLW       110
0x163E	0x5C00      	SUBWF       R0, 0 
0x1640	0xA0D8      	BTFSS       STATUS, 0 
0x1642	0xD0C0      	BRA         L_cstdio_scale9
;cstdio.c, 222 :: 		return _powers_[ scl / 100 + 18 ] * _powers_[ ( scl % 100 ) / 10 + 9 ] * _powers_[ scl % 10 ];
0x1644	0x0E64      	MOVLW       100
0x1646	0x6E04      	MOVWF       R4 
0x1648	0xF000C07E  	MOVFF       FARG_cstdio_scale_scl, R0
0x164C	0xF001ECE3  	CALL        _Div_8X8_S, 0
0x1650	0x0E12      	MOVLW       18
0x1652	0x2400      	ADDWF       R0, 0 
0x1654	0x6E05      	MOVWF       R5 
0x1656	0x0E00      	MOVLW       0
0x1658	0xBE00      	BTFSC       R0, 7 
0x165A	0x0EFF      	MOVLW       255
0x165C	0x6E06      	MOVWF       R5+1 
0x165E	0x0E00      	MOVLW       0
0x1660	0x2206      	ADDWFC      R5+1, 1 
0x1662	0xF000C005  	MOVFF       R5, R0
0x1666	0xF001C006  	MOVFF       R5+1, R0+1
0x166A	0x0E00      	MOVLW       0
0x166C	0xBE06      	BTFSC       R5+1, 7 
0x166E	0x0EFF      	MOVLW       255
0x1670	0x6E02      	MOVWF       R0+2 
0x1672	0x6E03      	MOVWF       R0+3 
0x1674	0x3600      	RLCF        R0, 1 
0x1676	0x9000      	BCF         R0, 0 
0x1678	0x3601      	RLCF        R0+1, 1 
0x167A	0x3602      	RLCF        R0+2, 1 
0x167C	0x3603      	RLCF        R0+3, 1 
0x167E	0x3600      	RLCF        R0, 1 
0x1680	0x9000      	BCF         R0, 0 
0x1682	0x3601      	RLCF        R0+1, 1 
0x1684	0x3602      	RLCF        R0+2, 1 
0x1686	0x3603      	RLCF        R0+3, 1 
0x1688	0x0EDD      	MOVLW       cstdio__powers_
0x168A	0x2400      	ADDWF       R0, 0 
0x168C	0x6EF6      	MOVWF       TBLPTR 
0x168E	0x0E3E      	MOVLW       hi_addr(cstdio__powers_)
0x1690	0x2001      	ADDWFC      R0+1, 0 
0x1692	0x6EF7      	MOVWF       TBLPTR+1 
0x1694	0x0E00      	MOVLW       higher_addr(cstdio__powers_)
0x1696	0x2002      	ADDWFC      R0+2, 0 
0x1698	0x6EF8      	MOVWF       TBLPTR+2 
0x169A	0x0009      	TBLRD*+
0x169C	0xF07FCFF5  	MOVFF       TABLAT, FLOC_cstdio_scale
0x16A0	0x0009      	TBLRD*+
0x16A2	0xF080CFF5  	MOVFF       TABLAT, FLOC_cstdio_scale+1
0x16A6	0x0009      	TBLRD*+
0x16A8	0xF081CFF5  	MOVFF       TABLAT, FLOC_cstdio_scale+2
0x16AC	0x0009      	TBLRD*+
0x16AE	0xF082CFF5  	MOVFF       TABLAT, FLOC_cstdio_scale+3
0x16B2	0x0E64      	MOVLW       100
0x16B4	0x6E04      	MOVWF       R4 
0x16B6	0xF000C07E  	MOVFF       FARG_cstdio_scale_scl, R0
0x16BA	0xF001ECE3  	CALL        _Div_8X8_S, 0
0x16BE	0xF000C008  	MOVFF       R8, R0
0x16C2	0x0E0A      	MOVLW       10
0x16C4	0x6E04      	MOVWF       R4 
0x16C6	0xF001ECE3  	CALL        _Div_8X8_S, 0
0x16CA	0x0E09      	MOVLW       9
0x16CC	0x2400      	ADDWF       R0, 0 
0x16CE	0x6E05      	MOVWF       R5 
0x16D0	0x0E00      	MOVLW       0
0x16D2	0xBE00      	BTFSC       R0, 7 
0x16D4	0x0EFF      	MOVLW       255
0x16D6	0x6E06      	MOVWF       R5+1 
0x16D8	0x0E00      	MOVLW       0
0x16DA	0x2206      	ADDWFC      R5+1, 1 
0x16DC	0xF000C005  	MOVFF       R5, R0
0x16E0	0xF001C006  	MOVFF       R5+1, R0+1
0x16E4	0x0E00      	MOVLW       0
0x16E6	0xBE06      	BTFSC       R5+1, 7 
0x16E8	0x0EFF      	MOVLW       255
0x16EA	0x6E02      	MOVWF       R0+2 
0x16EC	0x6E03      	MOVWF       R0+3 
0x16EE	0x3600      	RLCF        R0, 1 
0x16F0	0x9000      	BCF         R0, 0 
0x16F2	0x3601      	RLCF        R0+1, 1 
0x16F4	0x3602      	RLCF        R0+2, 1 
0x16F6	0x3603      	RLCF        R0+3, 1 
0x16F8	0x3600      	RLCF        R0, 1 
0x16FA	0x9000      	BCF         R0, 0 
0x16FC	0x3601      	RLCF        R0+1, 1 
0x16FE	0x3602      	RLCF        R0+2, 1 
0x1700	0x3603      	RLCF        R0+3, 1 
0x1702	0x0EDD      	MOVLW       cstdio__powers_
0x1704	0x2400      	ADDWF       R0, 0 
0x1706	0x6EF6      	MOVWF       TBLPTR 
0x1708	0x0E3E      	MOVLW       hi_addr(cstdio__powers_)
0x170A	0x2001      	ADDWFC      R0+1, 0 
0x170C	0x6EF7      	MOVWF       TBLPTR+1 
0x170E	0x0E00      	MOVLW       higher_addr(cstdio__powers_)
0x1710	0x2002      	ADDWFC      R0+2, 0 
0x1712	0x6EF8      	MOVWF       TBLPTR+2 
0x1714	0x0009      	TBLRD*+
0x1716	0xF000CFF5  	MOVFF       TABLAT, R0
0x171A	0x0009      	TBLRD*+
0x171C	0xF001CFF5  	MOVFF       TABLAT, R0+1
0x1720	0x0009      	TBLRD*+
0x1722	0xF002CFF5  	MOVFF       TABLAT, R0+2
0x1726	0x0009      	TBLRD*+
0x1728	0xF003CFF5  	MOVFF       TABLAT, R0+3
0x172C	0xF004C07F  	MOVFF       FLOC_cstdio_scale, R4
0x1730	0xF005C080  	MOVFF       FLOC_cstdio_scale+1, R4+1
0x1734	0xF006C081  	MOVFF       FLOC_cstdio_scale+2, R4+2
0x1738	0xF007C082  	MOVFF       FLOC_cstdio_scale+3, R4+3
0x173C	0xF001EC45  	CALL        _Mul_32x32_FP, 0
0x1740	0xF07FC000  	MOVFF       R0, FLOC_cstdio_scale
0x1744	0xF080C001  	MOVFF       R0+1, FLOC_cstdio_scale+1
0x1748	0xF081C002  	MOVFF       R0+2, FLOC_cstdio_scale+2
0x174C	0xF082C003  	MOVFF       R0+3, FLOC_cstdio_scale+3
0x1750	0x0E0A      	MOVLW       10
0x1752	0x6E04      	MOVWF       R4 
0x1754	0xF000C07E  	MOVFF       FARG_cstdio_scale_scl, R0
0x1758	0xF001ECE3  	CALL        _Div_8X8_S, 0
0x175C	0xF000C008  	MOVFF       R8, R0
0x1760	0xF001C000  	MOVFF       R0, R1
0x1764	0x0E00      	MOVLW       0
0x1766	0xBE00      	BTFSC       R0, 7 
0x1768	0x0EFF      	MOVLW       255
0x176A	0x6E02      	MOVWF       R1+1 
0x176C	0x6E03      	MOVWF       R1+2 
0x176E	0x6E04      	MOVWF       R1+3 
0x1770	0x3601      	RLCF        R1, 1 
0x1772	0x9001      	BCF         R1, 0 
0x1774	0x3602      	RLCF        R1+1, 1 
0x1776	0x3603      	RLCF        R1+2, 1 
0x1778	0x3604      	RLCF        R1+3, 1 
0x177A	0x3601      	RLCF        R1, 1 
0x177C	0x9001      	BCF         R1, 0 
0x177E	0x3602      	RLCF        R1+1, 1 
0x1780	0x3603      	RLCF        R1+2, 1 
0x1782	0x3604      	RLCF        R1+3, 1 
0x1784	0x0EDD      	MOVLW       cstdio__powers_
0x1786	0x2401      	ADDWF       R1, 0 
0x1788	0x6EF6      	MOVWF       TBLPTR 
0x178A	0x0E3E      	MOVLW       hi_addr(cstdio__powers_)
0x178C	0x2002      	ADDWFC      R1+1, 0 
0x178E	0x6EF7      	MOVWF       TBLPTR+1 
0x1790	0x0E00      	MOVLW       higher_addr(cstdio__powers_)
0x1792	0x2003      	ADDWFC      R1+2, 0 
0x1794	0x6EF8      	MOVWF       TBLPTR+2 
0x1796	0x0009      	TBLRD*+
0x1798	0xF000CFF5  	MOVFF       TABLAT, R0
0x179C	0x0009      	TBLRD*+
0x179E	0xF001CFF5  	MOVFF       TABLAT, R0+1
0x17A2	0x0009      	TBLRD*+
0x17A4	0xF002CFF5  	MOVFF       TABLAT, R0+2
0x17A8	0x0009      	TBLRD*+
0x17AA	0xF003CFF5  	MOVFF       TABLAT, R0+3
0x17AE	0xF004C07F  	MOVFF       FLOC_cstdio_scale, R4
0x17B2	0xF005C080  	MOVFF       FLOC_cstdio_scale+1, R4+1
0x17B6	0xF006C081  	MOVFF       FLOC_cstdio_scale+2, R4+2
0x17BA	0xF007C082  	MOVFF       FLOC_cstdio_scale+3, R4+3
0x17BE	0xF001EC45  	CALL        _Mul_32x32_FP, 0
0x17C2	0xD09F      	BRA         L_end_scale
;cstdio.c, 223 :: 		} else if ( scl > 10 ) {
L_cstdio_scale9:
0x17C4	0x0E80      	MOVLW       128
0x17C6	0x0A0A      	XORLW       10
0x17C8	0x6E00      	MOVWF       R0 
0x17CA	0x0E80      	MOVLW       128
0x17CC	0x197E      	XORWF       FARG_cstdio_scale_scl, 0, 1
0x17CE	0x5C00      	SUBWF       R0, 0 
0x17D0	0xE271      	BC          L_cstdio_scale11
;cstdio.c, 224 :: 		return _powers_[ scl / 10 + 9 ] * _powers_[ scl % 10 ];
0x17D2	0x0E0A      	MOVLW       10
0x17D4	0x6E04      	MOVWF       R4 
0x17D6	0xF000C07E  	MOVFF       FARG_cstdio_scale_scl, R0
0x17DA	0xF001ECE3  	CALL        _Div_8X8_S, 0
0x17DE	0x0E09      	MOVLW       9
0x17E0	0x2400      	ADDWF       R0, 0 
0x17E2	0x6E05      	MOVWF       R5 
0x17E4	0x0E00      	MOVLW       0
0x17E6	0xBE00      	BTFSC       R0, 7 
0x17E8	0x0EFF      	MOVLW       255
0x17EA	0x6E06      	MOVWF       R5+1 
0x17EC	0x0E00      	MOVLW       0
0x17EE	0x2206      	ADDWFC      R5+1, 1 
0x17F0	0xF000C005  	MOVFF       R5, R0
0x17F4	0xF001C006  	MOVFF       R5+1, R0+1
0x17F8	0x0E00      	MOVLW       0
0x17FA	0xBE06      	BTFSC       R5+1, 7 
0x17FC	0x0EFF      	MOVLW       255
0x17FE	0x6E02      	MOVWF       R0+2 
0x1800	0x6E03      	MOVWF       R0+3 
0x1802	0x3600      	RLCF        R0, 1 
0x1804	0x9000      	BCF         R0, 0 
0x1806	0x3601      	RLCF        R0+1, 1 
0x1808	0x3602      	RLCF        R0+2, 1 
0x180A	0x3603      	RLCF        R0+3, 1 
0x180C	0x3600      	RLCF        R0, 1 
0x180E	0x9000      	BCF         R0, 0 
0x1810	0x3601      	RLCF        R0+1, 1 
0x1812	0x3602      	RLCF        R0+2, 1 
0x1814	0x3603      	RLCF        R0+3, 1 
0x1816	0x0EDD      	MOVLW       cstdio__powers_
0x1818	0x2400      	ADDWF       R0, 0 
0x181A	0x6EF6      	MOVWF       TBLPTR 
0x181C	0x0E3E      	MOVLW       hi_addr(cstdio__powers_)
0x181E	0x2001      	ADDWFC      R0+1, 0 
0x1820	0x6EF7      	MOVWF       TBLPTR+1 
0x1822	0x0E00      	MOVLW       higher_addr(cstdio__powers_)
0x1824	0x2002      	ADDWFC      R0+2, 0 
0x1826	0x6EF8      	MOVWF       TBLPTR+2 
0x1828	0x0009      	TBLRD*+
0x182A	0xF07FCFF5  	MOVFF       TABLAT, FLOC_cstdio_scale
0x182E	0x0009      	TBLRD*+
0x1830	0xF080CFF5  	MOVFF       TABLAT, FLOC_cstdio_scale+1
0x1834	0x0009      	TBLRD*+
0x1836	0xF081CFF5  	MOVFF       TABLAT, FLOC_cstdio_scale+2
0x183A	0x0009      	TBLRD*+
0x183C	0xF082CFF5  	MOVFF       TABLAT, FLOC_cstdio_scale+3
0x1840	0x0E0A      	MOVLW       10
0x1842	0x6E04      	MOVWF       R4 
0x1844	0xF000C07E  	MOVFF       FARG_cstdio_scale_scl, R0
0x1848	0xF001ECE3  	CALL        _Div_8X8_S, 0
0x184C	0xF000C008  	MOVFF       R8, R0
0x1850	0xF001C000  	MOVFF       R0, R1
0x1854	0x0E00      	MOVLW       0
0x1856	0xBE00      	BTFSC       R0, 7 
0x1858	0x0EFF      	MOVLW       255
0x185A	0x6E02      	MOVWF       R1+1 
0x185C	0x6E03      	MOVWF       R1+2 
0x185E	0x6E04      	MOVWF       R1+3 
0x1860	0x3601      	RLCF        R1, 1 
0x1862	0x9001      	BCF         R1, 0 
0x1864	0x3602      	RLCF        R1+1, 1 
0x1866	0x3603      	RLCF        R1+2, 1 
0x1868	0x3604      	RLCF        R1+3, 1 
0x186A	0x3601      	RLCF        R1, 1 
0x186C	0x9001      	BCF         R1, 0 
0x186E	0x3602      	RLCF        R1+1, 1 
0x1870	0x3603      	RLCF        R1+2, 1 
0x1872	0x3604      	RLCF        R1+3, 1 
0x1874	0x0EDD      	MOVLW       cstdio__powers_
0x1876	0x2401      	ADDWF       R1, 0 
0x1878	0x6EF6      	MOVWF       TBLPTR 
0x187A	0x0E3E      	MOVLW       hi_addr(cstdio__powers_)
0x187C	0x2002      	ADDWFC      R1+1, 0 
0x187E	0x6EF7      	MOVWF       TBLPTR+1 
0x1880	0x0E00      	MOVLW       higher_addr(cstdio__powers_)
0x1882	0x2003      	ADDWFC      R1+2, 0 
0x1884	0x6EF8      	MOVWF       TBLPTR+2 
0x1886	0x0009      	TBLRD*+
0x1888	0xF000CFF5  	MOVFF       TABLAT, R0
0x188C	0x0009      	TBLRD*+
0x188E	0xF001CFF5  	MOVFF       TABLAT, R0+1
0x1892	0x0009      	TBLRD*+
0x1894	0xF002CFF5  	MOVFF       TABLAT, R0+2
0x1898	0x0009      	TBLRD*+
0x189A	0xF003CFF5  	MOVFF       TABLAT, R0+3
0x189E	0xF004C07F  	MOVFF       FLOC_cstdio_scale, R4
0x18A2	0xF005C080  	MOVFF       FLOC_cstdio_scale+1, R4+1
0x18A6	0xF006C081  	MOVFF       FLOC_cstdio_scale+2, R4+2
0x18AA	0xF007C082  	MOVFF       FLOC_cstdio_scale+3, R4+3
0x18AE	0xF001EC45  	CALL        _Mul_32x32_FP, 0
0x18B2	0xD027      	BRA         L_end_scale
;cstdio.c, 225 :: 		}
L_cstdio_scale11:
;cstdio.c, 227 :: 		return _powers_[ scl ];
0x18B4	0xF000C07E  	MOVFF       FARG_cstdio_scale_scl, R0
0x18B8	0x0E00      	MOVLW       0
0x18BA	0xBF7E      	BTFSC       FARG_cstdio_scale_scl, 7, 1
0x18BC	0x0EFF      	MOVLW       255
0x18BE	0x6E01      	MOVWF       R0+1 
0x18C0	0x6E02      	MOVWF       R0+2 
0x18C2	0x6E03      	MOVWF       R0+3 
0x18C4	0x3600      	RLCF        R0, 1 
0x18C6	0x9000      	BCF         R0, 0 
0x18C8	0x3601      	RLCF        R0+1, 1 
0x18CA	0x3602      	RLCF        R0+2, 1 
0x18CC	0x3603      	RLCF        R0+3, 1 
0x18CE	0x3600      	RLCF        R0, 1 
0x18D0	0x9000      	BCF         R0, 0 
0x18D2	0x3601      	RLCF        R0+1, 1 
0x18D4	0x3602      	RLCF        R0+2, 1 
0x18D6	0x3603      	RLCF        R0+3, 1 
0x18D8	0x0EDD      	MOVLW       cstdio__powers_
0x18DA	0x2400      	ADDWF       R0, 0 
0x18DC	0x6EF6      	MOVWF       TBLPTR 
0x18DE	0x0E3E      	MOVLW       hi_addr(cstdio__powers_)
0x18E0	0x2001      	ADDWFC      R0+1, 0 
0x18E2	0x6EF7      	MOVWF       TBLPTR+1 
0x18E4	0x0E00      	MOVLW       higher_addr(cstdio__powers_)
0x18E6	0x2002      	ADDWFC      R0+2, 0 
0x18E8	0x6EF8      	MOVWF       TBLPTR+2 
0x18EA	0x0009      	TBLRD*+
0x18EC	0xF000CFF5  	MOVFF       TABLAT, R0
0x18F0	0x0009      	TBLRD*+
0x18F2	0xF001CFF5  	MOVFF       TABLAT, R0+1
0x18F6	0x0009      	TBLRD*+
0x18F8	0xF002CFF5  	MOVFF       TABLAT, R0+2
0x18FC	0x0009      	TBLRD*+
0x18FE	0xF003CFF5  	MOVFF       TABLAT, R0+3
;cstdio.c, 250 :: 		#define POINTER 0x2000
L_end_scale:
0x1902	0x0012      	RETURN      0
; end of cstdio_scale
_Div_16x16_S:
;__Lib_Math.c, 168 :: 		void Div_16x16_S()
;__Lib_Math.c, 170 :: 		if ( R4 == 0 )
0x1904	0x5004      	MOVF        R4, 0 
0x1906	0x0A00      	XORLW       0
0x1908	0xE108      	BNZ         L_Div_16x16_S0
;__Lib_Math.c, 171 :: 		if ( R5 == 0 ) {
0x190A	0x5005      	MOVF        R5, 0 
0x190C	0x0A00      	XORLW       0
0x190E	0xE105      	BNZ         L_Div_16x16_S1
;__Lib_Math.c, 172 :: 		R0 = 0xFF;
0x1910	0x0EFF      	MOVLW       255
0x1912	0x6E00      	MOVWF       R0 
;__Lib_Math.c, 173 :: 		R1 = 0x7F;
0x1914	0x0E7F      	MOVLW       127
0x1916	0x6E01      	MOVWF       R1 
;__Lib_Math.c, 174 :: 		return;
0x1918	0xD058      	BRA         L_end_Div_16x16_S
;__Lib_Math.c, 175 :: 		}
L_Div_16x16_S1:
L_Div_16x16_S0:
;__Lib_Math.c, 178 :: 		CLRF   math_main_global_Sign
0x191A	0x6A0D      	CLRF        R13, 0
;__Lib_Math.c, 179 :: 		CLRF   math_main_global_Remainder_2
0x191C	0x6A09      	CLRF        R9, 0
;__Lib_Math.c, 180 :: 		CLRF   math_main_global_Remainder_1
0x191E	0x6A08      	CLRF        R8, 0
;__Lib_Math.c, 181 :: 		MOVF   math_main_global_X_2,W
0x1920	0x5001      	MOVF        R1, 0, 0
;__Lib_Math.c, 182 :: 		IORWF  math_main_global_X_1,W
0x1922	0x1000      	IORWF       R0, 0, 0
;__Lib_Math.c, 183 :: 		BTFSC  STATUS,Z,0
0x1924	0xB4D8      	BTFSC       STATUS, 2, 0
;__Lib_Math.c, 184 :: 		RETLW  0
0x1926	0x0C00      	RETLW       0
;__Lib_Math.c, 186 :: 		MOVF   math_main_global_X_2,W
0x1928	0x5001      	MOVF        R1, 0, 0
;__Lib_Math.c, 187 :: 		XORWF  math_main_global_Y_2,W
0x192A	0x1805      	XORWF       R5, 0, 0
;__Lib_Math.c, 188 :: 		MOVWF  math_main_global_Temp_1
0x192C	0x6E0A      	MOVWF       R10, 0
;__Lib_Math.c, 189 :: 		BTFSC  math_main_global_Temp_1,7
0x192E	0xBE0A      	BTFSC       R10, 7, 0
;__Lib_Math.c, 190 :: 		COMF   math_main_global_Sign,F
0x1930	0x1E0D      	COMF        R13, 1, 0
;__Lib_Math.c, 192 :: 		CLRF   math_main_global_Temp_2
0x1932	0x6A0B      	CLRF        R11, 0
;__Lib_Math.c, 194 :: 		BTFSS  math_main_global_Y_2,7
0x1934	0xAE05      	BTFSS       R5, 7, 0
;__Lib_Math.c, 195 :: 		BRA    $+12 //$+6
0x1936	0xD005      	BRA         $+12
;__Lib_Math.c, 197 :: 		COMF   math_main_global_Y_1,F
0x1938	0x1E04      	COMF        R4, 1, 0
;__Lib_Math.c, 198 :: 		COMF   math_main_global_Y_2,F
0x193A	0x1E05      	COMF        R5, 1, 0
;__Lib_Math.c, 199 :: 		INCF   math_main_global_Y_1,F
0x193C	0x2A04      	INCF        R4, 1, 0
;__Lib_Math.c, 200 :: 		BTFSC  STATUS,Z,0
0x193E	0xB4D8      	BTFSC       STATUS, 2, 0
;__Lib_Math.c, 201 :: 		INCF   math_main_global_Y_2,F
0x1940	0x2A05      	INCF        R5, 1, 0
;__Lib_Math.c, 203 :: 		BTFSS  math_main_global_X_2,7
0x1942	0xAE01      	BTFSS       R1, 7, 0
;__Lib_Math.c, 204 :: 		BRA    $+12 //$+6
0x1944	0xD005      	BRA         $+12
;__Lib_Math.c, 206 :: 		COMF   math_main_global_X_1,F
0x1946	0x1E00      	COMF        R0, 1, 0
;__Lib_Math.c, 207 :: 		COMF   math_main_global_X_2,F
0x1948	0x1E01      	COMF        R1, 1, 0
;__Lib_Math.c, 208 :: 		INCF   math_main_global_X_1,F
0x194A	0x2A00      	INCF        R0, 1, 0
;__Lib_Math.c, 209 :: 		BTFSC  STATUS,Z,0
0x194C	0xB4D8      	BTFSC       STATUS, 2, 0
;__Lib_Math.c, 210 :: 		INCF   math_main_global_X_2,F
0x194E	0x2A01      	INCF        R1, 1, 0
;__Lib_Math.c, 212 :: 		MOVF   math_main_global_X_2,W
0x1950	0x5001      	MOVF        R1, 0, 0
;__Lib_Math.c, 213 :: 		IORWF  math_main_global_Y_2,W
0x1952	0x1005      	IORWF       R5, 0, 0
;__Lib_Math.c, 214 :: 		MOVWF  math_main_global_Temp_1
0x1954	0x6E0A      	MOVWF       R10, 0
;__Lib_Math.c, 215 :: 		BTFSC  math_main_global_Temp_1,7
0x1956	0xBE0A      	BTFSC       R10, 7, 0
;__Lib_Math.c, 216 :: 		BRA    $+34 //$+17
0x1958	0xD010      	BRA         $+34
;__Lib_Math.c, 218 :: 		Div_16x16_S_L();
0x195A	0xF002EC32  	CALL        _Div_16x16_S_L, 0
;__Lib_Math.c, 220 :: 		BTFSC  math_main_global_Temp_2,0
0x195E	0xB00B      	BTFSC       R11, 0, 0
;__Lib_Math.c, 221 :: 		BRA   $+66 //$+33
0x1960	0xD020      	BRA         $+66
;__Lib_Math.c, 223 :: 		BTFSS  math_main_global_Sign,7
0x1962	0xAE0D      	BTFSS       R13, 7, 0
;__Lib_Math.c, 224 :: 		RETLW  0
0x1964	0x0C00      	RETLW       0
;__Lib_Math.c, 226 :: 		COMF   math_main_global_X_1,F
0x1966	0x1E00      	COMF        R0, 1, 0
;__Lib_Math.c, 227 :: 		COMF   math_main_global_X_2,F
0x1968	0x1E01      	COMF        R1, 1, 0
;__Lib_Math.c, 228 :: 		INCF   math_main_global_X_1,F
0x196A	0x2A00      	INCF        R0, 1, 0
;__Lib_Math.c, 229 :: 		BTFSC  STATUS,Z,0
0x196C	0xB4D8      	BTFSC       STATUS, 2, 0
;__Lib_Math.c, 230 :: 		INCF   math_main_global_X_2,F
0x196E	0x2A01      	INCF        R1, 1, 0
;__Lib_Math.c, 232 :: 		COMF   math_main_global_Remainder_1,F
0x1970	0x1E08      	COMF        R8, 1, 0
;__Lib_Math.c, 233 :: 		COMF   math_main_global_Remainder_2,F
0x1972	0x1E09      	COMF        R9, 1, 0
;__Lib_Math.c, 234 :: 		INCF   math_main_global_Remainder_1,F
0x1974	0x2A08      	INCF        R8, 1, 0
;__Lib_Math.c, 235 :: 		BTFSC  STATUS,Z,0
0x1976	0xB4D8      	BTFSC       STATUS, 2, 0
;__Lib_Math.c, 236 :: 		INCF   math_main_global_Remainder_2,F
0x1978	0x2A09      	INCF        R9, 1, 0
;__Lib_Math.c, 238 :: 		RETLW  0
0x197A	0x0C00      	RETLW       0
;__Lib_Math.c, 240 :: 		BTFSS  math_main_global_Y_2,7
0x197C	0xAE05      	BTFSS       R5, 7, 0
;__Lib_Math.c, 241 :: 		BRA    $+28 ////$+14
0x197E	0xD00D      	BRA         $+28
;__Lib_Math.c, 242 :: 		BTFSC  math_main_global_X_2,7
0x1980	0xBE01      	BTFSC       R1, 7, 0
;__Lib_Math.c, 243 :: 		BRA    $+16 //$+8
0x1982	0xD007      	BRA         $+16
;__Lib_Math.c, 244 :: 		MOVF   math_main_global_X_2,W
0x1984	0x5001      	MOVF        R1, 0, 0
;__Lib_Math.c, 245 :: 		MOVWF  math_main_global_Remainder_2
0x1986	0x6E09      	MOVWF       R9, 0
;__Lib_Math.c, 246 :: 		MOVF   math_main_global_X_1,W
0x1988	0x5000      	MOVF        R0, 0, 0
;__Lib_Math.c, 247 :: 		MOVWF  math_main_global_Remainder_1
0x198A	0x6E08      	MOVWF       R8, 0
;__Lib_Math.c, 248 :: 		CLRF   math_main_global_X_2
0x198C	0x6A01      	CLRF        R1, 0
;__Lib_Math.c, 249 :: 		CLRF   math_main_global_X_1
0x198E	0x6A00      	CLRF        R0, 0
;__Lib_Math.c, 250 :: 		BRA    $-46 //$-23
0x1990	0xD7E8      	BRA         $-46
;__Lib_Math.c, 251 :: 		CLRF   math_main_global_X_2
0x1992	0x6A01      	CLRF        R1, 0
;__Lib_Math.c, 252 :: 		CLRF   math_main_global_X_1
0x1994	0x6A00      	CLRF        R0, 0
;__Lib_Math.c, 253 :: 		INCF   math_main_global_X_1,F
0x1996	0x2A00      	INCF        R0, 1, 0
;__Lib_Math.c, 254 :: 		RETLW  0
0x1998	0x0C00      	RETLW       0
;__Lib_Math.c, 256 :: 		COMF   math_main_global_X_2,F
0x199A	0x1E01      	COMF        R1, 1, 0
;__Lib_Math.c, 257 :: 		COMF   math_main_global_X_1,F
0x199C	0x1E00      	COMF        R0, 1, 0
;__Lib_Math.c, 258 :: 		INCF   math_main_global_Temp_2,F
0x199E	0x2A0B      	INCF        R11, 1, 0
;__Lib_Math.c, 259 :: 		BRA    $-68 ////$-34
0x19A0	0xD7DD      	BRA         $-68
;__Lib_Math.c, 261 :: 		INCF   math_main_global_Remainder_1,F
0x19A2	0x2A08      	INCF        R8, 1, 0
;__Lib_Math.c, 262 :: 		BTFSC  STATUS,Z,0
0x19A4	0xB4D8      	BTFSC       STATUS, 2, 0
;__Lib_Math.c, 263 :: 		INCF   math_main_global_Remainder_2,F
0x19A6	0x2A09      	INCF        R9, 1, 0
;__Lib_Math.c, 264 :: 		MOVF   math_main_global_Y_1,W
0x19A8	0x5004      	MOVF        R4, 0, 0
;__Lib_Math.c, 265 :: 		SUBWF  math_main_global_Remainder_1,W
0x19AA	0x5C08      	SUBWF       R8, 0, 0
;__Lib_Math.c, 266 :: 		BTFSS  STATUS,Z,0
0x19AC	0xA4D8      	BTFSS       STATUS, 2, 0
;__Lib_Math.c, 267 :: 		BRA    $-76 ////$-38
0x19AE	0xD7D9      	BRA         $-76
;__Lib_Math.c, 268 :: 		MOVF   math_main_global_Y_2,W
0x19B0	0x5005      	MOVF        R5, 0, 0
;__Lib_Math.c, 269 :: 		SUBWF  math_main_global_Remainder_2,W
0x19B2	0x5C09      	SUBWF       R9, 0, 0
;__Lib_Math.c, 270 :: 		BTFSS  STATUS,Z,0
0x19B4	0xA4D8      	BTFSS       STATUS, 2, 0
;__Lib_Math.c, 271 :: 		BRA    $-84 //$-42
0x19B6	0xD7D5      	BRA         $-84
;__Lib_Math.c, 272 :: 		CLRF   math_main_global_Remainder_2
0x19B8	0x6A09      	CLRF        R9, 0
;__Lib_Math.c, 273 :: 		CLRF   math_main_global_Remainder_1
0x19BA	0x6A08      	CLRF        R8, 0
;__Lib_Math.c, 274 :: 		INCF   math_main_global_X_1,F
0x19BC	0x2A00      	INCF        R0, 1, 0
;__Lib_Math.c, 275 :: 		BTFSC  STATUS,Z,0
0x19BE	0xB4D8      	BTFSC       STATUS, 2, 0
;__Lib_Math.c, 276 :: 		INCF   math_main_global_X_2,F
0x19C0	0x2A01      	INCF        R1, 1, 0
;__Lib_Math.c, 277 :: 		BTFSS  math_main_global_X_2,7
0x19C2	0xAE01      	BTFSS       R1, 7, 0
;__Lib_Math.c, 278 :: 		BRA    $-98 ////$-49
0x19C4	0xD7CE      	BRA         $-98
;__Lib_Math.c, 279 :: 		NOP
0x19C6	0x0000      	NOP
;__Lib_Math.c, 280 :: 		RETLW  255
0x19C8	0x0CFF      	RETLW       255
;__Lib_Math.c, 288 :: 		* @result The quotient of the division.
L_end_Div_16x16_S:
0x19CA	0x0012      	RETURN      0
; end of _Div_16x16_S
_double2longint:
;__Lib_MathDouble.c, 1673 :: 		void double2longint()
;__Lib_MathDouble.c, 1676 :: 		INT3232:
;__Lib_MathDouble.c, 1677 :: 		CLRF      math_double_main_global_FPFLAGS
0x19CC	0x6A0B      	CLRF        R11, 0
;__Lib_MathDouble.c, 1678 :: 		CLRF      math_double_main_global_jmpFlg
0x19CE	0x6A0C      	CLRF        R12, 0
;__Lib_MathDouble.c, 1680 :: 		CLRF      math_double_main_global_XLo_1
0x19D0	0x6A08      	CLRF        R8, 0
;__Lib_MathDouble.c, 1681 :: 		MOVF      math_double_main_global_XExp,W
0x19D2	0x5003      	MOVF        R3, 0, 0
;__Lib_MathDouble.c, 1682 :: 		BTFSC     STATUS,Z,0
0x19D4	0xB4D8      	BTFSC       STATUS, 2, 0
;__Lib_MathDouble.c, 1683 :: 		GOTO      INT3232EOK
0x19D6	0xF00DEF6A  	GOTO        INT3232EOK
;__Lib_MathDouble.c, 1685 :: 		MOVFF     math_double_main_global_XHi_2, math_double_main_global_Sign
0x19DA	0xF00AC002  	MOVFF       R2, R10
;__Lib_MathDouble.c, 1686 :: 		BSF       math_double_main_global_XHi_2,7
0x19DE	0x8E02      	BSF         R2, 7, 0
;__Lib_MathDouble.c, 1688 :: 		MOVLW     158
0x19E0	0x0E9E      	MOVLW       158
;__Lib_MathDouble.c, 1689 :: 		SUBWF     math_double_main_global_XExp,F
0x19E2	0x5E03      	SUBWF       R3, 1, 0
;__Lib_MathDouble.c, 1690 :: 		BTFSS     math_double_main_global_XExp,7
0x19E4	0xAE03      	BTFSS       R3, 7, 0
;__Lib_MathDouble.c, 1691 :: 		GOTO      SETIOV32
0x19E6	0xF00DEF5A  	GOTO        SETIOV32
;__Lib_MathDouble.c, 1692 :: 		NEGF      math_double_main_global_XExp
0x19EA	0x6C03      	NEGF        R3, 0
;__Lib_MathDouble.c, 1694 :: 		MOVLW     8
0x19EC	0x0E08      	MOVLW       8
;__Lib_MathDouble.c, 1695 :: 		SUBWF     math_double_main_global_XExp,W
0x19EE	0x5C03      	SUBWF       R3, 0, 0
;__Lib_MathDouble.c, 1696 :: 		BTFSS     STATUS,C,0
0x19F0	0xA0D8      	BTFSS       STATUS, 0, 0
;__Lib_MathDouble.c, 1697 :: 		GOTO      TSHIFT3232
0x19F2	0xF00DEF27  	GOTO        TSHIFT3232
;__Lib_MathDouble.c, 1698 :: 		MOVWF     math_double_main_global_XExp
0x19F6	0x6E03      	MOVWF       R3, 0
;__Lib_MathDouble.c, 1699 :: 		RLCF      math_double_main_global_XLo_1,F
0x19F8	0x3608      	RLCF        R8, 1, 0
;__Lib_MathDouble.c, 1700 :: 		MOVFF     math_double_main_global_XLo_2, math_double_main_global_XLo_1
0x19FA	0xF008C000  	MOVFF       R0, R8
;__Lib_MathDouble.c, 1701 :: 		MOVFF     math_double_main_global_XHi_1, math_double_main_global_XLo_2
0x19FE	0xF000C001  	MOVFF       R1, R0
;__Lib_MathDouble.c, 1702 :: 		MOVFF     math_double_main_global_XHi_2, math_double_main_global_XHi_1
0x1A02	0xF001C002  	MOVFF       R2, R1
;__Lib_MathDouble.c, 1703 :: 		CLRF      math_double_main_global_XHi_2
0x1A06	0x6A02      	CLRF        R2, 0
;__Lib_MathDouble.c, 1705 :: 		MOVLW     8
0x1A08	0x0E08      	MOVLW       8
;__Lib_MathDouble.c, 1706 :: 		SUBWF     math_double_main_global_XExp,W
0x1A0A	0x5C03      	SUBWF       R3, 0, 0
;__Lib_MathDouble.c, 1707 :: 		BTFSS     STATUS,C,0
0x1A0C	0xA0D8      	BTFSS       STATUS, 0, 0
;__Lib_MathDouble.c, 1708 :: 		GOTO      TSHIFT3232
0x1A0E	0xF00DEF27  	GOTO        TSHIFT3232
;__Lib_MathDouble.c, 1709 :: 		MOVWF     math_double_main_global_XExp
0x1A12	0x6E03      	MOVWF       R3, 0
;__Lib_MathDouble.c, 1710 :: 		RLCF      math_double_main_global_XLo_1,F
0x1A14	0x3608      	RLCF        R8, 1, 0
;__Lib_MathDouble.c, 1711 :: 		MOVFF     math_double_main_global_XLo_2, math_double_main_global_XLo_1
0x1A16	0xF008C000  	MOVFF       R0, R8
;__Lib_MathDouble.c, 1712 :: 		MOVFF     math_double_main_global_XHi_1, math_double_main_global_XLo_2
0x1A1A	0xF000C001  	MOVFF       R1, R0
;__Lib_MathDouble.c, 1713 :: 		CLRF      math_double_main_global_XHi_1
0x1A1E	0x6A01      	CLRF        R1, 0
;__Lib_MathDouble.c, 1715 :: 		MOVLW     8
0x1A20	0x0E08      	MOVLW       8
;__Lib_MathDouble.c, 1716 :: 		SUBWF     math_double_main_global_XExp,W
0x1A22	0x5C03      	SUBWF       R3, 0, 0
;__Lib_MathDouble.c, 1717 :: 		BTFSS     STATUS,C,0
0x1A24	0xA0D8      	BTFSS       STATUS, 0, 0
;__Lib_MathDouble.c, 1718 :: 		GOTO      TSHIFT3232
0x1A26	0xF00DEF27  	GOTO        TSHIFT3232
;__Lib_MathDouble.c, 1719 :: 		MOVWF     math_double_main_global_XExp
0x1A2A	0x6E03      	MOVWF       R3, 0
;__Lib_MathDouble.c, 1720 :: 		RLCF      math_double_main_global_XLo_1,F
0x1A2C	0x3608      	RLCF        R8, 1, 0
;__Lib_MathDouble.c, 1721 :: 		MOVFF     math_double_main_global_XLo_2, math_double_main_global_XLo_1
0x1A2E	0xF008C000  	MOVFF       R0, R8
;__Lib_MathDouble.c, 1722 :: 		CLRF      math_double_main_global_XLo_2
0x1A32	0x6A00      	CLRF        R0, 0
;__Lib_MathDouble.c, 1724 :: 		MOVLW     8
0x1A34	0x0E08      	MOVLW       8
;__Lib_MathDouble.c, 1725 :: 		SUBWF     math_double_main_global_XExp,W
0x1A36	0x5C03      	SUBWF       R3, 0, 0
;__Lib_MathDouble.c, 1726 :: 		BTFSS     STATUS,C,0
0x1A38	0xA0D8      	BTFSS       STATUS, 0, 0
;__Lib_MathDouble.c, 1727 :: 		GOTO      TSHIFT3232
0x1A3A	0xF00DEF27  	GOTO        TSHIFT3232
;__Lib_MathDouble.c, 1728 :: 		MOVWF     math_double_main_global_XExp
0x1A3E	0x6E03      	MOVWF       R3, 0
;__Lib_MathDouble.c, 1729 :: 		RLCF      math_double_main_global_XLo_1,F
0x1A40	0x3608      	RLCF        R8, 1, 0
;__Lib_MathDouble.c, 1730 :: 		CLRF      math_double_main_global_XLo_1
0x1A42	0x6A08      	CLRF        R8, 0
;__Lib_MathDouble.c, 1731 :: 		MOVF      math_double_main_global_XExp,W
0x1A44	0x5003      	MOVF        R3, 0, 0
;__Lib_MathDouble.c, 1732 :: 		BTFSS     STATUS,Z,0
0x1A46	0xA4D8      	BTFSS       STATUS, 2, 0
;__Lib_MathDouble.c, 1733 :: 		BCF       STATUS,C,0
0x1A48	0x90D8      	BCF         STATUS, 0, 0
;__Lib_MathDouble.c, 1734 :: 		GOTO      SHIFT3232OK
0x1A4A	0xF00DEF33  	GOTO        SHIFT3232OK
;__Lib_MathDouble.c, 1735 :: 		TSHIFT3232:
TSHIFT3232:
;__Lib_MathDouble.c, 1736 :: 		MOVF      math_double_main_global_XExp,W
0x1A4E	0x5003      	MOVF        R3, 0, 0
;__Lib_MathDouble.c, 1737 :: 		BTFSC     STATUS,Z,0
0x1A50	0xB4D8      	BTFSC       STATUS, 2, 0
;__Lib_MathDouble.c, 1738 :: 		GOTO      SHIFT3232OK
0x1A52	0xF00DEF33  	GOTO        SHIFT3232OK
;__Lib_MathDouble.c, 1739 :: 		SHIFT3232:
SHIFT3232:
;__Lib_MathDouble.c, 1740 :: 		BCF       STATUS,C,0
0x1A56	0x90D8      	BCF         STATUS, 0, 0
;__Lib_MathDouble.c, 1741 :: 		RRCF      math_double_main_global_XHi_2,F
0x1A58	0x3202      	RRCF        R2, 1, 0
;__Lib_MathDouble.c, 1742 :: 		RRCF      math_double_main_global_XHi_1,F
0x1A5A	0x3201      	RRCF        R1, 1, 0
;__Lib_MathDouble.c, 1743 :: 		RRCF      math_double_main_global_XLo_2,F
0x1A5C	0x3200      	RRCF        R0, 1, 0
;__Lib_MathDouble.c, 1744 :: 		RRCF      math_double_main_global_XLo_1,F
0x1A5E	0x3208      	RRCF        R8, 1, 0
;__Lib_MathDouble.c, 1745 :: 		DECFSZ    math_double_main_global_XExp,F
0x1A60	0x2E03      	DECFSZ      R3, 1, 0
;__Lib_MathDouble.c, 1746 :: 		GOTO      SHIFT3232
0x1A62	0xF00DEF2B  	GOTO        SHIFT3232
;__Lib_MathDouble.c, 1747 :: 		SHIFT3232OK:
SHIFT3232OK:
;__Lib_MathDouble.c, 1748 :: 		BTFSC     math_double_main_global_FPFLAGS,RND
0x1A66	0xBC0B      	BTFSC       R11, 6, 0
;__Lib_MathDouble.c, 1749 :: 		BTFSS     math_double_main_global_XLo_1,0
0x1A68	0xA008      	BTFSS       R8, 0, 0
;__Lib_MathDouble.c, 1750 :: 		GOTO      INT3232OK
0x1A6A	0xF00DEF44  	GOTO        INT3232OK
;__Lib_MathDouble.c, 1751 :: 		BTFSS     STATUS,C,0
0x1A6E	0xA0D8      	BTFSS       STATUS, 0, 0
;__Lib_MathDouble.c, 1752 :: 		GOTO      INT3232OK
0x1A70	0xF00DEF44  	GOTO        INT3232OK
;__Lib_MathDouble.c, 1753 :: 		INCF      math_double_main_global_XLo_1,F
0x1A74	0x2A08      	INCF        R8, 1, 0
;__Lib_MathDouble.c, 1754 :: 		BTFSC     STATUS,Z,0
0x1A76	0xB4D8      	BTFSC       STATUS, 2, 0
;__Lib_MathDouble.c, 1755 :: 		INCF      math_double_main_global_XLo_2,F
0x1A78	0x2A00      	INCF        R0, 1, 0
;__Lib_MathDouble.c, 1756 :: 		BTFSC     STATUS,Z,0
0x1A7A	0xB4D8      	BTFSC       STATUS, 2, 0
;__Lib_MathDouble.c, 1757 :: 		INCF      math_double_main_global_XHi_1,F
0x1A7C	0x2A01      	INCF        R1, 1, 0
;__Lib_MathDouble.c, 1758 :: 		BTFSC     STATUS,Z,0
0x1A7E	0xB4D8      	BTFSC       STATUS, 2, 0
;__Lib_MathDouble.c, 1759 :: 		INCF      math_double_main_global_XHi_2,F
0x1A80	0x2A02      	INCF        R2, 1, 0
;__Lib_MathDouble.c, 1760 :: 		BTFSC     math_double_main_global_XHi_2,7
0x1A82	0xBE02      	BTFSC       R2, 7, 0
;__Lib_MathDouble.c, 1761 :: 		GOTO      JPISETIOV3224
0x1A84	0xF00DEF6E  	GOTO        JPISETIOV3224
;__Lib_MathDouble.c, 1762 :: 		INT3232OK:
INT3232OK:
;__Lib_MathDouble.c, 1763 :: 		BTFSS     math_double_main_global_Sign,7
0x1A88	0xAE0A      	BTFSS       R10, 7, 0
;__Lib_MathDouble.c, 1764 :: 		GOTO      INT3232EOK
0x1A8A	0xF00DEF6A  	GOTO        INT3232EOK
;__Lib_MathDouble.c, 1766 :: 		COMF      math_double_main_global_XHi_2,F
0x1A8E	0x1E02      	COMF        R2, 1, 0
;__Lib_MathDouble.c, 1767 :: 		COMF      math_double_main_global_XHi_1,F
0x1A90	0x1E01      	COMF        R1, 1, 0
;__Lib_MathDouble.c, 1768 :: 		COMF      math_double_main_global_XLo_2,F
0x1A92	0x1E00      	COMF        R0, 1, 0
;__Lib_MathDouble.c, 1769 :: 		COMF      math_double_main_global_XLo_1,F
0x1A94	0x1E08      	COMF        R8, 1, 0
;__Lib_MathDouble.c, 1770 :: 		INCF      math_double_main_global_XLo_1,F
0x1A96	0x2A08      	INCF        R8, 1, 0
;__Lib_MathDouble.c, 1771 :: 		BTFSC     STATUS,Z,0
0x1A98	0xB4D8      	BTFSC       STATUS, 2, 0
;__Lib_MathDouble.c, 1772 :: 		INCF      math_double_main_global_XLo_2,F
0x1A9A	0x2A00      	INCF        R0, 1, 0
;__Lib_MathDouble.c, 1773 :: 		BTFSC     STATUS,Z,0
0x1A9C	0xB4D8      	BTFSC       STATUS, 2, 0
;__Lib_MathDouble.c, 1774 :: 		INCF      math_double_main_global_XHi_1,F
0x1A9E	0x2A01      	INCF        R1, 1, 0
;__Lib_MathDouble.c, 1775 :: 		BTFSC     STATUS,Z,0
0x1AA0	0xB4D8      	BTFSC       STATUS, 2, 0
;__Lib_MathDouble.c, 1776 :: 		INCF      math_double_main_global_XHi_2,F
0x1AA2	0x2A02      	INCF        R2, 1, 0
;__Lib_MathDouble.c, 1777 :: 		GOTO      INT3232EOK
0x1AA4	0xF00DEF6A  	GOTO        INT3232EOK
;__Lib_MathDouble.c, 1778 :: 		IRES032:
;__Lib_MathDouble.c, 1779 :: 		CLRF      math_double_main_global_XHi_2
0x1AA8	0x6A02      	CLRF        R2, 0
;__Lib_MathDouble.c, 1780 :: 		CLRF      math_double_main_global_XHi_1
0x1AAA	0x6A01      	CLRF        R1, 0
;__Lib_MathDouble.c, 1781 :: 		CLRF      math_double_main_global_XLo_2
0x1AAC	0x6A00      	CLRF        R0, 0
;__Lib_MathDouble.c, 1782 :: 		CLRF      math_double_main_global_XLo_1
0x1AAE	0x6A08      	CLRF        R8, 0
;__Lib_MathDouble.c, 1783 :: 		GOTO      INT3232EOK
0x1AB0	0xF00DEF6A  	GOTO        INT3232EOK
;__Lib_MathDouble.c, 1784 :: 		SETIOV32:
SETIOV32:
;__Lib_MathDouble.c, 1785 :: 		BSF       math_double_main_global_FPFLAGS,IOV
0x1AB4	0x800B      	BSF         R11, 0, 0
;__Lib_MathDouble.c, 1786 :: 		BTFSS     math_double_main_global_FPFLAGS,SAT
0x1AB6	0xAE0B      	BTFSS       R11, 7, 0
;__Lib_MathDouble.c, 1787 :: 		GOTO      INT3232EER
0x1AB8	0xF00DEF75  	GOTO        INT3232EER
;__Lib_MathDouble.c, 1789 :: 		CLRF      math_double_main_global_XHi_2
0x1ABC	0x6A02      	CLRF        R2, 0
;__Lib_MathDouble.c, 1790 :: 		BTFSS     math_double_main_global_Sign,7
0x1ABE	0xAE0A      	BTFSS       R10, 7, 0
;__Lib_MathDouble.c, 1791 :: 		GOTO      INT3232EER
0x1AC0	0xF00DEF75  	GOTO        INT3232EER
;__Lib_MathDouble.c, 1792 :: 		MOVWF     math_double_main_global_XHi_2
0x1AC4	0x6E02      	MOVWF       R2, 0
;__Lib_MathDouble.c, 1793 :: 		MOVWF     math_double_main_global_XHi_1
0x1AC6	0x6E01      	MOVWF       R1, 0
;__Lib_MathDouble.c, 1794 :: 		MOVWF     math_double_main_global_XLo_2
0x1AC8	0x6E00      	MOVWF       R0, 0
;__Lib_MathDouble.c, 1795 :: 		MOVWF     math_double_main_global_XLo_1
0x1ACA	0x6E08      	MOVWF       R8, 0
;__Lib_MathDouble.c, 1796 :: 		RLCF      math_double_main_global_Sign,F
0x1ACC	0x360A      	RLCF        R10, 1, 0
;__Lib_MathDouble.c, 1797 :: 		RRCF      math_double_main_global_XHi_2,F
0x1ACE	0x3202      	RRCF        R2, 1, 0
;__Lib_MathDouble.c, 1798 :: 		GOTO      INT3232EER
0x1AD0	0xF00DEF75  	GOTO        INT3232EER
;__Lib_MathDouble.c, 1800 :: 		INT3232EOK:
INT3232EOK:
;__Lib_MathDouble.c, 1801 :: 		CLRF      math_double_main_global_jmpFlg
0x1AD4	0x6A0C      	CLRF        R12, 0
;__Lib_MathDouble.c, 1802 :: 		MOVLW     0x00
0x1AD6	0x0E00      	MOVLW       0
;__Lib_MathDouble.c, 1803 :: 		GOTO      INT3232EEE
0x1AD8	0xF00DEF76  	GOTO        INT3232EEE
;__Lib_MathDouble.c, 1804 :: 		JPISETIOV3224:
JPISETIOV3224:
;__Lib_MathDouble.c, 1805 :: 		MOVLW     0x01
0x1ADC	0x0E01      	MOVLW       1
;__Lib_MathDouble.c, 1806 :: 		MOVWF     math_double_main_global_jmpFlg
0x1ADE	0x6E0C      	MOVWF       R12, 0
;__Lib_MathDouble.c, 1807 :: 		MOVLW     0x00
0x1AE0	0x0E00      	MOVLW       0
;__Lib_MathDouble.c, 1809 :: 		SETIOV3224();
0x1AE2	0xF001ECD5  	CALL        _SETIOV3224, 0
;__Lib_MathDouble.c, 1811 :: 		GOTO      INT3232EEE
0x1AE6	0xF00DEF76  	GOTO        INT3232EEE
;__Lib_MathDouble.c, 1812 :: 		INT3232EER:
INT3232EER:
;__Lib_MathDouble.c, 1813 :: 		MOVLW     0xFF
0x1AEA	0x0EFF      	MOVLW       255
;__Lib_MathDouble.c, 1814 :: 		INT3232EEE:
INT3232EEE:
;__Lib_MathDouble.c, 1815 :: 		MOVF      math_double_main_global_XHi_2,W
0x1AEC	0x5002      	MOVF        R2, 0, 0
;__Lib_MathDouble.c, 1816 :: 		MOVWF     math_double_main_global_XExp
0x1AEE	0x6E03      	MOVWF       R3, 0
;__Lib_MathDouble.c, 1817 :: 		MOVF      math_double_main_global_XHi_1,W
0x1AF0	0x5001      	MOVF        R1, 0, 0
;__Lib_MathDouble.c, 1818 :: 		MOVWF     math_double_main_global_XHi_2
0x1AF2	0x6E02      	MOVWF       R2, 0
;__Lib_MathDouble.c, 1819 :: 		MOVF      math_double_main_global_XLo_2,W
0x1AF4	0x5000      	MOVF        R0, 0, 0
;__Lib_MathDouble.c, 1820 :: 		MOVWF     math_double_main_global_XHi_1
0x1AF6	0x6E01      	MOVWF       R1, 0
;__Lib_MathDouble.c, 1821 :: 		MOVF      math_double_main_global_XLo_1,W
0x1AF8	0x5008      	MOVF        R8, 0, 0
;__Lib_MathDouble.c, 1822 :: 		MOVWF     math_double_main_global_XLo_2
0x1AFA	0x6E00      	MOVWF       R0, 0
;__Lib_MathDouble.c, 1836 :: 		*         AARG  <--  INT(AARG)
L_end_double2longint:
0x1AFC	0x0012      	RETURN      0
; end of _double2longint
_vfprintf_me:
;cstdio.c, 252 :: 		int vfprintf_me( void ( *stream )( char ch ), const char * __generic format, register va_list arg )
;cstdio.c, 258 :: 		int      ccnt = 0;
0x1AFE	0x0100      	MOVLB       0
0x1B00	0x6B76      	CLRF        vfprintf_me_ccnt_L0, 1
0x1B02	0x6B77      	CLRF        vfprintf_me_ccnt_L0+1, 1
;cstdio.c, 292 :: 		flag = 0;
0x1B04	0x6B69      	CLRF        vfprintf_me_flag_L0, 1
0x1B06	0x6B6A      	CLRF        vfprintf_me_flag_L0+1, 1
;cstdio.c, 293 :: 		while ( c = *format++ ) {
L_vfprintf_me12:
0x1B08	0xF000C057  	MOVFF       FARG_vfprintf_me_format, R0
0x1B0C	0xF001C058  	MOVFF       FARG_vfprintf_me_format+1, R0+1
0x1B10	0xF002C059  	MOVFF       FARG_vfprintf_me_format+2, R0+2
0x1B14	0x0E01      	MOVLW       1
0x1B16	0x2657      	ADDWF       FARG_vfprintf_me_format, 1 
0x1B18	0x0E00      	MOVLW       0
0x1B1A	0x2258      	ADDWFC      FARG_vfprintf_me_format+1, 1 
0x1B1C	0x2259      	ADDWFC      FARG_vfprintf_me_format+2, 1 
0x1B1E	0xBE02      	BTFSC       R0+2, 7 
0x1B20	0xD00A      	BRA         L__vfprintf_me329
0x1B22	0xFFF6C000  	MOVFF       R0, TBLPTRL
0x1B26	0xFFF7C001  	MOVFF       R0+1, TBLPTRH
0x1B2A	0xFFF8C002  	MOVFF       R0+2, TBLPTRU
0x1B2E	0x0009      	TBLRD*+
0x1B30	0xF000CFF5  	MOVFF       TABLAT, R0
0x1B34	0xD006      	BRA         L__vfprintf_me330
L__vfprintf_me329:
0x1B36	0xFFE9C000  	MOVFF       R0, FSR0L
0x1B3A	0xFFEAC001  	MOVFF       R0+1, FSR0H
0x1B3E	0xF000CFEE  	MOVFF       POSTINC0, R0
L__vfprintf_me330:
0x1B42	0xF066C000  	MOVFF       R0, vfprintf_me_c_L0
0x1B46	0x5200      	MOVF        R0, 1 
0x1B48	0xB4D8      	BTFSC       STATUS, 2 
0x1B4A	0xF01EEFE9  	GOTO        L_vfprintf_me13
;cstdio.c, 294 :: 		if ( c != '%' ) {
0x1B4E	0x0100      	MOVLB       0
0x1B50	0x5166      	MOVF        vfprintf_me_c_L0, 0, 1
0x1B52	0x0A25      	XORLW       37
0x1B54	0xE00D      	BZ          L_vfprintf_me14
;cstdio.c, 295 :: 		stream( c );
0x1B56	0xFFE1C055  	MOVFF       FARG_vfprintf_me_stream+2, FSR1
0x1B5A	0xFFE2C056  	MOVFF       FARG_vfprintf_me_stream+3, FSR1+1
0x1B5E	0xFFE6C066  	MOVFF       vfprintf_me_c_L0, POSTINC1
0x1B62	0xF000C053  	MOVFF       FARG_vfprintf_me_stream, R0
0x1B66	0xF001C054  	MOVFF       FARG_vfprintf_me_stream+1, R1
0x1B6A	0xF006ECF7  	CALL        _____DoIFC, 0
;cstdio.c, 296 :: 		continue;
0x1B6E	0xD7CC      	BRA         L_vfprintf_me12
;cstdio.c, 297 :: 		}
L_vfprintf_me14:
;cstdio.c, 298 :: 		width = 0;
0x1B70	0x0100      	MOVLB       0
0x1B72	0x6B67      	CLRF        vfprintf_me_width_L0, 1
0x1B74	0x6B68      	CLRF        vfprintf_me_width_L0+1, 1
;cstdio.c, 299 :: 		flag  = 0;
0x1B76	0x6B69      	CLRF        vfprintf_me_flag_L0, 1
0x1B78	0x6B6A      	CLRF        vfprintf_me_flag_L0+1, 1
;cstdio.c, 300 :: 		for ( ;; ) {
L_vfprintf_me15:
;cstdio.c, 301 :: 		switch ( *format ) {
0x1B7A	0xD028      	BRA         L_vfprintf_me18
;cstdio.c, 302 :: 		case '-':
L_vfprintf_me20:
0x1B7C	0x0100      	MOVLB       0
;cstdio.c, 303 :: 		flag |= LEFT;
0x1B7E	0x8769      	BSF         vfprintf_me_flag_L0, 3, 1
;cstdio.c, 304 :: 		format++;
0x1B80	0x0E01      	MOVLW       1
0x1B82	0x2657      	ADDWF       FARG_vfprintf_me_format, 1 
0x1B84	0x0E00      	MOVLW       0
0x1B86	0x2258      	ADDWFC      FARG_vfprintf_me_format+1, 1 
0x1B88	0x2259      	ADDWFC      FARG_vfprintf_me_format+2, 1 
;cstdio.c, 305 :: 		continue;
0x1B8A	0xD08A      	BRA         L_vfprintf_me17
;cstdio.c, 307 :: 		case ' ':
L_vfprintf_me21:
0x1B8C	0x0100      	MOVLB       0
;cstdio.c, 308 :: 		flag |= SPCSIGN;
0x1B8E	0x8169      	BSF         vfprintf_me_flag_L0, 0, 1
;cstdio.c, 309 :: 		format++;
0x1B90	0x0E01      	MOVLW       1
0x1B92	0x2657      	ADDWF       FARG_vfprintf_me_format, 1 
0x1B94	0x0E00      	MOVLW       0
0x1B96	0x2258      	ADDWFC      FARG_vfprintf_me_format+1, 1 
0x1B98	0x2259      	ADDWFC      FARG_vfprintf_me_format+2, 1 
;cstdio.c, 310 :: 		continue;
0x1B9A	0xD082      	BRA         L_vfprintf_me17
;cstdio.c, 312 :: 		case '+':
L_vfprintf_me22:
0x1B9C	0x0100      	MOVLB       0
;cstdio.c, 313 :: 		flag |= MANSIGN;
0x1B9E	0x8369      	BSF         vfprintf_me_flag_L0, 1, 1
;cstdio.c, 314 :: 		format++;
0x1BA0	0x0E01      	MOVLW       1
0x1BA2	0x2657      	ADDWF       FARG_vfprintf_me_format, 1 
0x1BA4	0x0E00      	MOVLW       0
0x1BA6	0x2258      	ADDWFC      FARG_vfprintf_me_format+1, 1 
0x1BA8	0x2259      	ADDWFC      FARG_vfprintf_me_format+2, 1 
;cstdio.c, 315 :: 		continue;
0x1BAA	0xD07A      	BRA         L_vfprintf_me17
;cstdio.c, 317 :: 		case '#':
L_vfprintf_me23:
0x1BAC	0x0100      	MOVLB       0
;cstdio.c, 318 :: 		flag |= ALTERN;
0x1BAE	0x876A      	BSF         vfprintf_me_flag_L0+1, 3, 1
;cstdio.c, 319 :: 		format++;
0x1BB0	0x0E01      	MOVLW       1
0x1BB2	0x2657      	ADDWF       FARG_vfprintf_me_format, 1 
0x1BB4	0x0E00      	MOVLW       0
0x1BB6	0x2258      	ADDWFC      FARG_vfprintf_me_format+1, 1 
0x1BB8	0x2259      	ADDWFC      FARG_vfprintf_me_format+2, 1 
;cstdio.c, 320 :: 		continue;
0x1BBA	0xD072      	BRA         L_vfprintf_me17
;cstdio.c, 322 :: 		case '0':
L_vfprintf_me24:
0x1BBC	0x0100      	MOVLB       0
;cstdio.c, 323 :: 		flag |= FILL;
0x1BBE	0x8569      	BSF         vfprintf_me_flag_L0, 2, 1
;cstdio.c, 324 :: 		format++;
0x1BC0	0x0E01      	MOVLW       1
0x1BC2	0x2657      	ADDWF       FARG_vfprintf_me_format, 1 
0x1BC4	0x0E00      	MOVLW       0
0x1BC6	0x2258      	ADDWFC      FARG_vfprintf_me_format+1, 1 
0x1BC8	0x2259      	ADDWFC      FARG_vfprintf_me_format+2, 1 
;cstdio.c, 325 :: 		continue;
0x1BCA	0xD06A      	BRA         L_vfprintf_me17
;cstdio.c, 326 :: 		}
L_vfprintf_me18:
0x1BCC	0xBE59      	BTFSC       FARG_vfprintf_me_format+2, 7 
0x1BCE	0xD00A      	BRA         L__vfprintf_me331
0x1BD0	0xFFF6C057  	MOVFF       FARG_vfprintf_me_format, TBLPTRL
0x1BD4	0xFFF7C058  	MOVFF       FARG_vfprintf_me_format+1, TBLPTRH
0x1BD8	0xFFF8C059  	MOVFF       FARG_vfprintf_me_format+2, TBLPTRU
0x1BDC	0x0009      	TBLRD*+
0x1BDE	0xF001CFF5  	MOVFF       TABLAT, R1
0x1BE2	0xD006      	BRA         L__vfprintf_me332
L__vfprintf_me331:
0x1BE4	0xFFE9C057  	MOVFF       FARG_vfprintf_me_format, FSR0L
0x1BE8	0xFFEAC058  	MOVFF       FARG_vfprintf_me_format+1, FSR0H
0x1BEC	0xF001CFEE  	MOVFF       POSTINC0, R1
L__vfprintf_me332:
0x1BF0	0x5001      	MOVF        R1, 0 
0x1BF2	0x0A2D      	XORLW       45
0x1BF4	0xE0C3      	BZ          L_vfprintf_me20
0x1BF6	0xBE59      	BTFSC       FARG_vfprintf_me_format+2, 7 
0x1BF8	0xD00A      	BRA         L__vfprintf_me333
0x1BFA	0xFFF6C057  	MOVFF       FARG_vfprintf_me_format, TBLPTRL
0x1BFE	0xFFF7C058  	MOVFF       FARG_vfprintf_me_format+1, TBLPTRH
0x1C02	0xFFF8C059  	MOVFF       FARG_vfprintf_me_format+2, TBLPTRU
0x1C06	0x0009      	TBLRD*+
0x1C08	0xF001CFF5  	MOVFF       TABLAT, R1
0x1C0C	0xD006      	BRA         L__vfprintf_me334
L__vfprintf_me333:
0x1C0E	0xFFE9C057  	MOVFF       FARG_vfprintf_me_format, FSR0L
0x1C12	0xFFEAC058  	MOVFF       FARG_vfprintf_me_format+1, FSR0H
0x1C16	0xF001CFEE  	MOVFF       POSTINC0, R1
L__vfprintf_me334:
0x1C1A	0x5001      	MOVF        R1, 0 
0x1C1C	0x0A20      	XORLW       32
0x1C1E	0xE0B6      	BZ          L_vfprintf_me21
0x1C20	0xBE59      	BTFSC       FARG_vfprintf_me_format+2, 7 
0x1C22	0xD00A      	BRA         L__vfprintf_me335
0x1C24	0xFFF6C057  	MOVFF       FARG_vfprintf_me_format, TBLPTRL
0x1C28	0xFFF7C058  	MOVFF       FARG_vfprintf_me_format+1, TBLPTRH
0x1C2C	0xFFF8C059  	MOVFF       FARG_vfprintf_me_format+2, TBLPTRU
0x1C30	0x0009      	TBLRD*+
0x1C32	0xF001CFF5  	MOVFF       TABLAT, R1
0x1C36	0xD006      	BRA         L__vfprintf_me336
L__vfprintf_me335:
0x1C38	0xFFE9C057  	MOVFF       FARG_vfprintf_me_format, FSR0L
0x1C3C	0xFFEAC058  	MOVFF       FARG_vfprintf_me_format+1, FSR0H
0x1C40	0xF001CFEE  	MOVFF       POSTINC0, R1
L__vfprintf_me336:
0x1C44	0x5001      	MOVF        R1, 0 
0x1C46	0x0A2B      	XORLW       43
0x1C48	0xE0A9      	BZ          L_vfprintf_me22
0x1C4A	0xBE59      	BTFSC       FARG_vfprintf_me_format+2, 7 
0x1C4C	0xD00A      	BRA         L__vfprintf_me337
0x1C4E	0xFFF6C057  	MOVFF       FARG_vfprintf_me_format, TBLPTRL
0x1C52	0xFFF7C058  	MOVFF       FARG_vfprintf_me_format+1, TBLPTRH
0x1C56	0xFFF8C059  	MOVFF       FARG_vfprintf_me_format+2, TBLPTRU
0x1C5A	0x0009      	TBLRD*+
0x1C5C	0xF001CFF5  	MOVFF       TABLAT, R1
0x1C60	0xD006      	BRA         L__vfprintf_me338
L__vfprintf_me337:
0x1C62	0xFFE9C057  	MOVFF       FARG_vfprintf_me_format, FSR0L
0x1C66	0xFFEAC058  	MOVFF       FARG_vfprintf_me_format+1, FSR0H
0x1C6A	0xF001CFEE  	MOVFF       POSTINC0, R1
L__vfprintf_me338:
0x1C6E	0x5001      	MOVF        R1, 0 
0x1C70	0x0A23      	XORLW       35
0x1C72	0xE09C      	BZ          L_vfprintf_me23
0x1C74	0xBE59      	BTFSC       FARG_vfprintf_me_format+2, 7 
0x1C76	0xD00A      	BRA         L__vfprintf_me339
0x1C78	0xFFF6C057  	MOVFF       FARG_vfprintf_me_format, TBLPTRL
0x1C7C	0xFFF7C058  	MOVFF       FARG_vfprintf_me_format+1, TBLPTRH
0x1C80	0xFFF8C059  	MOVFF       FARG_vfprintf_me_format+2, TBLPTRU
0x1C84	0x0009      	TBLRD*+
0x1C86	0xF001CFF5  	MOVFF       TABLAT, R1
0x1C8A	0xD006      	BRA         L__vfprintf_me340
L__vfprintf_me339:
0x1C8C	0xFFE9C057  	MOVFF       FARG_vfprintf_me_format, FSR0L
0x1C90	0xFFEAC058  	MOVFF       FARG_vfprintf_me_format+1, FSR0H
0x1C94	0xF001CFEE  	MOVFF       POSTINC0, R1
L__vfprintf_me340:
0x1C98	0x5001      	MOVF        R1, 0 
0x1C9A	0x0A30      	XORLW       48
0x1C9C	0xE08F      	BZ          L_vfprintf_me24
;cstdio.c, 327 :: 		break;
0x1C9E	0xD001      	BRA         L_vfprintf_me16
;cstdio.c, 328 :: 		}
L_vfprintf_me17:
0x1CA0	0xD76C      	BRA         L_vfprintf_me15
L_vfprintf_me16:
0x1CA2	0x0100      	MOVLB       0
;cstdio.c, 329 :: 		if ( flag & MANSIGN )
0x1CA4	0xA369      	BTFSS       vfprintf_me_flag_L0, 1, 1
0x1CA6	0xD001      	BRA         L_vfprintf_me25
;cstdio.c, 330 :: 		flag &= ~SPCSIGN;
0x1CA8	0x9169      	BCF         vfprintf_me_flag_L0, 0, 1
L_vfprintf_me25:
;cstdio.c, 331 :: 		if ( flag & LEFT )
0x1CAA	0xA769      	BTFSS       vfprintf_me_flag_L0, 3, 1
0x1CAC	0xD001      	BRA         L_vfprintf_me26
;cstdio.c, 332 :: 		flag &= ~FILL;
0x1CAE	0x9569      	BCF         vfprintf_me_flag_L0, 2, 1
L_vfprintf_me26:
;cstdio.c, 333 :: 		if ( __isdigit( ( unsigned )*format ) ) {
0x1CB0	0xBE59      	BTFSC       FARG_vfprintf_me_format+2, 7 
0x1CB2	0xD00A      	BRA         L__vfprintf_me341
0x1CB4	0xFFF6C057  	MOVFF       FARG_vfprintf_me_format, TBLPTRL
0x1CB8	0xFFF7C058  	MOVFF       FARG_vfprintf_me_format+1, TBLPTRH
0x1CBC	0xFFF8C059  	MOVFF       FARG_vfprintf_me_format+2, TBLPTRU
0x1CC0	0x0009      	TBLRD*+
0x1CC2	0xF000CFF5  	MOVFF       TABLAT, R0
0x1CC6	0xD006      	BRA         L__vfprintf_me342
L__vfprintf_me341:
0x1CC8	0xFFE9C057  	MOVFF       FARG_vfprintf_me_format, FSR0L
0x1CCC	0xFFEAC058  	MOVFF       FARG_vfprintf_me_format+1, FSR0H
0x1CD0	0xF000CFEE  	MOVFF       POSTINC0, R0
L__vfprintf_me342:
0x1CD4	0x0E00      	MOVLW       0
0x1CD6	0x6E01      	MOVWF       R0+1 
0x1CD8	0xF07EC000  	MOVFF       R0, FARG_cstdio___isdigit_character
0x1CDC	0xF006ECAC  	CALL        cstdio___isdigit, 0
0x1CE0	0x5200      	MOVF        R0, 1 
0x1CE2	0xE048      	BZ          L_vfprintf_me27
;cstdio.c, 334 :: 		width = 0;
0x1CE4	0x6B67      	CLRF        vfprintf_me_width_L0, 1
0x1CE6	0x6B68      	CLRF        vfprintf_me_width_L0+1, 1
;cstdio.c, 335 :: 		do
L_vfprintf_me28:
;cstdio.c, 336 :: 		width = width * 10 + *format++ - '0';
0x1CE8	0xF000C067  	MOVFF       vfprintf_me_width_L0, R0
0x1CEC	0xF001C068  	MOVFF       vfprintf_me_width_L0+1, R0+1
0x1CF0	0x0E0A      	MOVLW       10
0x1CF2	0x6E04      	MOVWF       R4 
0x1CF4	0x0E00      	MOVLW       0
0x1CF6	0x6E05      	MOVWF       R4+1 
0x1CF8	0xF006ECCF  	CALL        _Mul_16X16_U, 0
0x1CFC	0xBE59      	BTFSC       FARG_vfprintf_me_format+2, 7 
0x1CFE	0xD00A      	BRA         L__vfprintf_me343
0x1D00	0xFFF6C057  	MOVFF       FARG_vfprintf_me_format, TBLPTRL
0x1D04	0xFFF7C058  	MOVFF       FARG_vfprintf_me_format+1, TBLPTRH
0x1D08	0xFFF8C059  	MOVFF       FARG_vfprintf_me_format+2, TBLPTRU
0x1D0C	0x0009      	TBLRD*+
0x1D0E	0xF002CFF5  	MOVFF       TABLAT, R2
0x1D12	0xD006      	BRA         L__vfprintf_me344
L__vfprintf_me343:
0x1D14	0xFFE9C057  	MOVFF       FARG_vfprintf_me_format, FSR0L
0x1D18	0xFFEAC058  	MOVFF       FARG_vfprintf_me_format+1, FSR0H
0x1D1C	0xF002CFEE  	MOVFF       POSTINC0, R2
L__vfprintf_me344:
0x1D20	0x5002      	MOVF        R2, 0 
0x1D22	0x2400      	ADDWF       R0, 0 
0x1D24	0x6F67      	MOVWF       vfprintf_me_width_L0, 1
0x1D26	0x0E00      	MOVLW       0
0x1D28	0x2001      	ADDWFC      R0+1, 0 
0x1D2A	0x6F68      	MOVWF       vfprintf_me_width_L0+1, 1
0x1D2C	0x0E30      	MOVLW       48
0x1D2E	0x5F67      	SUBWF       vfprintf_me_width_L0, 1, 1
0x1D30	0x0E00      	MOVLW       0
0x1D32	0x5B68      	SUBWFB      vfprintf_me_width_L0+1, 1, 1
0x1D34	0x0E01      	MOVLW       1
0x1D36	0x2657      	ADDWF       FARG_vfprintf_me_format, 1 
0x1D38	0x0E00      	MOVLW       0
0x1D3A	0x2258      	ADDWFC      FARG_vfprintf_me_format+1, 1 
0x1D3C	0x2259      	ADDWFC      FARG_vfprintf_me_format+2, 1 
;cstdio.c, 337 :: 		while ( __isdigit( ( unsigned )*format ) );
0x1D3E	0xBE59      	BTFSC       FARG_vfprintf_me_format+2, 7 
0x1D40	0xD00A      	BRA         L__vfprintf_me345
0x1D42	0xFFF6C057  	MOVFF       FARG_vfprintf_me_format, TBLPTRL
0x1D46	0xFFF7C058  	MOVFF       FARG_vfprintf_me_format+1, TBLPTRH
0x1D4A	0xFFF8C059  	MOVFF       FARG_vfprintf_me_format+2, TBLPTRU
0x1D4E	0x0009      	TBLRD*+
0x1D50	0xF000CFF5  	MOVFF       TABLAT, R0
0x1D54	0xD006      	BRA         L__vfprintf_me346
L__vfprintf_me345:
0x1D56	0xFFE9C057  	MOVFF       FARG_vfprintf_me_format, FSR0L
0x1D5A	0xFFEAC058  	MOVFF       FARG_vfprintf_me_format+1, FSR0H
0x1D5E	0xF000CFEE  	MOVFF       POSTINC0, R0
L__vfprintf_me346:
0x1D62	0x0E00      	MOVLW       0
0x1D64	0x6E01      	MOVWF       R0+1 
0x1D66	0xF07EC000  	MOVFF       R0, FARG_cstdio___isdigit_character
0x1D6A	0xF006ECAC  	CALL        cstdio___isdigit, 0
0x1D6E	0x5200      	MOVF        R0, 1 
0x1D70	0xE1BB      	BNZ         L_vfprintf_me28
;cstdio.c, 338 :: 		} else if ( *format == '*' ) {
0x1D72	0xD03C      	BRA         L_vfprintf_me31
L_vfprintf_me27:
0x1D74	0xBE59      	BTFSC       FARG_vfprintf_me_format+2, 7 
0x1D76	0xD00A      	BRA         L__vfprintf_me347
0x1D78	0xFFF6C057  	MOVFF       FARG_vfprintf_me_format, TBLPTRL
0x1D7C	0xFFF7C058  	MOVFF       FARG_vfprintf_me_format+1, TBLPTRH
0x1D80	0xFFF8C059  	MOVFF       FARG_vfprintf_me_format+2, TBLPTRU
0x1D84	0x0009      	TBLRD*+
0x1D86	0xF001CFF5  	MOVFF       TABLAT, R1
0x1D8A	0xD006      	BRA         L__vfprintf_me348
L__vfprintf_me347:
0x1D8C	0xFFE9C057  	MOVFF       FARG_vfprintf_me_format, FSR0L
0x1D90	0xFFEAC058  	MOVFF       FARG_vfprintf_me_format+1, FSR0H
0x1D94	0xF001CFEE  	MOVFF       POSTINC0, R1
L__vfprintf_me348:
0x1D98	0x5001      	MOVF        R1, 0 
0x1D9A	0x0A2A      	XORLW       42
0x1D9C	0xE127      	BNZ         L_vfprintf_me32
;cstdio.c, 339 :: 		width = va_arg( arg, int );
0x1D9E	0xFFE9C05A  	MOVFF       FARG_vfprintf_me_arg, FSR0L
0x1DA2	0xFFEAC05B  	MOVFF       FARG_vfprintf_me_arg+1, FSR0H
0x1DA6	0xF000CFEE  	MOVFF       POSTINC0, R0
0x1DAA	0xF001CFEE  	MOVFF       POSTINC0, R0+1
0x1DAE	0xFFE9C000  	MOVFF       R0, FSR0L
0x1DB2	0xFFEAC001  	MOVFF       R0+1, FSR0H
0x1DB6	0xF067CFEE  	MOVFF       POSTINC0, vfprintf_me_width_L0
0x1DBA	0xF068CFEE  	MOVFF       POSTINC0, vfprintf_me_width_L0+1
0x1DBE	0xFFE9C05A  	MOVFF       FARG_vfprintf_me_arg, FSR0L
0x1DC2	0xFFEAC05B  	MOVFF       FARG_vfprintf_me_arg+1, FSR0H
0x1DC6	0x0E02      	MOVLW       2
0x1DC8	0x24EE      	ADDWF       POSTINC0, 0 
0x1DCA	0x6E00      	MOVWF       R0 
0x1DCC	0x0E00      	MOVLW       0
0x1DCE	0x20EE      	ADDWFC      POSTINC0, 0 
0x1DD0	0x6E01      	MOVWF       R0+1 
0x1DD2	0xFFE1C05A  	MOVFF       FARG_vfprintf_me_arg, FSR1L
0x1DD6	0xFFE2C05B  	MOVFF       FARG_vfprintf_me_arg+1, FSR1H
0x1DDA	0xFFE6C000  	MOVFF       R0, POSTINC1
0x1DDE	0xFFE6C001  	MOVFF       R0+1, POSTINC1
;cstdio.c, 340 :: 		format++;
0x1DE2	0x0E01      	MOVLW       1
0x1DE4	0x2657      	ADDWF       FARG_vfprintf_me_format, 1 
0x1DE6	0x0E00      	MOVLW       0
0x1DE8	0x2258      	ADDWFC      FARG_vfprintf_me_format+1, 1 
0x1DEA	0x2259      	ADDWFC      FARG_vfprintf_me_format+2, 1 
;cstdio.c, 341 :: 		}
L_vfprintf_me32:
L_vfprintf_me31:
;cstdio.c, 342 :: 		if ( *format == '.' )
0x1DEC	0xBE59      	BTFSC       FARG_vfprintf_me_format+2, 7 
0x1DEE	0xD00A      	BRA         L__vfprintf_me349
0x1DF0	0xFFF6C057  	MOVFF       FARG_vfprintf_me_format, TBLPTRL
0x1DF4	0xFFF7C058  	MOVFF       FARG_vfprintf_me_format+1, TBLPTRH
0x1DF8	0xFFF8C059  	MOVFF       FARG_vfprintf_me_format+2, TBLPTRU
0x1DFC	0x0009      	TBLRD*+
0x1DFE	0xF001CFF5  	MOVFF       TABLAT, R1
0x1E02	0xD006      	BRA         L__vfprintf_me350
L__vfprintf_me349:
0x1E04	0xFFE9C057  	MOVFF       FARG_vfprintf_me_format, FSR0L
0x1E08	0xFFEAC058  	MOVFF       FARG_vfprintf_me_format+1, FSR0H
0x1E0C	0xF001CFEE  	MOVFF       POSTINC0, R1
L__vfprintf_me350:
0x1E10	0x5001      	MOVF        R1, 0 
0x1E12	0x0A2E      	XORLW       46
0x1E14	0xA4D8      	BTFSS       STATUS, 2 
0x1E16	0xD08D      	BRA         L_vfprintf_me33
;cstdio.c, 343 :: 		if ( *++format == '*' ) {
0x1E18	0x0E01      	MOVLW       1
0x1E1A	0x2657      	ADDWF       FARG_vfprintf_me_format, 1 
0x1E1C	0x0E00      	MOVLW       0
0x1E1E	0x2258      	ADDWFC      FARG_vfprintf_me_format+1, 1 
0x1E20	0x2259      	ADDWFC      FARG_vfprintf_me_format+2, 1 
0x1E22	0xBE59      	BTFSC       FARG_vfprintf_me_format+2, 7 
0x1E24	0xD00A      	BRA         L__vfprintf_me351
0x1E26	0xFFF6C057  	MOVFF       FARG_vfprintf_me_format, TBLPTRL
0x1E2A	0xFFF7C058  	MOVFF       FARG_vfprintf_me_format+1, TBLPTRH
0x1E2E	0xFFF8C059  	MOVFF       FARG_vfprintf_me_format+2, TBLPTRU
0x1E32	0x0009      	TBLRD*+
0x1E34	0xF001CFF5  	MOVFF       TABLAT, R1
0x1E38	0xD006      	BRA         L__vfprintf_me352
L__vfprintf_me351:
0x1E3A	0xFFE9C057  	MOVFF       FARG_vfprintf_me_format, FSR0L
0x1E3E	0xFFEAC058  	MOVFF       FARG_vfprintf_me_format+1, FSR0H
0x1E42	0xF001CFEE  	MOVFF       POSTINC0, R1
L__vfprintf_me352:
0x1E46	0x5001      	MOVF        R1, 0 
0x1E48	0x0A2A      	XORLW       42
0x1E4A	0xE128      	BNZ         L_vfprintf_me34
;cstdio.c, 344 :: 		prec = va_arg( arg, int );
0x1E4C	0xFFE9C05A  	MOVFF       FARG_vfprintf_me_arg, FSR0L
0x1E50	0xFFEAC05B  	MOVFF       FARG_vfprintf_me_arg+1, FSR0H
0x1E54	0xF000CFEE  	MOVFF       POSTINC0, R0
0x1E58	0xF001CFEE  	MOVFF       POSTINC0, R0+1
0x1E5C	0xFFE9C000  	MOVFF       R0, FSR0L
0x1E60	0xFFEAC001  	MOVFF       R0+1, FSR0H
0x1E64	0xF064CFEE  	MOVFF       POSTINC0, vfprintf_me_prec_L0
0x1E68	0xF065CFEE  	MOVFF       POSTINC0, vfprintf_me_prec_L0+1
0x1E6C	0xFFE9C05A  	MOVFF       FARG_vfprintf_me_arg, FSR0L
0x1E70	0xFFEAC05B  	MOVFF       FARG_vfprintf_me_arg+1, FSR0H
0x1E74	0x0E02      	MOVLW       2
0x1E76	0x24EE      	ADDWF       POSTINC0, 0 
0x1E78	0x6E00      	MOVWF       R0 
0x1E7A	0x0E00      	MOVLW       0
0x1E7C	0x20EE      	ADDWFC      POSTINC0, 0 
0x1E7E	0x6E01      	MOVWF       R0+1 
0x1E80	0xFFE1C05A  	MOVFF       FARG_vfprintf_me_arg, FSR1L
0x1E84	0xFFE2C05B  	MOVFF       FARG_vfprintf_me_arg+1, FSR1H
0x1E88	0xFFE6C000  	MOVFF       R0, POSTINC1
0x1E8C	0xFFE6C001  	MOVFF       R0+1, POSTINC1
;cstdio.c, 345 :: 		format++;
0x1E90	0x0E01      	MOVLW       1
0x1E92	0x2657      	ADDWF       FARG_vfprintf_me_format, 1 
0x1E94	0x0E00      	MOVLW       0
0x1E96	0x2258      	ADDWFC      FARG_vfprintf_me_format+1, 1 
0x1E98	0x2259      	ADDWFC      FARG_vfprintf_me_format+2, 1 
;cstdio.c, 346 :: 		} else {
0x1E9A	0xD04A      	BRA         L_vfprintf_me35
L_vfprintf_me34:
0x1E9C	0x0100      	MOVLB       0
;cstdio.c, 347 :: 		prec = 0;
0x1E9E	0x6B64      	CLRF        vfprintf_me_prec_L0, 1
0x1EA0	0x6B65      	CLRF        vfprintf_me_prec_L0+1, 1
;cstdio.c, 348 :: 		while ( __isdigit( ( unsigned )*format ) )
L_vfprintf_me36:
0x1EA2	0xBE59      	BTFSC       FARG_vfprintf_me_format+2, 7 
0x1EA4	0xD00A      	BRA         L__vfprintf_me353
0x1EA6	0xFFF6C057  	MOVFF       FARG_vfprintf_me_format, TBLPTRL
0x1EAA	0xFFF7C058  	MOVFF       FARG_vfprintf_me_format+1, TBLPTRH
0x1EAE	0xFFF8C059  	MOVFF       FARG_vfprintf_me_format+2, TBLPTRU
0x1EB2	0x0009      	TBLRD*+
0x1EB4	0xF000CFF5  	MOVFF       TABLAT, R0
0x1EB8	0xD006      	BRA         L__vfprintf_me354
L__vfprintf_me353:
0x1EBA	0xFFE9C057  	MOVFF       FARG_vfprintf_me_format, FSR0L
0x1EBE	0xFFEAC058  	MOVFF       FARG_vfprintf_me_format+1, FSR0H
0x1EC2	0xF000CFEE  	MOVFF       POSTINC0, R0
L__vfprintf_me354:
0x1EC6	0x0E00      	MOVLW       0
0x1EC8	0x6E01      	MOVWF       R0+1 
0x1ECA	0xF07EC000  	MOVFF       R0, FARG_cstdio___isdigit_character
0x1ECE	0xF006ECAC  	CALL        cstdio___isdigit, 0
0x1ED2	0x5200      	MOVF        R0, 1 
0x1ED4	0xE02D      	BZ          L_vfprintf_me37
;cstdio.c, 349 :: 		prec = prec * 10 + *format++ - '0';
0x1ED6	0xF000C064  	MOVFF       vfprintf_me_prec_L0, R0
0x1EDA	0xF001C065  	MOVFF       vfprintf_me_prec_L0+1, R0+1
0x1EDE	0x0E0A      	MOVLW       10
0x1EE0	0x6E04      	MOVWF       R4 
0x1EE2	0x0E00      	MOVLW       0
0x1EE4	0x6E05      	MOVWF       R4+1 
0x1EE6	0xF006ECCF  	CALL        _Mul_16X16_U, 0
0x1EEA	0xBE59      	BTFSC       FARG_vfprintf_me_format+2, 7 
0x1EEC	0xD00A      	BRA         L__vfprintf_me355
0x1EEE	0xFFF6C057  	MOVFF       FARG_vfprintf_me_format, TBLPTRL
0x1EF2	0xFFF7C058  	MOVFF       FARG_vfprintf_me_format+1, TBLPTRH
0x1EF6	0xFFF8C059  	MOVFF       FARG_vfprintf_me_format+2, TBLPTRU
0x1EFA	0x0009      	TBLRD*+
0x1EFC	0xF002CFF5  	MOVFF       TABLAT, R2
0x1F00	0xD006      	BRA         L__vfprintf_me356
L__vfprintf_me355:
0x1F02	0xFFE9C057  	MOVFF       FARG_vfprintf_me_format, FSR0L
0x1F06	0xFFEAC058  	MOVFF       FARG_vfprintf_me_format+1, FSR0H
0x1F0A	0xF002CFEE  	MOVFF       POSTINC0, R2
L__vfprintf_me356:
0x1F0E	0x0100      	MOVLB       0
0x1F10	0x5002      	MOVF        R2, 0 
0x1F12	0x2400      	ADDWF       R0, 0 
0x1F14	0x6F64      	MOVWF       vfprintf_me_prec_L0, 1
0x1F16	0x0E00      	MOVLW       0
0x1F18	0x2001      	ADDWFC      R0+1, 0 
0x1F1A	0x6F65      	MOVWF       vfprintf_me_prec_L0+1, 1
0x1F1C	0x0E30      	MOVLW       48
0x1F1E	0x5F64      	SUBWF       vfprintf_me_prec_L0, 1, 1
0x1F20	0x0E00      	MOVLW       0
0x1F22	0x5B65      	SUBWFB      vfprintf_me_prec_L0+1, 1, 1
0x1F24	0x0E01      	MOVLW       1
0x1F26	0x2657      	ADDWF       FARG_vfprintf_me_format, 1 
0x1F28	0x0E00      	MOVLW       0
0x1F2A	0x2258      	ADDWFC      FARG_vfprintf_me_format+1, 1 
0x1F2C	0x2259      	ADDWFC      FARG_vfprintf_me_format+2, 1 
0x1F2E	0xD7B9      	BRA         L_vfprintf_me36
L_vfprintf_me37:
;cstdio.c, 350 :: 		}
L_vfprintf_me35:
0x1F30	0xD004      	BRA         L_vfprintf_me38
L_vfprintf_me33:
0x1F32	0x0100      	MOVLB       0
;cstdio.c, 352 :: 		prec = 0;
0x1F34	0x6B64      	CLRF        vfprintf_me_prec_L0, 1
0x1F36	0x6B65      	CLRF        vfprintf_me_prec_L0+1, 1
;cstdio.c, 354 :: 		flag |= DEFPREC;
0x1F38	0x896A      	BSF         vfprintf_me_flag_L0+1, 4, 1
;cstdio.c, 356 :: 		}
L_vfprintf_me38:
;cstdio.c, 358 :: 		loop:
___vfprintf_me_loop:
;cstdio.c, 360 :: 		switch ( c = *format++ ) {
0x1F3A	0xF000C057  	MOVFF       FARG_vfprintf_me_format, R0
0x1F3E	0xF001C058  	MOVFF       FARG_vfprintf_me_format+1, R0+1
0x1F42	0xF002C059  	MOVFF       FARG_vfprintf_me_format+2, R0+2
0x1F46	0x0E01      	MOVLW       1
0x1F48	0x2657      	ADDWF       FARG_vfprintf_me_format, 1 
0x1F4A	0x0E00      	MOVLW       0
0x1F4C	0x2258      	ADDWFC      FARG_vfprintf_me_format+1, 1 
0x1F4E	0x2259      	ADDWFC      FARG_vfprintf_me_format+2, 1 
0x1F50	0xBE02      	BTFSC       R0+2, 7 
0x1F52	0xD00A      	BRA         L__vfprintf_me357
0x1F54	0xFFF6C000  	MOVFF       R0, TBLPTRL
0x1F58	0xFFF7C001  	MOVFF       R0+1, TBLPTRH
0x1F5C	0xFFF8C002  	MOVFF       R0+2, TBLPTRU
0x1F60	0x0009      	TBLRD*+
0x1F62	0xF066CFF5  	MOVFF       TABLAT, vfprintf_me_c_L0
0x1F66	0xD006      	BRA         L__vfprintf_me358
L__vfprintf_me357:
0x1F68	0xFFE9C000  	MOVFF       R0, FSR0L
0x1F6C	0xFFEAC001  	MOVFF       R0+1, FSR0H
0x1F70	0xF066CFEE  	MOVFF       POSTINC0, vfprintf_me_c_L0
L__vfprintf_me358:
0x1F74	0xD143      	BRA         L_vfprintf_me39
;cstdio.c, 361 :: 		case 0:
L_vfprintf_me41:
;cstdio.c, 362 :: 		return ccnt;
0x1F76	0xF000C076  	MOVFF       vfprintf_me_ccnt_L0, R0
0x1F7A	0xF001C077  	MOVFF       vfprintf_me_ccnt_L0+1, R0+1
0x1F7E	0xF01EEFED  	GOTO        L_end_vfprintf_me
;cstdio.c, 363 :: 		case 'l':
L_vfprintf_me42:
;cstdio.c, 364 :: 		case 'L':
L_vfprintf_me43:
0x1F82	0x0100      	MOVLB       0
;cstdio.c, 366 :: 		flag |= LONG;
0x1F84	0x8969      	BSF         vfprintf_me_flag_L0, 4, 1
;cstdio.c, 367 :: 		goto loop;
0x1F86	0xD7D9      	BRA         ___vfprintf_me_loop
;cstdio.c, 382 :: 		case 'f':
L_vfprintf_me44:
;cstdio.c, 383 :: 		flag |= FFMT;
0x1F88	0x856A      	BSF         vfprintf_me_flag_L0+1, 2, 1
;cstdio.c, 384 :: 		break;
0x1F8A	0xD178      	BRA         L_vfprintf_me40
;cstdio.c, 386 :: 		case 'E':
L_vfprintf_me45:
;cstdio.c, 387 :: 		flag |= UPCASE;
0x1F8C	0x8B69      	BSF         vfprintf_me_flag_L0, 5, 1
;cstdio.c, 388 :: 		case 'e':
L_vfprintf_me46:
;cstdio.c, 389 :: 		flag |= EFMT;
0x1F8E	0x816A      	BSF         vfprintf_me_flag_L0+1, 0, 1
;cstdio.c, 390 :: 		break;
0x1F90	0xD175      	BRA         L_vfprintf_me40
;cstdio.c, 391 :: 		case 'g':
L_vfprintf_me47:
;cstdio.c, 392 :: 		flag |= GFMT;
0x1F92	0x836A      	BSF         vfprintf_me_flag_L0+1, 1, 1
;cstdio.c, 393 :: 		break;
0x1F94	0xD173      	BRA         L_vfprintf_me40
;cstdio.c, 395 :: 		case 'o':
L_vfprintf_me48:
;cstdio.c, 396 :: 		flag |= EIGHT;
0x1F96	0x8D69      	BSF         vfprintf_me_flag_L0, 6, 1
;cstdio.c, 397 :: 		break;
0x1F98	0xD171      	BRA         L_vfprintf_me40
;cstdio.c, 399 :: 		case 'd':
L_vfprintf_me49:
;cstdio.c, 400 :: 		case 'i':
L_vfprintf_me50:
;cstdio.c, 401 :: 		break;
0x1F9A	0xD170      	BRA         L_vfprintf_me40
;cstdio.c, 403 :: 		case 'p':
L_vfprintf_me51:
;cstdio.c, 405 :: 		case 'X':
L_vfprintf_me52:
;cstdio.c, 406 :: 		flag |= UPCASE;
0x1F9C	0x8B69      	BSF         vfprintf_me_flag_L0, 5, 1
;cstdio.c, 407 :: 		case 'x':
L_vfprintf_me53:
;cstdio.c, 408 :: 		flag |= SIXTEEN;
0x1F9E	0x8F69      	BSF         vfprintf_me_flag_L0, 7, 1
;cstdio.c, 409 :: 		break;
0x1FA0	0xD16D      	BRA         L_vfprintf_me40
;cstdio.c, 411 :: 		case 's':
L_vfprintf_me54:
;cstdio.c, 412 :: 		cp = va_arg( arg, const char * __generic );
0x1FA2	0xFFE9C05A  	MOVFF       FARG_vfprintf_me_arg, FSR0L
0x1FA6	0xFFEAC05B  	MOVFF       FARG_vfprintf_me_arg+1, FSR0H
0x1FAA	0xF000CFEE  	MOVFF       POSTINC0, R0
0x1FAE	0xF001CFEE  	MOVFF       POSTINC0, R0+1
0x1FB2	0xFFE9C000  	MOVFF       R0, FSR0L
0x1FB6	0xFFEAC001  	MOVFF       R0+1, FSR0H
0x1FBA	0xF071CFEE  	MOVFF       POSTINC0, vfprintf_me__val_L0
0x1FBE	0xF072CFEE  	MOVFF       POSTINC0, vfprintf_me__val_L0+1
0x1FC2	0xF073CFEE  	MOVFF       POSTINC0, vfprintf_me__val_L0+2
0x1FC6	0xFFE9C05A  	MOVFF       FARG_vfprintf_me_arg, FSR0L
0x1FCA	0xFFEAC05B  	MOVFF       FARG_vfprintf_me_arg+1, FSR0H
0x1FCE	0x0E03      	MOVLW       3
0x1FD0	0x24EE      	ADDWF       POSTINC0, 0 
0x1FD2	0x6E00      	MOVWF       R0 
0x1FD4	0x0E00      	MOVLW       0
0x1FD6	0x20EE      	ADDWFC      POSTINC0, 0 
0x1FD8	0x6E01      	MOVWF       R0+1 
0x1FDA	0xFFE1C05A  	MOVFF       FARG_vfprintf_me_arg, FSR1L
0x1FDE	0xFFE2C05B  	MOVFF       FARG_vfprintf_me_arg+1, FSR1H
0x1FE2	0xFFE6C000  	MOVFF       R0, POSTINC1
0x1FE6	0xFFE6C001  	MOVFF       R0+1, POSTINC1
;cstdio.c, 416 :: 		if ( cp == 0 )
0x1FEA	0xF001C071  	MOVFF       vfprintf_me__val_L0, R1
0x1FEE	0xF002C072  	MOVFF       vfprintf_me__val_L0+1, R1+1
0x1FF2	0xF003C073  	MOVFF       vfprintf_me__val_L0+2, R1+2
0x1FF6	0x0E00      	MOVLW       0
0x1FF8	0x6E04      	MOVWF       R1+3 
0x1FFA	0x0E00      	MOVLW       0
0x1FFC	0x6E00      	MOVWF       R0 
0x1FFE	0x1804      	XORWF       R1+3, 0 
0x2000	0xE108      	BNZ         L__vfprintf_me359
0x2002	0x5000      	MOVF        R0, 0 
0x2004	0x1803      	XORWF       R1+2, 0 
0x2006	0xE105      	BNZ         L__vfprintf_me359
0x2008	0x5000      	MOVF        R0, 0 
0x200A	0x1802      	XORWF       R1+1, 0 
0x200C	0xE102      	BNZ         L__vfprintf_me359
0x200E	0x5001      	MOVF        R1, 0 
0x2010	0x0A00      	XORLW       0
L__vfprintf_me359:
0x2012	0xE106      	BNZ         L_vfprintf_me55
;cstdio.c, 417 :: 		cp = "null";
0x2014	0x0EF8      	MOVLW       ?lstr_1_cstdio
0x2016	0x6F71      	MOVWF       vfprintf_me__val_L0, 1
0x2018	0x0E3F      	MOVLW       hi_addr(?lstr_1_cstdio)
0x201A	0x6F72      	MOVWF       vfprintf_me__val_L0+1, 1
0x201C	0x0E00      	MOVLW       higher_addr(?lstr_1_cstdio)
0x201E	0x6F73      	MOVWF       vfprintf_me__val_L0+2, 1
L_vfprintf_me55:
;cstdio.c, 418 :: 		len = 0;
0x2020	0x6B74      	CLRF        vfprintf_me__val_L0+3, 1
0x2022	0x6B75      	CLRF        vfprintf_me__val_L0+4, 1
;cstdio.c, 419 :: 		while ( cp[ len ] )
L_vfprintf_me56:
0x2024	0x5174      	MOVF        vfprintf_me__val_L0+3, 0, 1
0x2026	0x2571      	ADDWF       vfprintf_me__val_L0, 0, 1
0x2028	0x6E00      	MOVWF       R0 
0x202A	0x5175      	MOVF        vfprintf_me__val_L0+4, 0, 1
0x202C	0x2172      	ADDWFC      vfprintf_me__val_L0+1, 0, 1
0x202E	0x6E01      	MOVWF       R0+1 
0x2030	0x0E00      	MOVLW       0
0x2032	0x2173      	ADDWFC      vfprintf_me__val_L0+2, 0, 1
0x2034	0x6E02      	MOVWF       R0+2 
0x2036	0xBE02      	BTFSC       R0+2, 7 
0x2038	0xD00A      	BRA         L__vfprintf_me360
0x203A	0xFFF6C000  	MOVFF       R0, TBLPTRL
0x203E	0xFFF7C001  	MOVFF       R0+1, TBLPTRH
0x2042	0xFFF8C002  	MOVFF       R0+2, TBLPTRU
0x2046	0x0009      	TBLRD*+
0x2048	0xF000CFF5  	MOVFF       TABLAT, R0
0x204C	0xD006      	BRA         L__vfprintf_me361
L__vfprintf_me360:
0x204E	0xFFE9C000  	MOVFF       R0, FSR0L
0x2052	0xFFEAC001  	MOVFF       R0+1, FSR0H
0x2056	0xF000CFEE  	MOVFF       POSTINC0, R0
L__vfprintf_me361:
0x205A	0x5200      	MOVF        R0, 1 
0x205C	0xE00B      	BZ          L_vfprintf_me57
;cstdio.c, 420 :: 		len++;
0x205E	0x0E01      	MOVLW       1
0x2060	0x2574      	ADDWF       vfprintf_me__val_L0+3, 0, 1
0x2062	0x6E00      	MOVWF       R0 
0x2064	0x0E00      	MOVLW       0
0x2066	0x2175      	ADDWFC      vfprintf_me__val_L0+4, 0, 1
0x2068	0x6E01      	MOVWF       R0+1 
0x206A	0xF074C000  	MOVFF       R0, vfprintf_me__val_L0+3
0x206E	0xF075C001  	MOVFF       R0+1, vfprintf_me__val_L0+4
0x2072	0xD7D8      	BRA         L_vfprintf_me56
L_vfprintf_me57:
;cstdio.c, 421 :: 		dostring:
___vfprintf_me_dostring:
;cstdio.c, 422 :: 		if ( prec && ( prec < len ) )
0x2074	0x5164      	MOVF        vfprintf_me_prec_L0, 0, 1
0x2076	0x1165      	IORWF       vfprintf_me_prec_L0+1, 0, 1
0x2078	0xE00A      	BZ          L_vfprintf_me60
0x207A	0x5175      	MOVF        vfprintf_me__val_L0+4, 0, 1
0x207C	0x5D65      	SUBWF       vfprintf_me_prec_L0+1, 0, 1
0x207E	0xE102      	BNZ         L__vfprintf_me362
0x2080	0x5174      	MOVF        vfprintf_me__val_L0+3, 0, 1
0x2082	0x5D64      	SUBWF       vfprintf_me_prec_L0, 0, 1
L__vfprintf_me362:
0x2084	0xE204      	BC          L_vfprintf_me60
L__vfprintf_me322:
;cstdio.c, 423 :: 		len = prec;
0x2086	0xF074C064  	MOVFF       vfprintf_me_prec_L0, vfprintf_me__val_L0+3
0x208A	0xF075C065  	MOVFF       vfprintf_me_prec_L0+1, vfprintf_me__val_L0+4
L_vfprintf_me60:
;cstdio.c, 424 :: 		if ( width > len )
0x208E	0x5168      	MOVF        vfprintf_me_width_L0+1, 0, 1
0x2090	0x5D75      	SUBWF       vfprintf_me__val_L0+4, 0, 1
0x2092	0xE102      	BNZ         L__vfprintf_me363
0x2094	0x5167      	MOVF        vfprintf_me_width_L0, 0, 1
0x2096	0x5D74      	SUBWF       vfprintf_me__val_L0+3, 0, 1
L__vfprintf_me363:
0x2098	0xE205      	BC          L_vfprintf_me61
;cstdio.c, 425 :: 		width -= len;
0x209A	0x5174      	MOVF        vfprintf_me__val_L0+3, 0, 1
0x209C	0x5F67      	SUBWF       vfprintf_me_width_L0, 1, 1
0x209E	0x5175      	MOVF        vfprintf_me__val_L0+4, 0, 1
0x20A0	0x5B68      	SUBWFB      vfprintf_me_width_L0+1, 1, 1
0x20A2	0xD002      	BRA         L_vfprintf_me62
L_vfprintf_me61:
;cstdio.c, 427 :: 		width = 0;
0x20A4	0x6B67      	CLRF        vfprintf_me_width_L0, 1
0x20A6	0x6B68      	CLRF        vfprintf_me_width_L0+1, 1
L_vfprintf_me62:
;cstdio.c, 428 :: 		if ( !( flag & LEFT ) )
0x20A8	0xB769      	BTFSC       vfprintf_me_flag_L0, 3, 1
0x20AA	0xD019      	BRA         L_vfprintf_me63
;cstdio.c, 429 :: 		while ( width-- )
L_vfprintf_me64:
0x20AC	0x0100      	MOVLB       0
0x20AE	0xF000C067  	MOVFF       vfprintf_me_width_L0, R0
0x20B2	0xF001C068  	MOVFF       vfprintf_me_width_L0+1, R0+1
0x20B6	0x0E01      	MOVLW       1
0x20B8	0x5F67      	SUBWF       vfprintf_me_width_L0, 1, 1
0x20BA	0x0E00      	MOVLW       0
0x20BC	0x5B68      	SUBWFB      vfprintf_me_width_L0+1, 1, 1
0x20BE	0x5000      	MOVF        R0, 0 
0x20C0	0x1001      	IORWF       R0+1, 0 
0x20C2	0xE00D      	BZ          L_vfprintf_me65
;cstdio.c, 430 :: 		stream( ' ' );
0x20C4	0xFFE1C055  	MOVFF       FARG_vfprintf_me_stream+2, FSR1
0x20C8	0xFFE2C056  	MOVFF       FARG_vfprintf_me_stream+3, FSR1+1
0x20CC	0x0E20      	MOVLW       32
0x20CE	0x6EE6      	MOVWF       POSTINC1 
0x20D0	0xF000C053  	MOVFF       FARG_vfprintf_me_stream, R0
0x20D4	0xF001C054  	MOVFF       FARG_vfprintf_me_stream+1, R1
0x20D8	0xF006ECF7  	CALL        _____DoIFC, 0
0x20DC	0xD7E7      	BRA         L_vfprintf_me64
L_vfprintf_me65:
L_vfprintf_me63:
;cstdio.c, 431 :: 		while ( len-- )
L_vfprintf_me66:
0x20DE	0xF002C074  	MOVFF       vfprintf_me__val_L0+3, R2
0x20E2	0xF003C075  	MOVFF       vfprintf_me__val_L0+4, R2+1
0x20E6	0x0E01      	MOVLW       1
0x20E8	0x0100      	MOVLB       0
0x20EA	0x5D74      	SUBWF       vfprintf_me__val_L0+3, 0, 1
0x20EC	0x6E00      	MOVWF       R0 
0x20EE	0x0E00      	MOVLW       0
0x20F0	0x5975      	SUBWFB      vfprintf_me__val_L0+4, 0, 1
0x20F2	0x6E01      	MOVWF       R0+1 
0x20F4	0xF074C000  	MOVFF       R0, vfprintf_me__val_L0+3
0x20F8	0xF075C001  	MOVFF       R0+1, vfprintf_me__val_L0+4
0x20FC	0x5002      	MOVF        R2, 0 
0x20FE	0x1003      	IORWF       R2+1, 0 
0x2100	0xE02F      	BZ          L_vfprintf_me67
;cstdio.c, 432 :: 		stream( *cp++ );
0x2102	0xFFE1C055  	MOVFF       FARG_vfprintf_me_stream+2, FSR1
0x2106	0xFFE2C056  	MOVFF       FARG_vfprintf_me_stream+3, FSR1+1
0x210A	0xBF73      	BTFSC       vfprintf_me__val_L0+2, 7, 1
0x210C	0xD00A      	BRA         L__vfprintf_me364
0x210E	0xFFF6C071  	MOVFF       vfprintf_me__val_L0, TBLPTRL
0x2112	0xFFF7C072  	MOVFF       vfprintf_me__val_L0+1, TBLPTRH
0x2116	0xFFF8C073  	MOVFF       vfprintf_me__val_L0+2, TBLPTRU
0x211A	0x0009      	TBLRD*+
0x211C	0xF000CFF5  	MOVFF       TABLAT, R0
0x2120	0xD006      	BRA         L__vfprintf_me365
L__vfprintf_me364:
0x2122	0xFFE9C071  	MOVFF       vfprintf_me__val_L0, FSR0L
0x2126	0xFFEAC072  	MOVFF       vfprintf_me__val_L0+1, FSR0H
0x212A	0xF000CFEE  	MOVFF       POSTINC0, R0
L__vfprintf_me365:
0x212E	0xFFE6C000  	MOVFF       R0, POSTINC1
0x2132	0xF000C053  	MOVFF       FARG_vfprintf_me_stream, R0
0x2136	0xF001C054  	MOVFF       FARG_vfprintf_me_stream+1, R1
0x213A	0xF006ECF7  	CALL        _____DoIFC, 0
0x213E	0x0E01      	MOVLW       1
0x2140	0x0100      	MOVLB       0
0x2142	0x2571      	ADDWF       vfprintf_me__val_L0, 0, 1
0x2144	0x6E00      	MOVWF       R0 
0x2146	0x0E00      	MOVLW       0
0x2148	0x2172      	ADDWFC      vfprintf_me__val_L0+1, 0, 1
0x214A	0x6E01      	MOVWF       R0+1 
0x214C	0x0E00      	MOVLW       0
0x214E	0x2173      	ADDWFC      vfprintf_me__val_L0+2, 0, 1
0x2150	0x6E02      	MOVWF       R0+2 
0x2152	0xF071C000  	MOVFF       R0, vfprintf_me__val_L0
0x2156	0xF072C001  	MOVFF       R0+1, vfprintf_me__val_L0+1
0x215A	0xF073C002  	MOVFF       R0+2, vfprintf_me__val_L0+2
0x215E	0xD7BF      	BRA         L_vfprintf_me66
L_vfprintf_me67:
;cstdio.c, 434 :: 		if ( flag & LEFT )
0x2160	0xA769      	BTFSS       vfprintf_me_flag_L0, 3, 1
0x2162	0xD019      	BRA         L_vfprintf_me68
;cstdio.c, 435 :: 		while ( width-- )
L_vfprintf_me69:
0x2164	0x0100      	MOVLB       0
0x2166	0xF000C067  	MOVFF       vfprintf_me_width_L0, R0
0x216A	0xF001C068  	MOVFF       vfprintf_me_width_L0+1, R0+1
0x216E	0x0E01      	MOVLW       1
0x2170	0x5F67      	SUBWF       vfprintf_me_width_L0, 1, 1
0x2172	0x0E00      	MOVLW       0
0x2174	0x5B68      	SUBWFB      vfprintf_me_width_L0+1, 1, 1
0x2176	0x5000      	MOVF        R0, 0 
0x2178	0x1001      	IORWF       R0+1, 0 
0x217A	0xE00D      	BZ          L_vfprintf_me70
;cstdio.c, 436 :: 		stream( ' ' );
0x217C	0xFFE1C055  	MOVFF       FARG_vfprintf_me_stream+2, FSR1
0x2180	0xFFE2C056  	MOVFF       FARG_vfprintf_me_stream+3, FSR1+1
0x2184	0x0E20      	MOVLW       32
0x2186	0x6EE6      	MOVWF       POSTINC1 
0x2188	0xF000C053  	MOVFF       FARG_vfprintf_me_stream, R0
0x218C	0xF001C054  	MOVFF       FARG_vfprintf_me_stream+1, R1
0x2190	0xF006ECF7  	CALL        _____DoIFC, 0
0x2194	0xD7E7      	BRA         L_vfprintf_me69
L_vfprintf_me70:
L_vfprintf_me68:
;cstdio.c, 437 :: 		continue;
0x2196	0xD4B8      	BRA         L_vfprintf_me12
;cstdio.c, 438 :: 		case 'c':
L_vfprintf_me71:
;cstdio.c, 439 :: 		c = va_arg( arg, int );
0x2198	0xFFE9C05A  	MOVFF       FARG_vfprintf_me_arg, FSR0L
0x219C	0xFFEAC05B  	MOVFF       FARG_vfprintf_me_arg+1, FSR0H
0x21A0	0xF000CFEE  	MOVFF       POSTINC0, R0
0x21A4	0xF001CFEE  	MOVFF       POSTINC0, R0+1
0x21A8	0xFFE9C000  	MOVFF       R0, FSR0L
0x21AC	0xFFEAC001  	MOVFF       R0+1, FSR0H
0x21B0	0xF066CFEE  	MOVFF       POSTINC0, vfprintf_me_c_L0
0x21B4	0xFFE9C05A  	MOVFF       FARG_vfprintf_me_arg, FSR0L
0x21B8	0xFFEAC05B  	MOVFF       FARG_vfprintf_me_arg+1, FSR0H
0x21BC	0x0E02      	MOVLW       2
0x21BE	0x24EE      	ADDWF       POSTINC0, 0 
0x21C0	0x6E00      	MOVWF       R0 
0x21C2	0x0E00      	MOVLW       0
0x21C4	0x20EE      	ADDWFC      POSTINC0, 0 
0x21C6	0x6E01      	MOVWF       R0+1 
0x21C8	0xFFE1C05A  	MOVFF       FARG_vfprintf_me_arg, FSR1L
0x21CC	0xFFE2C05B  	MOVFF       FARG_vfprintf_me_arg+1, FSR1H
0x21D0	0xFFE6C000  	MOVFF       R0, POSTINC1
0x21D4	0xFFE6C001  	MOVFF       R0+1, POSTINC1
;cstdio.c, 440 :: 		default:
L_vfprintf_me72:
;cstdio.c, 441 :: 		cp  = &c;
0x21D8	0x0E66      	MOVLW       vfprintf_me_c_L0
0x21DA	0x0100      	MOVLB       0
0x21DC	0x6F71      	MOVWF       vfprintf_me__val_L0, 1
0x21DE	0x0E00      	MOVLW       hi_addr(vfprintf_me_c_L0)
0x21E0	0x6F72      	MOVWF       vfprintf_me__val_L0+1, 1
0x21E2	0x0E00      	MOVLW       higher_addr(vfprintf_me_c_L0)
0x21E4	0x6F73      	MOVWF       vfprintf_me__val_L0+2, 1
0x21E6	0x8F73      	BSF         vfprintf_me__val_L0+2, 7, 1
;cstdio.c, 442 :: 		len = 1;
0x21E8	0x0E01      	MOVLW       1
0x21EA	0x6F74      	MOVWF       vfprintf_me__val_L0+3, 1
0x21EC	0x0E00      	MOVLW       0
0x21EE	0x6F75      	MOVWF       vfprintf_me__val_L0+4, 1
;cstdio.c, 443 :: 		goto dostring;
0x21F0	0xD741      	BRA         ___vfprintf_me_dostring
;cstdio.c, 445 :: 		case 'u':
L_vfprintf_me73:
;cstdio.c, 446 :: 		flag |= UNSIGN;
0x21F2	0x0EC0      	MOVLW       192
0x21F4	0x1369      	IORWF       vfprintf_me_flag_L0, 1, 1
0x21F6	0x0E00      	MOVLW       0
0x21F8	0x136A      	IORWF       vfprintf_me_flag_L0+1, 1, 1
;cstdio.c, 447 :: 		break;
0x21FA	0xD040      	BRA         L_vfprintf_me40
;cstdio.c, 448 :: 		}
L_vfprintf_me39:
0x21FC	0x0100      	MOVLB       0
0x21FE	0x5166      	MOVF        vfprintf_me_c_L0, 0, 1
0x2200	0x0A00      	XORLW       0
0x2202	0xB4D8      	BTFSC       STATUS, 2 
0x2204	0xD6B8      	BRA         L_vfprintf_me41
0x2206	0x5166      	MOVF        vfprintf_me_c_L0, 0, 1
0x2208	0x0A6C      	XORLW       108
0x220A	0xB4D8      	BTFSC       STATUS, 2 
0x220C	0xD6BA      	BRA         L_vfprintf_me42
0x220E	0x5166      	MOVF        vfprintf_me_c_L0, 0, 1
0x2210	0x0A4C      	XORLW       76
0x2212	0xB4D8      	BTFSC       STATUS, 2 
0x2214	0xD6B6      	BRA         L_vfprintf_me43
0x2216	0x5166      	MOVF        vfprintf_me_c_L0, 0, 1
0x2218	0x0A66      	XORLW       102
0x221A	0xB4D8      	BTFSC       STATUS, 2 
0x221C	0xD6B5      	BRA         L_vfprintf_me44
0x221E	0x5166      	MOVF        vfprintf_me_c_L0, 0, 1
0x2220	0x0A45      	XORLW       69
0x2222	0xB4D8      	BTFSC       STATUS, 2 
0x2224	0xD6B3      	BRA         L_vfprintf_me45
0x2226	0x5166      	MOVF        vfprintf_me_c_L0, 0, 1
0x2228	0x0A65      	XORLW       101
0x222A	0xB4D8      	BTFSC       STATUS, 2 
0x222C	0xD6B0      	BRA         L_vfprintf_me46
0x222E	0x5166      	MOVF        vfprintf_me_c_L0, 0, 1
0x2230	0x0A67      	XORLW       103
0x2232	0xB4D8      	BTFSC       STATUS, 2 
0x2234	0xD6AE      	BRA         L_vfprintf_me47
0x2236	0x5166      	MOVF        vfprintf_me_c_L0, 0, 1
0x2238	0x0A6F      	XORLW       111
0x223A	0xB4D8      	BTFSC       STATUS, 2 
0x223C	0xD6AC      	BRA         L_vfprintf_me48
0x223E	0x5166      	MOVF        vfprintf_me_c_L0, 0, 1
0x2240	0x0A64      	XORLW       100
0x2242	0xB4D8      	BTFSC       STATUS, 2 
0x2244	0xD6AA      	BRA         L_vfprintf_me49
0x2246	0x5166      	MOVF        vfprintf_me_c_L0, 0, 1
0x2248	0x0A69      	XORLW       105
0x224A	0xB4D8      	BTFSC       STATUS, 2 
0x224C	0xD6A6      	BRA         L_vfprintf_me50
0x224E	0x5166      	MOVF        vfprintf_me_c_L0, 0, 1
0x2250	0x0A70      	XORLW       112
0x2252	0xB4D8      	BTFSC       STATUS, 2 
0x2254	0xD6A3      	BRA         L_vfprintf_me51
0x2256	0x5166      	MOVF        vfprintf_me_c_L0, 0, 1
0x2258	0x0A58      	XORLW       88
0x225A	0xB4D8      	BTFSC       STATUS, 2 
0x225C	0xD69F      	BRA         L_vfprintf_me52
0x225E	0x5166      	MOVF        vfprintf_me_c_L0, 0, 1
0x2260	0x0A78      	XORLW       120
0x2262	0xB4D8      	BTFSC       STATUS, 2 
0x2264	0xD69C      	BRA         L_vfprintf_me53
0x2266	0x5166      	MOVF        vfprintf_me_c_L0, 0, 1
0x2268	0x0A73      	XORLW       115
0x226A	0xB4D8      	BTFSC       STATUS, 2 
0x226C	0xD69A      	BRA         L_vfprintf_me54
0x226E	0x5166      	MOVF        vfprintf_me_c_L0, 0, 1
0x2270	0x0A63      	XORLW       99
0x2272	0xE092      	BZ          L_vfprintf_me71
0x2274	0x5166      	MOVF        vfprintf_me_c_L0, 0, 1
0x2276	0x0A75      	XORLW       117
0x2278	0xE0BC      	BZ          L_vfprintf_me73
0x227A	0xD7AE      	BRA         L_vfprintf_me72
L_vfprintf_me40:
;cstdio.c, 450 :: 		if ( flag & ( EFMT | GFMT | FFMT ) ) {
0x227C	0x0E00      	MOVLW       0
0x227E	0x1569      	ANDWF       vfprintf_me_flag_L0, 0, 1
0x2280	0x6E00      	MOVWF       R0 
0x2282	0x516A      	MOVF        vfprintf_me_flag_L0+1, 0, 1
0x2284	0x0B07      	ANDLW       7
0x2286	0x6E01      	MOVWF       R0+1 
0x2288	0x5000      	MOVF        R0, 0 
0x228A	0x1001      	IORWF       R0+1, 0 
0x228C	0xB4D8      	BTFSC       STATUS, 2 
0x228E	0xF01AEF66  	GOTO        L_vfprintf_me74
;cstdio.c, 451 :: 		if ( flag & DEFPREC )
0x2292	0xA96A      	BTFSS       vfprintf_me_flag_L0+1, 4, 1
0x2294	0xD004      	BRA         L_vfprintf_me75
;cstdio.c, 452 :: 		prec = 6;
0x2296	0x0E06      	MOVLW       6
0x2298	0x6F64      	MOVWF       vfprintf_me_prec_L0, 1
0x229A	0x0E00      	MOVLW       0
0x229C	0x6F65      	MOVWF       vfprintf_me_prec_L0+1, 1
L_vfprintf_me75:
;cstdio.c, 453 :: 		fval = va_arg( arg, double );
0x229E	0xFFE9C05A  	MOVFF       FARG_vfprintf_me_arg, FSR0L
0x22A2	0xFFEAC05B  	MOVFF       FARG_vfprintf_me_arg+1, FSR0H
0x22A6	0xF000CFEE  	MOVFF       POSTINC0, R0
0x22AA	0xF001CFEE  	MOVFF       POSTINC0, R0+1
0x22AE	0xFFE9C000  	MOVFF       R0, FSR0L
0x22B2	0xFFEAC001  	MOVFF       R0+1, FSR0H
0x22B6	0xF06BCFEE  	MOVFF       POSTINC0, vfprintf_me_fval_L0
0x22BA	0xF06CCFEE  	MOVFF       POSTINC0, vfprintf_me_fval_L0+1
0x22BE	0xF06DCFEE  	MOVFF       POSTINC0, vfprintf_me_fval_L0+2
0x22C2	0xF06ECFEE  	MOVFF       POSTINC0, vfprintf_me_fval_L0+3
0x22C6	0xFFE9C05A  	MOVFF       FARG_vfprintf_me_arg, FSR0L
0x22CA	0xFFEAC05B  	MOVFF       FARG_vfprintf_me_arg+1, FSR0H
0x22CE	0x0E04      	MOVLW       4
0x22D0	0x24EE      	ADDWF       POSTINC0, 0 
0x22D2	0x6E00      	MOVWF       R0 
0x22D4	0x0E00      	MOVLW       0
0x22D6	0x20EE      	ADDWFC      POSTINC0, 0 
0x22D8	0x6E01      	MOVWF       R0+1 
0x22DA	0xFFE1C05A  	MOVFF       FARG_vfprintf_me_arg, FSR1L
0x22DE	0xFFE2C05B  	MOVFF       FARG_vfprintf_me_arg+1, FSR1H
0x22E2	0xFFE6C000  	MOVFF       R0, POSTINC1
0x22E6	0xFFE6C001  	MOVFF       R0+1, POSTINC1
;cstdio.c, 454 :: 		if ( fval < 0.0 ) {
0x22EA	0x6A04      	CLRF        R4 
0x22EC	0x6A05      	CLRF        R4+1 
0x22EE	0x6A06      	CLRF        R4+2 
0x22F0	0x6A07      	CLRF        R4+3 
0x22F2	0xF000C06B  	MOVFF       vfprintf_me_fval_L0, R0
0x22F6	0xF001C06C  	MOVFF       vfprintf_me_fval_L0+1, R0+1
0x22FA	0xF002C06D  	MOVFF       vfprintf_me_fval_L0+2, R0+2
0x22FE	0xF003C06E  	MOVFF       vfprintf_me_fval_L0+3, R0+3
0x2302	0xF007EC03  	CALL        _Compare_Double, 0
0x2306	0x0E01      	MOVLW       1
0x2308	0xB0D8      	BTFSC       STATUS, 0 
0x230A	0x0E00      	MOVLW       0
0x230C	0x6E00      	MOVWF       R0 
0x230E	0x5200      	MOVF        R0, 1 
0x2310	0xE005      	BZ          L_vfprintf_me76
;cstdio.c, 455 :: 		fval = -fval;
0x2312	0x7F6D      	BTG         vfprintf_me_fval_L0+2, 7, 1
;cstdio.c, 456 :: 		flag |= NEGSIGN;
0x2314	0x0E03      	MOVLW       3
0x2316	0x1369      	IORWF       vfprintf_me_flag_L0, 1, 1
0x2318	0x0E00      	MOVLW       0
0x231A	0x136A      	IORWF       vfprintf_me_flag_L0+1, 1, 1
;cstdio.c, 459 :: 		* @note If the number is zero, the exponent is zero.
L_vfprintf_me76:
;cstdio.c, 461 :: 		exp = 0;
0x231C	0x6B6F      	CLRF        vfprintf_me_exp_L0, 1
0x231E	0x6B70      	CLRF        vfprintf_me_exp_L0+1, 1
;cstdio.c, 462 :: 		if ( fval != 0 ) {
0x2320	0xF000C06B  	MOVFF       vfprintf_me_fval_L0, R0
0x2324	0xF001C06C  	MOVFF       vfprintf_me_fval_L0+1, R0+1
0x2328	0xF002C06D  	MOVFF       vfprintf_me_fval_L0+2, R0+2
0x232C	0xF003C06E  	MOVFF       vfprintf_me_fval_L0+3, R0+3
0x2330	0x6A04      	CLRF        R4 
0x2332	0x6A05      	CLRF        R4+1 
0x2334	0x6A06      	CLRF        R4+2 
0x2336	0x6A07      	CLRF        R4+3 
0x2338	0xF006ECB8  	CALL        _Equals_Double, 0
0x233C	0x0E00      	MOVLW       0
0x233E	0xA4D8      	BTFSS       STATUS, 2 
0x2340	0x0E01      	MOVLW       1
0x2342	0x6E00      	MOVWF       R0 
0x2344	0x5200      	MOVF        R0, 1 
0x2346	0xB4D8      	BTFSC       STATUS, 2 
0x2348	0xD08A      	BRA         L_vfprintf_me77
;cstdio.c, 467 :: 		frexp( fval, &exp );
0x234A	0xF000C06E  	MOVFF       vfprintf_me_fval_L0+3, R0
0x234E	0x6A01      	CLRF        R0+1 
0x2350	0x6A02      	CLRF        R0+2 
0x2352	0x6A03      	CLRF        R0+3 
0x2354	0x0EFF      	MOVLW       255
0x2356	0x1600      	ANDWF       R0, 1 
0x2358	0x0E00      	MOVLW       0
0x235A	0x1601      	ANDWF       R0+1, 1 
0x235C	0x0E7E      	MOVLW       126
0x235E	0x5E00      	SUBWF       R0, 1 
0x2360	0x0E00      	MOVLW       0
0x2362	0x5A01      	SUBWFB      R0+1, 1 
0x2364	0xF06FC000  	MOVFF       R0, vfprintf_me_exp_L0
0x2368	0xF070C001  	MOVFF       R0+1, vfprintf_me_exp_L0+1
;cstdio.c, 468 :: 		exp--;
0x236C	0x0E01      	MOVLW       1
0x236E	0x5E00      	SUBWF       R0, 1 
0x2370	0x0E00      	MOVLW       0
0x2372	0x5A01      	SUBWFB      R0+1, 1 
0x2374	0xF06FC000  	MOVFF       R0, vfprintf_me_exp_L0
0x2378	0xF070C001  	MOVFF       R0+1, vfprintf_me_exp_L0+1
;cstdio.c, 469 :: 		exp *= 3;
0x237C	0x0E03      	MOVLW       3
0x237E	0x6E04      	MOVWF       R4 
0x2380	0x0E00      	MOVLW       0
0x2382	0x6E05      	MOVWF       R4+1 
0x2384	0xF006ECCF  	CALL        _Mul_16X16_U, 0
0x2388	0xF06FC000  	MOVFF       R0, vfprintf_me_exp_L0
0x238C	0xF070C001  	MOVFF       R0+1, vfprintf_me_exp_L0+1
;cstdio.c, 473 :: 		exp /= 10;
0x2390	0x0E0A      	MOVLW       10
0x2392	0x6E04      	MOVWF       R4 
0x2394	0x0E00      	MOVLW       0
0x2396	0x6E05      	MOVWF       R4+1 
0x2398	0xF00CEC82  	CALL        _Div_16x16_S, 0
0x239C	0xF06FC000  	MOVFF       R0, vfprintf_me_exp_L0
0x23A0	0xF070C001  	MOVFF       R0+1, vfprintf_me_exp_L0+1
;cstdio.c, 474 :: 		if ( exp < 0 )
0x23A4	0x0E80      	MOVLW       128
0x23A6	0x1801      	XORWF       R0+1, 0 
0x23A8	0x6E02      	MOVWF       R2 
0x23AA	0x0E80      	MOVLW       128
0x23AC	0x5C02      	SUBWF       R2, 0 
0x23AE	0xE102      	BNZ         L__vfprintf_me366
0x23B0	0x0E00      	MOVLW       0
0x23B2	0x5C00      	SUBWF       R0, 0 
L__vfprintf_me366:
0x23B4	0xE205      	BC          L_vfprintf_me78
;cstdio.c, 475 :: 		exp--;
0x23B6	0x0E01      	MOVLW       1
0x23B8	0x0100      	MOVLB       0
0x23BA	0x5F6F      	SUBWF       vfprintf_me_exp_L0, 1, 1
0x23BC	0x0E00      	MOVLW       0
0x23BE	0x5B70      	SUBWFB      vfprintf_me_exp_L0+1, 1, 1
L_vfprintf_me78:
0x23C0	0x0100      	MOVLB       0
;cstdio.c, 476 :: 		integ = fval * scale( -exp );
0x23C2	0x516F      	MOVF        vfprintf_me_exp_L0, 0, 1
0x23C4	0x0800      	SUBLW       0
0x23C6	0x6F7E      	MOVWF       FARG_cstdio_scale_scl, 1
0x23C8	0xF009ECA4  	CALL        cstdio_scale, 0
0x23CC	0xF004C06B  	MOVFF       vfprintf_me_fval_L0, R4
0x23D0	0xF005C06C  	MOVFF       vfprintf_me_fval_L0+1, R4+1
0x23D4	0xF006C06D  	MOVFF       vfprintf_me_fval_L0+2, R4+2
0x23D8	0xF007C06E  	MOVFF       vfprintf_me_fval_L0+3, R4+3
0x23DC	0xF001EC45  	CALL        _Mul_32x32_FP, 0
0x23E0	0xF071C000  	MOVFF       R0, vfprintf_me__val_L0
0x23E4	0xF072C001  	MOVFF       R0+1, vfprintf_me__val_L0+1
0x23E8	0xF073C002  	MOVFF       R0+2, vfprintf_me__val_L0+2
0x23EC	0xF074C003  	MOVFF       R0+3, vfprintf_me__val_L0+3
;cstdio.c, 477 :: 		if ( integ < 1.0 )
0x23F0	0x0E00      	MOVLW       0
0x23F2	0x6E04      	MOVWF       R4 
0x23F4	0x0E00      	MOVLW       0
0x23F6	0x6E05      	MOVWF       R4+1 
0x23F8	0x0E00      	MOVLW       0
0x23FA	0x6E06      	MOVWF       R4+2 
0x23FC	0x0E7F      	MOVLW       127
0x23FE	0x6E07      	MOVWF       R4+3 
0x2400	0xF000C071  	MOVFF       vfprintf_me__val_L0, R0
0x2404	0xF001C072  	MOVFF       vfprintf_me__val_L0+1, R0+1
0x2408	0xF002C073  	MOVFF       vfprintf_me__val_L0+2, R0+2
0x240C	0xF003C074  	MOVFF       vfprintf_me__val_L0+3, R0+3
0x2410	0xF007EC03  	CALL        _Compare_Double, 0
0x2414	0x0E01      	MOVLW       1
0x2416	0xB0D8      	BTFSC       STATUS, 0 
0x2418	0x0E00      	MOVLW       0
0x241A	0x6E00      	MOVWF       R0 
0x241C	0x5200      	MOVF        R0, 1 
0x241E	0xE005      	BZ          L_vfprintf_me79
;cstdio.c, 478 :: 		exp--;
0x2420	0x0E01      	MOVLW       1
0x2422	0x5F6F      	SUBWF       vfprintf_me_exp_L0, 1, 1
0x2424	0x0E00      	MOVLW       0
0x2426	0x5B70      	SUBWFB      vfprintf_me_exp_L0+1, 1, 1
0x2428	0xD01A      	BRA         L_vfprintf_me80
L_vfprintf_me79:
;cstdio.c, 479 :: 		else if ( integ >= 10.0 )
0x242A	0x0E00      	MOVLW       0
0x242C	0x6E04      	MOVWF       R4 
0x242E	0x0E00      	MOVLW       0
0x2430	0x6E05      	MOVWF       R4+1 
0x2432	0x0E20      	MOVLW       32
0x2434	0x6E06      	MOVWF       R4+2 
0x2436	0x0E82      	MOVLW       130
0x2438	0x6E07      	MOVWF       R4+3 
0x243A	0xF000C071  	MOVFF       vfprintf_me__val_L0, R0
0x243E	0xF001C072  	MOVFF       vfprintf_me__val_L0+1, R0+1
0x2442	0xF002C073  	MOVFF       vfprintf_me__val_L0+2, R0+2
0x2446	0xF003C074  	MOVFF       vfprintf_me__val_L0+3, R0+3
0x244A	0xF007EC03  	CALL        _Compare_Double, 0
0x244E	0x0E00      	MOVLW       0
0x2450	0xB0D8      	BTFSC       STATUS, 0 
0x2452	0x0E01      	MOVLW       1
0x2454	0x6E00      	MOVWF       R0 
0x2456	0x5200      	MOVF        R0, 1 
0x2458	0xE002      	BZ          L_vfprintf_me81
;cstdio.c, 480 :: 		exp++;
0x245A	0x4B6F      	INFSNZ      vfprintf_me_exp_L0, 1, 1
0x245C	0x2B70      	INCF        vfprintf_me_exp_L0+1, 1, 1
L_vfprintf_me81:
L_vfprintf_me80:
;cstdio.c, 481 :: 		}
L_vfprintf_me77:
;cstdio.c, 483 :: 		if ( exp <= 0 )
0x245E	0x0E80      	MOVLW       128
0x2460	0x6E00      	MOVWF       R0 
0x2462	0x0E80      	MOVLW       128
0x2464	0x1970      	XORWF       vfprintf_me_exp_L0+1, 0, 1
0x2466	0x5C00      	SUBWF       R0, 0 
0x2468	0xE102      	BNZ         L__vfprintf_me367
0x246A	0x516F      	MOVF        vfprintf_me_exp_L0, 0, 1
0x246C	0x0800      	SUBLW       0
L__vfprintf_me367:
0x246E	0xE303      	BNC         L_vfprintf_me82
;cstdio.c, 484 :: 		c = 1;
0x2470	0x0E01      	MOVLW       1
0x2472	0x6F66      	MOVWF       vfprintf_me_c_L0, 1
0x2474	0xD002      	BRA         L_vfprintf_me83
L_vfprintf_me82:
;cstdio.c, 486 :: 		c = exp;
0x2476	0xF066C06F  	MOVFF       vfprintf_me_exp_L0, vfprintf_me_c_L0
L_vfprintf_me83:
;cstdio.c, 488 :: 		if ( flag & EFMT || flag & GFMT && ( exp < -4 || exp >= ( int )prec ) ) {
0x247A	0xB16A      	BTFSC       vfprintf_me_flag_L0+1, 0, 1
0x247C	0xD019      	BRA         L__vfprintf_me319
0x247E	0xA36A      	BTFSS       vfprintf_me_flag_L0+1, 1, 1
0x2480	0xD015      	BRA         L__vfprintf_me320
0x2482	0x0E80      	MOVLW       128
0x2484	0x1970      	XORWF       vfprintf_me_exp_L0+1, 0, 1
0x2486	0x6E00      	MOVWF       R0 
0x2488	0x0E7F      	MOVLW       127
0x248A	0x5C00      	SUBWF       R0, 0 
0x248C	0xE102      	BNZ         L__vfprintf_me368
0x248E	0x0EFC      	MOVLW       252
0x2490	0x5D6F      	SUBWF       vfprintf_me_exp_L0, 0, 1
L__vfprintf_me368:
0x2492	0xE30B      	BNC         L__vfprintf_me321
0x2494	0x0E80      	MOVLW       128
0x2496	0x1970      	XORWF       vfprintf_me_exp_L0+1, 0, 1
0x2498	0x6E00      	MOVWF       R0 
0x249A	0x0E80      	MOVLW       128
0x249C	0x1965      	XORWF       vfprintf_me_prec_L0+1, 0, 1
0x249E	0x5C00      	SUBWF       R0, 0 
0x24A0	0xE102      	BNZ         L__vfprintf_me369
0x24A2	0x5164      	MOVF        vfprintf_me_prec_L0, 0, 1
0x24A4	0x5D6F      	SUBWF       vfprintf_me_exp_L0, 0, 1
L__vfprintf_me369:
0x24A6	0xE201      	BC          L__vfprintf_me321
0x24A8	0xD001      	BRA         L__vfprintf_me320
L__vfprintf_me321:
0x24AA	0xD002      	BRA         L__vfprintf_me319
L__vfprintf_me320:
0x24AC	0xF016EF74  	GOTO        L_vfprintf_me90
L__vfprintf_me319:
;cstdio.c, 492 :: 		if ( prec && flag & GFMT )
0x24B0	0x5164      	MOVF        vfprintf_me_prec_L0, 0, 1
0x24B2	0x1165      	IORWF       vfprintf_me_prec_L0+1, 0, 1
0x24B4	0xE006      	BZ          L_vfprintf_me93
0x24B6	0xA36A      	BTFSS       vfprintf_me_flag_L0+1, 1, 1
0x24B8	0xD004      	BRA         L_vfprintf_me93
;cstdio.c, 494 :: 		* @note g format precision includes integer digit.
L__vfprintf_me318:
;cstdio.c, 496 :: 		prec--;
0x24BA	0x0E01      	MOVLW       1
0x24BC	0x5F64      	SUBWF       vfprintf_me_prec_L0, 1, 1
0x24BE	0x0E00      	MOVLW       0
0x24C0	0x5B65      	SUBWFB      vfprintf_me_prec_L0+1, 1, 1
L_vfprintf_me93:
;cstdio.c, 497 :: 		if ( ( unsigned )prec > NDDIG - 2 )
0x24C2	0x5165      	MOVF        vfprintf_me_prec_L0+1, 0, 1
0x24C4	0x0800      	SUBLW       0
0x24C6	0xE102      	BNZ         L__vfprintf_me370
0x24C8	0x5164      	MOVF        vfprintf_me_prec_L0, 0, 1
0x24CA	0x0808      	SUBLW       8
L__vfprintf_me370:
0x24CC	0xE203      	BC          L_vfprintf_me94
;cstdio.c, 498 :: 		c = NDDIG - 2;
0x24CE	0x0E08      	MOVLW       8
0x24D0	0x6F66      	MOVWF       vfprintf_me_c_L0, 1
0x24D2	0xD002      	BRA         L_vfprintf_me95
L_vfprintf_me94:
;cstdio.c, 500 :: 		c = prec;
0x24D4	0xF066C064  	MOVFF       vfprintf_me_prec_L0, vfprintf_me_c_L0
L_vfprintf_me95:
;cstdio.c, 502 :: 		if ( fval != 0 ) {
0x24D8	0xF000C06B  	MOVFF       vfprintf_me_fval_L0, R0
0x24DC	0xF001C06C  	MOVFF       vfprintf_me_fval_L0+1, R0+1
0x24E0	0xF002C06D  	MOVFF       vfprintf_me_fval_L0+2, R0+2
0x24E4	0xF003C06E  	MOVFF       vfprintf_me_fval_L0+3, R0+3
0x24E8	0x6A04      	CLRF        R4 
0x24EA	0x6A05      	CLRF        R4+1 
0x24EC	0x6A06      	CLRF        R4+2 
0x24EE	0x6A07      	CLRF        R4+3 
0x24F0	0xF006ECB8  	CALL        _Equals_Double, 0
0x24F4	0x0E00      	MOVLW       0
0x24F6	0xA4D8      	BTFSS       STATUS, 2 
0x24F8	0x0E01      	MOVLW       1
0x24FA	0x6E00      	MOVWF       R0 
0x24FC	0x5200      	MOVF        R0, 1 
0x24FE	0xB4D8      	BTFSC       STATUS, 2 
0x2500	0xD14B      	BRA         L_vfprintf_me96
;cstdio.c, 506 :: 		fval /= scale( exp );
0x2502	0xF07EC06F  	MOVFF       vfprintf_me_exp_L0, FARG_cstdio_scale_scl
0x2506	0xF009ECA4  	CALL        cstdio_scale, 0
0x250A	0xF004C000  	MOVFF       R0, R4
0x250E	0xF005C001  	MOVFF       R0+1, R4+1
0x2512	0xF006C002  	MOVFF       R0+2, R4+2
0x2516	0xF007C003  	MOVFF       R0+3, R4+3
0x251A	0xF000C06B  	MOVFF       vfprintf_me_fval_L0, R0
0x251E	0xF001C06C  	MOVFF       vfprintf_me_fval_L0+1, R0+1
0x2522	0xF002C06D  	MOVFF       vfprintf_me_fval_L0+2, R0+2
0x2526	0xF003C06E  	MOVFF       vfprintf_me_fval_L0+3, R0+3
0x252A	0xF008ECE6  	CALL        _Div_32x32_FP, 0
0x252E	0xF06BC000  	MOVFF       R0, vfprintf_me_fval_L0
0x2532	0xF06CC001  	MOVFF       R0+1, vfprintf_me_fval_L0+1
0x2536	0xF06DC002  	MOVFF       R0+2, vfprintf_me_fval_L0+2
0x253A	0xF06EC003  	MOVFF       R0+3, vfprintf_me_fval_L0+3
;cstdio.c, 507 :: 		fval /= scale( -c );
0x253E	0x0100      	MOVLB       0
0x2540	0x5166      	MOVF        vfprintf_me_c_L0, 0, 1
0x2542	0x0800      	SUBLW       0
0x2544	0x6F7E      	MOVWF       FARG_cstdio_scale_scl, 1
0x2546	0xF009ECA4  	CALL        cstdio_scale, 0
0x254A	0xF004C000  	MOVFF       R0, R4
0x254E	0xF005C001  	MOVFF       R0+1, R4+1
0x2552	0xF006C002  	MOVFF       R0+2, R4+2
0x2556	0xF007C003  	MOVFF       R0+3, R4+3
0x255A	0xF000C06B  	MOVFF       vfprintf_me_fval_L0, R0
0x255E	0xF001C06C  	MOVFF       vfprintf_me_fval_L0+1, R0+1
0x2562	0xF002C06D  	MOVFF       vfprintf_me_fval_L0+2, R0+2
0x2566	0xF003C06E  	MOVFF       vfprintf_me_fval_L0+3, R0+3
0x256A	0xF008ECE6  	CALL        _Div_32x32_FP, 0
0x256E	0xF078C000  	MOVFF       R0, FLOC__vfprintf_me
0x2572	0xF079C001  	MOVFF       R0+1, FLOC__vfprintf_me+1
0x2576	0xF07AC002  	MOVFF       R0+2, FLOC__vfprintf_me+2
0x257A	0xF07BC003  	MOVFF       R0+3, FLOC__vfprintf_me+3
0x257E	0xF06BC078  	MOVFF       FLOC__vfprintf_me, vfprintf_me_fval_L0
0x2582	0xF06CC079  	MOVFF       FLOC__vfprintf_me+1, vfprintf_me_fval_L0+1
0x2586	0xF06DC07A  	MOVFF       FLOC__vfprintf_me+2, vfprintf_me_fval_L0+2
0x258A	0xF06EC07B  	MOVFF       FLOC__vfprintf_me+3, vfprintf_me_fval_L0+3
;cstdio.c, 508 :: 		if ( fval - ( float )( unsigned long )fval >= 0.5 )
0x258E	0xF000C078  	MOVFF       FLOC__vfprintf_me, R0
0x2592	0xF001C079  	MOVFF       FLOC__vfprintf_me+1, R0+1
0x2596	0xF002C07A  	MOVFF       FLOC__vfprintf_me+2, R0+2
0x259A	0xF003C07B  	MOVFF       FLOC__vfprintf_me+3, R0+3
0x259E	0xF004EC84  	CALL        _double2longword, 0
0x25A2	0xF006EC99  	CALL        _longword2double, 0
0x25A6	0xF004C000  	MOVFF       R0, R4
0x25AA	0xF005C001  	MOVFF       R0+1, R4+1
0x25AE	0xF006C002  	MOVFF       R0+2, R4+2
0x25B2	0xF007C003  	MOVFF       R0+3, R4+3
0x25B6	0xF000C078  	MOVFF       FLOC__vfprintf_me, R0
0x25BA	0xF001C079  	MOVFF       FLOC__vfprintf_me+1, R0+1
0x25BE	0xF002C07A  	MOVFF       FLOC__vfprintf_me+2, R0+2
0x25C2	0xF003C07B  	MOVFF       FLOC__vfprintf_me+3, R0+3
0x25C6	0xF006EC95  	CALL        _Sub_32x32_FP, 0
0x25CA	0x0E00      	MOVLW       0
0x25CC	0x6E04      	MOVWF       R4 
0x25CE	0x0E00      	MOVLW       0
0x25D0	0x6E05      	MOVWF       R4+1 
0x25D2	0x0E00      	MOVLW       0
0x25D4	0x6E06      	MOVWF       R4+2 
0x25D6	0x0E7E      	MOVLW       126
0x25D8	0x6E07      	MOVWF       R4+3 
0x25DA	0xF007EC03  	CALL        _Compare_Double, 0
0x25DE	0x0E00      	MOVLW       0
0x25E0	0xB0D8      	BTFSC       STATUS, 0 
0x25E2	0x0E01      	MOVLW       1
0x25E4	0x6E00      	MOVWF       R0 
0x25E6	0x5200      	MOVF        R0, 1 
0x25E8	0xE01A      	BZ          L_vfprintf_me97
;cstdio.c, 509 :: 		fval += 0.5;
0x25EA	0xF000C06B  	MOVFF       vfprintf_me_fval_L0, R0
0x25EE	0xF001C06C  	MOVFF       vfprintf_me_fval_L0+1, R0+1
0x25F2	0xF002C06D  	MOVFF       vfprintf_me_fval_L0+2, R0+2
0x25F6	0xF003C06E  	MOVFF       vfprintf_me_fval_L0+3, R0+3
0x25FA	0x0E00      	MOVLW       0
0x25FC	0x6E04      	MOVWF       R4 
0x25FE	0x0E00      	MOVLW       0
0x2600	0x6E05      	MOVWF       R4+1 
0x2602	0x0E00      	MOVLW       0
0x2604	0x6E06      	MOVWF       R4+2 
0x2606	0x0E7E      	MOVLW       126
0x2608	0x6E07      	MOVWF       R4+3 
0x260A	0xF002EC62  	CALL        _Add_32x32_FP, 0
0x260E	0xF06BC000  	MOVFF       R0, vfprintf_me_fval_L0
0x2612	0xF06CC001  	MOVFF       R0+1, vfprintf_me_fval_L0+1
0x2616	0xF06DC002  	MOVFF       R0+2, vfprintf_me_fval_L0+2
0x261A	0xF06EC003  	MOVFF       R0+3, vfprintf_me_fval_L0+3
L_vfprintf_me97:
;cstdio.c, 510 :: 		if ( ( unsigned long )fval >= fdpowers[ c + 1 ] ) {
0x261E	0xF000C06B  	MOVFF       vfprintf_me_fval_L0, R0
0x2622	0xF001C06C  	MOVFF       vfprintf_me_fval_L0+1, R0+1
0x2626	0xF002C06D  	MOVFF       vfprintf_me_fval_L0+2, R0+2
0x262A	0xF003C06E  	MOVFF       vfprintf_me_fval_L0+3, R0+3
0x262E	0xF004EC84  	CALL        _double2longword, 0
0x2632	0x0100      	MOVLB       0
0x2634	0x5166      	MOVF        vfprintf_me_c_L0, 0, 1
0x2636	0x0F01      	ADDLW       1
0x2638	0x6E09      	MOVWF       R9 
0x263A	0x6A0A      	CLRF        R9+1 
0x263C	0x0E00      	MOVLW       0
0x263E	0x220A      	ADDWFC      R9+1, 1 
0x2640	0xF004C009  	MOVFF       R9, R4
0x2644	0xF005C00A  	MOVFF       R9+1, R4+1
0x2648	0x0E00      	MOVLW       0
0x264A	0xBE0A      	BTFSC       R9+1, 7 
0x264C	0x0EFF      	MOVLW       255
0x264E	0x6E06      	MOVWF       R4+2 
0x2650	0x6E07      	MOVWF       R4+3 
0x2652	0x3604      	RLCF        R4, 1 
0x2654	0x9004      	BCF         R4, 0 
0x2656	0x3605      	RLCF        R4+1, 1 
0x2658	0x3606      	RLCF        R4+2, 1 
0x265A	0x3607      	RLCF        R4+3, 1 
0x265C	0x3604      	RLCF        R4, 1 
0x265E	0x9004      	BCF         R4, 0 
0x2660	0x3605      	RLCF        R4+1, 1 
0x2662	0x3606      	RLCF        R4+2, 1 
0x2664	0x3607      	RLCF        R4+3, 1 
0x2666	0x0E75      	MOVLW       cstdio_dpowers
0x2668	0x2404      	ADDWF       R4, 0 
0x266A	0x6EF6      	MOVWF       TBLPTR 
0x266C	0x0E3F      	MOVLW       hi_addr(cstdio_dpowers)
0x266E	0x2005      	ADDWFC      R4+1, 0 
0x2670	0x6EF7      	MOVWF       TBLPTR+1 
0x2672	0x0E00      	MOVLW       higher_addr(cstdio_dpowers)
0x2674	0x2006      	ADDWFC      R4+2, 0 
0x2676	0x6EF8      	MOVWF       TBLPTR+2 
0x2678	0x0009      	TBLRD*+
0x267A	0xF005CFF5  	MOVFF       TABLAT, R5
0x267E	0x0009      	TBLRD*+
0x2680	0xF006CFF5  	MOVFF       TABLAT, R5+1
0x2684	0x0009      	TBLRD*+
0x2686	0xF007CFF5  	MOVFF       TABLAT, R5+2
0x268A	0x0009      	TBLRD*+
0x268C	0xF008CFF5  	MOVFF       TABLAT, R5+3
0x2690	0x5008      	MOVF        R5+3, 0 
0x2692	0x5C03      	SUBWF       R0+3, 0 
0x2694	0xE108      	BNZ         L__vfprintf_me371
0x2696	0x5007      	MOVF        R5+2, 0 
0x2698	0x5C02      	SUBWF       R0+2, 0 
0x269A	0xE105      	BNZ         L__vfprintf_me371
0x269C	0x5006      	MOVF        R5+1, 0 
0x269E	0x5C01      	SUBWF       R0+1, 0 
0x26A0	0xE102      	BNZ         L__vfprintf_me371
0x26A2	0x5005      	MOVF        R5, 0 
0x26A4	0x5C00      	SUBWF       R0, 0 
L__vfprintf_me371:
0x26A6	0xE31E      	BNC         L_vfprintf_me98
;cstdio.c, 511 :: 		fval *= 1e-1;
0x26A8	0x0100      	MOVLB       0
0x26AA	0xF000C06B  	MOVFF       vfprintf_me_fval_L0, R0
0x26AE	0xF001C06C  	MOVFF       vfprintf_me_fval_L0+1, R0+1
0x26B2	0xF002C06D  	MOVFF       vfprintf_me_fval_L0+2, R0+2
0x26B6	0xF003C06E  	MOVFF       vfprintf_me_fval_L0+3, R0+3
0x26BA	0x0ECD      	MOVLW       205
0x26BC	0x6E04      	MOVWF       R4 
0x26BE	0x0ECC      	MOVLW       204
0x26C0	0x6E05      	MOVWF       R4+1 
0x26C2	0x0E4C      	MOVLW       76
0x26C4	0x6E06      	MOVWF       R4+2 
0x26C6	0x0E7B      	MOVLW       123
0x26C8	0x6E07      	MOVWF       R4+3 
0x26CA	0xF001EC45  	CALL        _Mul_32x32_FP, 0
0x26CE	0xF06BC000  	MOVFF       R0, vfprintf_me_fval_L0
0x26D2	0xF06CC001  	MOVFF       R0+1, vfprintf_me_fval_L0+1
0x26D6	0xF06DC002  	MOVFF       R0+2, vfprintf_me_fval_L0+2
0x26DA	0xF06EC003  	MOVFF       R0+3, vfprintf_me_fval_L0+3
;cstdio.c, 512 :: 		exp++;
0x26DE	0x4B6F      	INFSNZ      vfprintf_me_exp_L0, 1, 1
0x26E0	0x2B70      	INCF        vfprintf_me_exp_L0+1, 1, 1
;cstdio.c, 513 :: 		} else if ( ( unsigned long )fval < fdpowers[ c ] ) {
0x26E2	0xD05A      	BRA         L_vfprintf_me99
L_vfprintf_me98:
0x26E4	0xF000C06B  	MOVFF       vfprintf_me_fval_L0, R0
0x26E8	0xF001C06C  	MOVFF       vfprintf_me_fval_L0+1, R0+1
0x26EC	0xF002C06D  	MOVFF       vfprintf_me_fval_L0+2, R0+2
0x26F0	0xF003C06E  	MOVFF       vfprintf_me_fval_L0+3, R0+3
0x26F4	0xF004EC84  	CALL        _double2longword, 0
0x26F8	0xF004C066  	MOVFF       vfprintf_me_c_L0, R4
0x26FC	0x0E00      	MOVLW       0
0x26FE	0x6E05      	MOVWF       R4+1 
0x2700	0x6E06      	MOVWF       R4+2 
0x2702	0x6E07      	MOVWF       R4+3 
0x2704	0x3604      	RLCF        R4, 1 
0x2706	0x9004      	BCF         R4, 0 
0x2708	0x3605      	RLCF        R4+1, 1 
0x270A	0x3606      	RLCF        R4+2, 1 
0x270C	0x3607      	RLCF        R4+3, 1 
0x270E	0x3604      	RLCF        R4, 1 
0x2710	0x9004      	BCF         R4, 0 
0x2712	0x3605      	RLCF        R4+1, 1 
0x2714	0x3606      	RLCF        R4+2, 1 
0x2716	0x3607      	RLCF        R4+3, 1 
0x2718	0x0E75      	MOVLW       cstdio_dpowers
0x271A	0x2404      	ADDWF       R4, 0 
0x271C	0x6EF6      	MOVWF       TBLPTR 
0x271E	0x0E3F      	MOVLW       hi_addr(cstdio_dpowers)
0x2720	0x2005      	ADDWFC      R4+1, 0 
0x2722	0x6EF7      	MOVWF       TBLPTR+1 
0x2724	0x0E00      	MOVLW       higher_addr(cstdio_dpowers)
0x2726	0x2006      	ADDWFC      R4+2, 0 
0x2728	0x6EF8      	MOVWF       TBLPTR+2 
0x272A	0x0009      	TBLRD*+
0x272C	0xF005CFF5  	MOVFF       TABLAT, R5
0x2730	0x0009      	TBLRD*+
0x2732	0xF006CFF5  	MOVFF       TABLAT, R5+1
0x2736	0x0009      	TBLRD*+
0x2738	0xF007CFF5  	MOVFF       TABLAT, R5+2
0x273C	0x0009      	TBLRD*+
0x273E	0xF008CFF5  	MOVFF       TABLAT, R5+3
0x2742	0x5008      	MOVF        R5+3, 0 
0x2744	0x5C03      	SUBWF       R0+3, 0 
0x2746	0xE108      	BNZ         L__vfprintf_me372
0x2748	0x5007      	MOVF        R5+2, 0 
0x274A	0x5C02      	SUBWF       R0+2, 0 
0x274C	0xE105      	BNZ         L__vfprintf_me372
0x274E	0x5006      	MOVF        R5+1, 0 
0x2750	0x5C01      	SUBWF       R0+1, 0 
0x2752	0xE102      	BNZ         L__vfprintf_me372
0x2754	0x5005      	MOVF        R5, 0 
0x2756	0x5C00      	SUBWF       R0, 0 
L__vfprintf_me372:
0x2758	0xE21F      	BC          L_vfprintf_me100
;cstdio.c, 514 :: 		fval *= 10.0;
0x275A	0x0100      	MOVLB       0
0x275C	0xF000C06B  	MOVFF       vfprintf_me_fval_L0, R0
0x2760	0xF001C06C  	MOVFF       vfprintf_me_fval_L0+1, R0+1
0x2764	0xF002C06D  	MOVFF       vfprintf_me_fval_L0+2, R0+2
0x2768	0xF003C06E  	MOVFF       vfprintf_me_fval_L0+3, R0+3
0x276C	0x0E00      	MOVLW       0
0x276E	0x6E04      	MOVWF       R4 
0x2770	0x0E00      	MOVLW       0
0x2772	0x6E05      	MOVWF       R4+1 
0x2774	0x0E20      	MOVLW       32
0x2776	0x6E06      	MOVWF       R4+2 
0x2778	0x0E82      	MOVLW       130
0x277A	0x6E07      	MOVWF       R4+3 
0x277C	0xF001EC45  	CALL        _Mul_32x32_FP, 0
0x2780	0xF06BC000  	MOVFF       R0, vfprintf_me_fval_L0
0x2784	0xF06CC001  	MOVFF       R0+1, vfprintf_me_fval_L0+1
0x2788	0xF06DC002  	MOVFF       R0+2, vfprintf_me_fval_L0+2
0x278C	0xF06EC003  	MOVFF       R0+3, vfprintf_me_fval_L0+3
;cstdio.c, 515 :: 		exp--;
0x2790	0x0E01      	MOVLW       1
0x2792	0x5F6F      	SUBWF       vfprintf_me_exp_L0, 1, 1
0x2794	0x0E00      	MOVLW       0
0x2796	0x5B70      	SUBWFB      vfprintf_me_exp_L0+1, 1, 1
;cstdio.c, 516 :: 		}
L_vfprintf_me100:
L_vfprintf_me99:
;cstdio.c, 517 :: 		}
L_vfprintf_me96:
0x2798	0x0100      	MOVLB       0
;cstdio.c, 519 :: 		if ( flag & GFMT && !( flag & ALTERN ) ) {
0x279A	0xA36A      	BTFSS       vfprintf_me_flag_L0+1, 1, 1
0x279C	0xD093      	BRA         L_vfprintf_me103
0x279E	0xB76A      	BTFSC       vfprintf_me_flag_L0+1, 3, 1
0x27A0	0xD091      	BRA         L_vfprintf_me103
L__vfprintf_me317:
;cstdio.c, 523 :: 		if ( prec > ( int )( NDDIG ) )
0x27A2	0x0E80      	MOVLW       128
0x27A4	0x0A00      	XORLW       0
0x27A6	0x6E00      	MOVWF       R0 
0x27A8	0x0E80      	MOVLW       128
0x27AA	0x1965      	XORWF       vfprintf_me_prec_L0+1, 0, 1
0x27AC	0x5C00      	SUBWF       R0, 0 
0x27AE	0xE102      	BNZ         L__vfprintf_me373
0x27B0	0x5164      	MOVF        vfprintf_me_prec_L0, 0, 1
0x27B2	0x080A      	SUBLW       10
L__vfprintf_me373:
0x27B4	0xE204      	BC          L_vfprintf_me104
;cstdio.c, 524 :: 		prec = NDDIG;
0x27B6	0x0E0A      	MOVLW       10
0x27B8	0x6F64      	MOVWF       vfprintf_me_prec_L0, 1
0x27BA	0x0E00      	MOVLW       0
0x27BC	0x6F65      	MOVWF       vfprintf_me_prec_L0+1, 1
L_vfprintf_me104:
;cstdio.c, 525 :: 		val = ( unsigned long )fval;
0x27BE	0xF000C06B  	MOVFF       vfprintf_me_fval_L0, R0
0x27C2	0xF001C06C  	MOVFF       vfprintf_me_fval_L0+1, R0+1
0x27C6	0xF002C06D  	MOVFF       vfprintf_me_fval_L0+2, R0+2
0x27CA	0xF003C06E  	MOVFF       vfprintf_me_fval_L0+3, R0+3
0x27CE	0xF004EC84  	CALL        _double2longword, 0
0x27D2	0xF071C000  	MOVFF       R0, vfprintf_me__val_L0
0x27D6	0xF072C001  	MOVFF       R0+1, vfprintf_me__val_L0+1
0x27DA	0xF073C002  	MOVFF       R0+2, vfprintf_me__val_L0+2
0x27DE	0xF074C003  	MOVFF       R0+3, vfprintf_me__val_L0+3
;cstdio.c, 526 :: 		while ( val && val % 10 == 0 ) {
L_vfprintf_me105:
0x27E2	0x5171      	MOVF        vfprintf_me__val_L0, 0, 1
0x27E4	0x1172      	IORWF       vfprintf_me__val_L0+1, 0, 1
0x27E6	0x1173      	IORWF       vfprintf_me__val_L0+2, 0, 1
0x27E8	0x1174      	IORWF       vfprintf_me__val_L0+3, 0, 1
0x27EA	0xE042      	BZ          L_vfprintf_me106
0x27EC	0x0E0A      	MOVLW       10
0x27EE	0x6E04      	MOVWF       R4 
0x27F0	0x0E00      	MOVLW       0
0x27F2	0x6E05      	MOVWF       R4+1 
0x27F4	0x6E06      	MOVWF       R4+2 
0x27F6	0x6E07      	MOVWF       R4+3 
0x27F8	0xF000C071  	MOVFF       vfprintf_me__val_L0, R0
0x27FC	0xF001C072  	MOVFF       vfprintf_me__val_L0+1, R0+1
0x2800	0xF002C073  	MOVFF       vfprintf_me__val_L0+2, R0+2
0x2804	0xF003C074  	MOVFF       vfprintf_me__val_L0+3, R0+3
0x2808	0xF005EC1F  	CALL        _Div_32x32_U, 0
0x280C	0xF000C008  	MOVFF       R8, R0
0x2810	0xF001C009  	MOVFF       R8+1, R0+1
0x2814	0xF002C00A  	MOVFF       R8+2, R0+2
0x2818	0xF003C00B  	MOVFF       R8+3, R0+3
0x281C	0x0E00      	MOVLW       0
0x281E	0x6E04      	MOVWF       R4 
0x2820	0x1803      	XORWF       R0+3, 0 
0x2822	0xE108      	BNZ         L__vfprintf_me374
0x2824	0x5004      	MOVF        R4, 0 
0x2826	0x1802      	XORWF       R0+2, 0 
0x2828	0xE105      	BNZ         L__vfprintf_me374
0x282A	0x5004      	MOVF        R4, 0 
0x282C	0x1801      	XORWF       R0+1, 0 
0x282E	0xE102      	BNZ         L__vfprintf_me374
0x2830	0x5000      	MOVF        R0, 0 
0x2832	0x0A00      	XORLW       0
L__vfprintf_me374:
0x2834	0xE11D      	BNZ         L_vfprintf_me106
L__vfprintf_me316:
;cstdio.c, 527 :: 		prec--;
0x2836	0x0E01      	MOVLW       1
0x2838	0x5F64      	SUBWF       vfprintf_me_prec_L0, 1, 1
0x283A	0x0E00      	MOVLW       0
0x283C	0x5B65      	SUBWFB      vfprintf_me_prec_L0+1, 1, 1
;cstdio.c, 528 :: 		val /= 10;
0x283E	0x0E0A      	MOVLW       10
0x2840	0x6E04      	MOVWF       R4 
0x2842	0x0E00      	MOVLW       0
0x2844	0x6E05      	MOVWF       R4+1 
0x2846	0x6E06      	MOVWF       R4+2 
0x2848	0x6E07      	MOVWF       R4+3 
0x284A	0xF000C071  	MOVFF       vfprintf_me__val_L0, R0
0x284E	0xF001C072  	MOVFF       vfprintf_me__val_L0+1, R0+1
0x2852	0xF002C073  	MOVFF       vfprintf_me__val_L0+2, R0+2
0x2856	0xF003C074  	MOVFF       vfprintf_me__val_L0+3, R0+3
0x285A	0xF005EC1F  	CALL        _Div_32x32_U, 0
0x285E	0xF071C000  	MOVFF       R0, vfprintf_me__val_L0
0x2862	0xF072C001  	MOVFF       R0+1, vfprintf_me__val_L0+1
0x2866	0xF073C002  	MOVFF       R0+2, vfprintf_me__val_L0+2
0x286A	0xF074C003  	MOVFF       R0+3, vfprintf_me__val_L0+3
;cstdio.c, 529 :: 		}
0x286E	0xD7B9      	BRA         L_vfprintf_me105
L_vfprintf_me106:
;cstdio.c, 530 :: 		if ( prec < c ) {
0x2870	0x0E80      	MOVLW       128
0x2872	0x1965      	XORWF       vfprintf_me_prec_L0+1, 0, 1
0x2874	0x6E00      	MOVWF       R0 
0x2876	0x0E80      	MOVLW       128
0x2878	0x5C00      	SUBWF       R0, 0 
0x287A	0xE102      	BNZ         L__vfprintf_me375
0x287C	0x5166      	MOVF        vfprintf_me_c_L0, 0, 1
0x287E	0x5D64      	SUBWF       vfprintf_me_prec_L0, 0, 1
L__vfprintf_me375:
0x2880	0xE221      	BC          L_vfprintf_me109
;cstdio.c, 531 :: 		fval /= scale( c - prec );
0x2882	0x5164      	MOVF        vfprintf_me_prec_L0, 0, 1
0x2884	0x5D66      	SUBWF       vfprintf_me_c_L0, 0, 1
0x2886	0x6F7E      	MOVWF       FARG_cstdio_scale_scl, 1
0x2888	0xF009ECA4  	CALL        cstdio_scale, 0
0x288C	0xF004C000  	MOVFF       R0, R4
0x2890	0xF005C001  	MOVFF       R0+1, R4+1
0x2894	0xF006C002  	MOVFF       R0+2, R4+2
0x2898	0xF007C003  	MOVFF       R0+3, R4+3
0x289C	0xF000C06B  	MOVFF       vfprintf_me_fval_L0, R0
0x28A0	0xF001C06C  	MOVFF       vfprintf_me_fval_L0+1, R0+1
0x28A4	0xF002C06D  	MOVFF       vfprintf_me_fval_L0+2, R0+2
0x28A8	0xF003C06E  	MOVFF       vfprintf_me_fval_L0+3, R0+3
0x28AC	0xF008ECE6  	CALL        _Div_32x32_FP, 0
0x28B0	0xF06BC000  	MOVFF       R0, vfprintf_me_fval_L0
0x28B4	0xF06CC001  	MOVFF       R0+1, vfprintf_me_fval_L0+1
0x28B8	0xF06DC002  	MOVFF       R0+2, vfprintf_me_fval_L0+2
0x28BC	0xF06EC003  	MOVFF       R0+3, vfprintf_me_fval_L0+3
;cstdio.c, 532 :: 		c = prec;
0x28C0	0xF066C064  	MOVFF       vfprintf_me_prec_L0, vfprintf_me_c_L0
;cstdio.c, 533 :: 		}
L_vfprintf_me109:
;cstdio.c, 534 :: 		}
L_vfprintf_me103:
;cstdio.c, 536 :: 		width -= prec + 5;
0x28C4	0x0E05      	MOVLW       5
0x28C6	0x0100      	MOVLB       0
0x28C8	0x2564      	ADDWF       vfprintf_me_prec_L0, 0, 1
0x28CA	0x6E00      	MOVWF       R0 
0x28CC	0x0E00      	MOVLW       0
0x28CE	0x2165      	ADDWFC      vfprintf_me_prec_L0+1, 0, 1
0x28D0	0x6E01      	MOVWF       R0+1 
0x28D2	0x5000      	MOVF        R0, 0 
0x28D4	0x5F67      	SUBWF       vfprintf_me_width_L0, 1, 1
0x28D6	0x5001      	MOVF        R0+1, 0 
0x28D8	0x5B68      	SUBWFB      vfprintf_me_width_L0+1, 1, 1
;cstdio.c, 537 :: 		if ( prec || flag & ALTERN )
0x28DA	0x5164      	MOVF        vfprintf_me_prec_L0, 0, 1
0x28DC	0x1165      	IORWF       vfprintf_me_prec_L0+1, 0, 1
0x28DE	0xE103      	BNZ         L__vfprintf_me315
0x28E0	0xB76A      	BTFSC       vfprintf_me_flag_L0+1, 3, 1
0x28E2	0xD001      	BRA         L__vfprintf_me315
0x28E4	0xD004      	BRA         L_vfprintf_me112
L__vfprintf_me315:
;cstdio.c, 538 :: 		width--;
0x28E6	0x0E01      	MOVLW       1
0x28E8	0x5F67      	SUBWF       vfprintf_me_width_L0, 1, 1
0x28EA	0x0E00      	MOVLW       0
0x28EC	0x5B68      	SUBWFB      vfprintf_me_width_L0+1, 1, 1
L_vfprintf_me112:
;cstdio.c, 540 :: 		if ( flag & ( MANSIGN | SPCSIGN ) )
0x28EE	0x0E03      	MOVLW       3
0x28F0	0x1569      	ANDWF       vfprintf_me_flag_L0, 0, 1
0x28F2	0x6E00      	MOVWF       R0 
0x28F4	0xF001C06A  	MOVFF       vfprintf_me_flag_L0+1, R0+1
0x28F8	0x0E00      	MOVLW       0
0x28FA	0x1601      	ANDWF       R0+1, 1 
0x28FC	0x5000      	MOVF        R0, 0 
0x28FE	0x1001      	IORWF       R0+1, 0 
0x2900	0xE004      	BZ          L_vfprintf_me113
;cstdio.c, 541 :: 		width--;
0x2902	0x0E01      	MOVLW       1
0x2904	0x5F67      	SUBWF       vfprintf_me_width_L0, 1, 1
0x2906	0x0E00      	MOVLW       0
0x2908	0x5B68      	SUBWFB      vfprintf_me_width_L0+1, 1, 1
L_vfprintf_me113:
;cstdio.c, 543 :: 		if ( flag & FILL ) {
0x290A	0xA569      	BTFSS       vfprintf_me_flag_L0, 2, 1
0x290C	0xD042      	BRA         L_vfprintf_me114
;cstdio.c, 544 :: 		if ( flag & MANSIGN )
0x290E	0xA369      	BTFSS       vfprintf_me_flag_L0, 1, 1
0x2910	0xD014      	BRA         L_vfprintf_me115
;cstdio.c, 545 :: 		stream( flag & SPCSIGN ? '-' : '+' );
0x2912	0xA169      	BTFSS       vfprintf_me_flag_L0, 0, 1
0x2914	0xD003      	BRA         L_vfprintf_me116
0x2916	0x0E2D      	MOVLW       45
0x2918	0x6E5C      	MOVWF       ??FLOC___vfprintf_meT378 
0x291A	0xD002      	BRA         L_vfprintf_me117
L_vfprintf_me116:
0x291C	0x0E2B      	MOVLW       43
0x291E	0x6E5C      	MOVWF       ??FLOC___vfprintf_meT378 
L_vfprintf_me117:
0x2920	0xFFE1C055  	MOVFF       FARG_vfprintf_me_stream+2, FSR1
0x2924	0xFFE2C056  	MOVFF       FARG_vfprintf_me_stream+3, FSR1+1
0x2928	0xFFE6C05C  	MOVFF       ??FLOC___vfprintf_meT378, POSTINC1
0x292C	0xF000C053  	MOVFF       FARG_vfprintf_me_stream, R0
0x2930	0xF001C054  	MOVFF       FARG_vfprintf_me_stream+1, R1
0x2934	0xF006ECF7  	CALL        _____DoIFC, 0
0x2938	0xD00F      	BRA         L_vfprintf_me118
L_vfprintf_me115:
;cstdio.c, 546 :: 		else if ( flag & SPCSIGN )
0x293A	0x0100      	MOVLB       0
0x293C	0xA169      	BTFSS       vfprintf_me_flag_L0, 0, 1
0x293E	0xD00C      	BRA         L_vfprintf_me119
;cstdio.c, 547 :: 		stream( ' ' );
0x2940	0xFFE1C055  	MOVFF       FARG_vfprintf_me_stream+2, FSR1
0x2944	0xFFE2C056  	MOVFF       FARG_vfprintf_me_stream+3, FSR1+1
0x2948	0x0E20      	MOVLW       32
0x294A	0x6EE6      	MOVWF       POSTINC1 
0x294C	0xF000C053  	MOVFF       FARG_vfprintf_me_stream, R0
0x2950	0xF001C054  	MOVFF       FARG_vfprintf_me_stream+1, R1
0x2954	0xF006ECF7  	CALL        _____DoIFC, 0
L_vfprintf_me119:
L_vfprintf_me118:
;cstdio.c, 548 :: 		while ( width > 0 ) {
L_vfprintf_me120:
0x2958	0x0E80      	MOVLW       128
0x295A	0x6E00      	MOVWF       R0 
0x295C	0x0E80      	MOVLW       128
0x295E	0x0100      	MOVLB       0
0x2960	0x1968      	XORWF       vfprintf_me_width_L0+1, 0, 1
0x2962	0x5C00      	SUBWF       R0, 0 
0x2964	0xE102      	BNZ         L__vfprintf_me376
0x2966	0x5167      	MOVF        vfprintf_me_width_L0, 0, 1
0x2968	0x0800      	SUBLW       0
L__vfprintf_me376:
0x296A	0xE212      	BC          L_vfprintf_me121
;cstdio.c, 549 :: 		stream( '0' );
0x296C	0xFFE1C055  	MOVFF       FARG_vfprintf_me_stream+2, FSR1
0x2970	0xFFE2C056  	MOVFF       FARG_vfprintf_me_stream+3, FSR1+1
0x2974	0x0E30      	MOVLW       48
0x2976	0x6EE6      	MOVWF       POSTINC1 
0x2978	0xF000C053  	MOVFF       FARG_vfprintf_me_stream, R0
0x297C	0xF001C054  	MOVFF       FARG_vfprintf_me_stream+1, R1
0x2980	0xF006ECF7  	CALL        _____DoIFC, 0
;cstdio.c, 550 :: 		width--;
0x2984	0x0E01      	MOVLW       1
0x2986	0x0100      	MOVLB       0
0x2988	0x5F67      	SUBWF       vfprintf_me_width_L0, 1, 1
0x298A	0x0E00      	MOVLW       0
0x298C	0x5B68      	SUBWFB      vfprintf_me_width_L0+1, 1, 1
;cstdio.c, 551 :: 		}
0x298E	0xD7E4      	BRA         L_vfprintf_me120
L_vfprintf_me121:
;cstdio.c, 552 :: 		} else {
0x2990	0xD042      	BRA         L_vfprintf_me122
L_vfprintf_me114:
;cstdio.c, 553 :: 		if ( !( flag & LEFT ) )
0x2992	0xB769      	BTFSC       vfprintf_me_flag_L0, 3, 1
0x2994	0xD01B      	BRA         L_vfprintf_me123
;cstdio.c, 554 :: 		while ( width > 0 ) {
L_vfprintf_me124:
0x2996	0x0E80      	MOVLW       128
0x2998	0x6E00      	MOVWF       R0 
0x299A	0x0E80      	MOVLW       128
0x299C	0x1968      	XORWF       vfprintf_me_width_L0+1, 0, 1
0x299E	0x5C00      	SUBWF       R0, 0 
0x29A0	0xE102      	BNZ         L__vfprintf_me377
0x29A2	0x5167      	MOVF        vfprintf_me_width_L0, 0, 1
0x29A4	0x0800      	SUBLW       0
L__vfprintf_me377:
0x29A6	0xE212      	BC          L_vfprintf_me125
;cstdio.c, 555 :: 		stream( ' ' );
0x29A8	0xFFE1C055  	MOVFF       FARG_vfprintf_me_stream+2, FSR1
0x29AC	0xFFE2C056  	MOVFF       FARG_vfprintf_me_stream+3, FSR1+1
0x29B0	0x0E20      	MOVLW       32
0x29B2	0x6EE6      	MOVWF       POSTINC1 
0x29B4	0xF000C053  	MOVFF       FARG_vfprintf_me_stream, R0
0x29B8	0xF001C054  	MOVFF       FARG_vfprintf_me_stream+1, R1
0x29BC	0xF006ECF7  	CALL        _____DoIFC, 0
;cstdio.c, 556 :: 		width--;
0x29C0	0x0E01      	MOVLW       1
0x29C2	0x0100      	MOVLB       0
0x29C4	0x5F67      	SUBWF       vfprintf_me_width_L0, 1, 1
0x29C6	0x0E00      	MOVLW       0
0x29C8	0x5B68      	SUBWFB      vfprintf_me_width_L0+1, 1, 1
;cstdio.c, 557 :: 		}
0x29CA	0xD7E5      	BRA         L_vfprintf_me124
L_vfprintf_me125:
L_vfprintf_me123:
;cstdio.c, 558 :: 		if ( flag & MANSIGN )
0x29CC	0xA369      	BTFSS       vfprintf_me_flag_L0, 1, 1
0x29CE	0xD014      	BRA         L_vfprintf_me126
;cstdio.c, 559 :: 		stream( flag & SPCSIGN ? '-' : '+' );
0x29D0	0xA169      	BTFSS       vfprintf_me_flag_L0, 0, 1
0x29D2	0xD003      	BRA         L_vfprintf_me127
0x29D4	0x0E2D      	MOVLW       45
0x29D6	0x6E5D      	MOVWF       ??FLOC___vfprintf_meT400 
0x29D8	0xD002      	BRA         L_vfprintf_me128
L_vfprintf_me127:
0x29DA	0x0E2B      	MOVLW       43
0x29DC	0x6E5D      	MOVWF       ??FLOC___vfprintf_meT400 
L_vfprintf_me128:
0x29DE	0xFFE1C055  	MOVFF       FARG_vfprintf_me_stream+2, FSR1
0x29E2	0xFFE2C056  	MOVFF       FARG_vfprintf_me_stream+3, FSR1+1
0x29E6	0xFFE6C05D  	MOVFF       ??FLOC___vfprintf_meT400, POSTINC1
0x29EA	0xF000C053  	MOVFF       FARG_vfprintf_me_stream, R0
0x29EE	0xF001C054  	MOVFF       FARG_vfprintf_me_stream+1, R1
0x29F2	0xF006ECF7  	CALL        _____DoIFC, 0
0x29F6	0xD00F      	BRA         L_vfprintf_me129
L_vfprintf_me126:
;cstdio.c, 560 :: 		else if ( flag & SPCSIGN )
0x29F8	0x0100      	MOVLB       0
0x29FA	0xA169      	BTFSS       vfprintf_me_flag_L0, 0, 1
0x29FC	0xD00C      	BRA         L_vfprintf_me130
;cstdio.c, 561 :: 		stream( ' ' );
0x29FE	0xFFE1C055  	MOVFF       FARG_vfprintf_me_stream+2, FSR1
0x2A02	0xFFE2C056  	MOVFF       FARG_vfprintf_me_stream+3, FSR1+1
0x2A06	0x0E20      	MOVLW       32
0x2A08	0x6EE6      	MOVWF       POSTINC1 
0x2A0A	0xF000C053  	MOVFF       FARG_vfprintf_me_stream, R0
0x2A0E	0xF001C054  	MOVFF       FARG_vfprintf_me_stream+1, R1
0x2A12	0xF006ECF7  	CALL        _____DoIFC, 0
L_vfprintf_me130:
L_vfprintf_me129:
;cstdio.c, 562 :: 		}
L_vfprintf_me122:
;cstdio.c, 564 :: 		val = ( unsigned long )fval;
0x2A16	0xF000C06B  	MOVFF       vfprintf_me_fval_L0, R0
0x2A1A	0xF001C06C  	MOVFF       vfprintf_me_fval_L0+1, R0+1
0x2A1E	0xF002C06D  	MOVFF       vfprintf_me_fval_L0+2, R0+2
0x2A22	0xF003C06E  	MOVFF       vfprintf_me_fval_L0+3, R0+3
0x2A26	0xF004EC84  	CALL        _double2longword, 0
0x2A2A	0xF071C000  	MOVFF       R0, vfprintf_me__val_L0
0x2A2E	0xF072C001  	MOVFF       R0+1, vfprintf_me__val_L0+1
0x2A32	0xF073C002  	MOVFF       R0+2, vfprintf_me__val_L0+2
0x2A36	0xF074C003  	MOVFF       R0+3, vfprintf_me__val_L0+3
;cstdio.c, 565 :: 		stream( val / fdpowers[ c ] + '0' );
0x2A3A	0xF000C066  	MOVFF       vfprintf_me_c_L0, R0
0x2A3E	0x0E00      	MOVLW       0
0x2A40	0x6E01      	MOVWF       R0+1 
0x2A42	0x6E02      	MOVWF       R0+2 
0x2A44	0x6E03      	MOVWF       R0+3 
0x2A46	0x3600      	RLCF        R0, 1 
0x2A48	0x9000      	BCF         R0, 0 
0x2A4A	0x3601      	RLCF        R0+1, 1 
0x2A4C	0x3602      	RLCF        R0+2, 1 
0x2A4E	0x3603      	RLCF        R0+3, 1 
0x2A50	0x3600      	RLCF        R0, 1 
0x2A52	0x9000      	BCF         R0, 0 
0x2A54	0x3601      	RLCF        R0+1, 1 
0x2A56	0x3602      	RLCF        R0+2, 1 
0x2A58	0x3603      	RLCF        R0+3, 1 
0x2A5A	0x0E75      	MOVLW       cstdio_dpowers
0x2A5C	0x2400      	ADDWF       R0, 0 
0x2A5E	0x6EF6      	MOVWF       TBLPTR 
0x2A60	0x0E3F      	MOVLW       hi_addr(cstdio_dpowers)
0x2A62	0x2001      	ADDWFC      R0+1, 0 
0x2A64	0x6EF7      	MOVWF       TBLPTR+1 
0x2A66	0x0E00      	MOVLW       higher_addr(cstdio_dpowers)
0x2A68	0x2002      	ADDWFC      R0+2, 0 
0x2A6A	0x6EF8      	MOVWF       TBLPTR+2 
0x2A6C	0x0009      	TBLRD*+
0x2A6E	0xF004CFF5  	MOVFF       TABLAT, R4
0x2A72	0x0009      	TBLRD*+
0x2A74	0xF005CFF5  	MOVFF       TABLAT, R4+1
0x2A78	0x0009      	TBLRD*+
0x2A7A	0xF006CFF5  	MOVFF       TABLAT, R4+2
0x2A7E	0x0009      	TBLRD*+
0x2A80	0xF007CFF5  	MOVFF       TABLAT, R4+3
0x2A84	0xF000C071  	MOVFF       vfprintf_me__val_L0, R0
0x2A88	0xF001C072  	MOVFF       vfprintf_me__val_L0+1, R0+1
0x2A8C	0xF002C073  	MOVFF       vfprintf_me__val_L0+2, R0+2
0x2A90	0xF003C074  	MOVFF       vfprintf_me__val_L0+3, R0+3
0x2A94	0xF005EC1F  	CALL        _Div_32x32_U, 0
0x2A98	0x0E30      	MOVLW       48
0x2A9A	0x2600      	ADDWF       R0, 1 
0x2A9C	0xFFE1C055  	MOVFF       FARG_vfprintf_me_stream+2, FSR1
0x2AA0	0xFFE2C056  	MOVFF       FARG_vfprintf_me_stream+3, FSR1+1
0x2AA4	0xFFE6C000  	MOVFF       R0, POSTINC1
0x2AA8	0xF000C053  	MOVFF       FARG_vfprintf_me_stream, R0
0x2AAC	0xF001C054  	MOVFF       FARG_vfprintf_me_stream+1, R1
0x2AB0	0xF006ECF7  	CALL        _____DoIFC, 0
;cstdio.c, 567 :: 		if ( prec || flag & ALTERN ) {
0x2AB4	0x0100      	MOVLB       0
0x2AB6	0x5164      	MOVF        vfprintf_me_prec_L0, 0, 1
0x2AB8	0x1165      	IORWF       vfprintf_me_prec_L0+1, 0, 1
0x2ABA	0xE103      	BNZ         L__vfprintf_me314
0x2ABC	0xB76A      	BTFSC       vfprintf_me_flag_L0+1, 3, 1
0x2ABE	0xD001      	BRA         L__vfprintf_me314
0x2AC0	0xD079      	BRA         L_vfprintf_me133
L__vfprintf_me314:
;cstdio.c, 568 :: 		stream( '.' );
0x2AC2	0xFFE1C055  	MOVFF       FARG_vfprintf_me_stream+2, FSR1
0x2AC6	0xFFE2C056  	MOVFF       FARG_vfprintf_me_stream+3, FSR1+1
0x2ACA	0x0E2E      	MOVLW       46
0x2ACC	0x6EE6      	MOVWF       POSTINC1 
0x2ACE	0xF000C053  	MOVFF       FARG_vfprintf_me_stream, R0
0x2AD2	0xF001C054  	MOVFF       FARG_vfprintf_me_stream+1, R1
0x2AD6	0xF006ECF7  	CALL        _____DoIFC, 0
;cstdio.c, 569 :: 		prec -= c;
0x2ADA	0x0100      	MOVLB       0
0x2ADC	0x5166      	MOVF        vfprintf_me_c_L0, 0, 1
0x2ADE	0x5F64      	SUBWF       vfprintf_me_prec_L0, 1, 1
0x2AE0	0x0E00      	MOVLW       0
0x2AE2	0x5B65      	SUBWFB      vfprintf_me_prec_L0+1, 1, 1
;cstdio.c, 570 :: 		while ( c ) {
L_vfprintf_me134:
0x2AE4	0x0100      	MOVLB       0
0x2AE6	0x5366      	MOVF        vfprintf_me_c_L0, 1, 1
0x2AE8	0xE04F      	BZ          L_vfprintf_me135
;cstdio.c, 571 :: 		stream( '0' + ( val / fdpowers[ --c ] ) % 10 );
0x2AEA	0x0766      	DECF        vfprintf_me_c_L0, 1, 1
0x2AEC	0xF000C066  	MOVFF       vfprintf_me_c_L0, R0
0x2AF0	0x0E00      	MOVLW       0
0x2AF2	0x6E01      	MOVWF       R0+1 
0x2AF4	0x6E02      	MOVWF       R0+2 
0x2AF6	0x6E03      	MOVWF       R0+3 
0x2AF8	0x3600      	RLCF        R0, 1 
0x2AFA	0x9000      	BCF         R0, 0 
0x2AFC	0x3601      	RLCF        R0+1, 1 
0x2AFE	0x3602      	RLCF        R0+2, 1 
0x2B00	0x3603      	RLCF        R0+3, 1 
0x2B02	0x3600      	RLCF        R0, 1 
0x2B04	0x9000      	BCF         R0, 0 
0x2B06	0x3601      	RLCF        R0+1, 1 
0x2B08	0x3602      	RLCF        R0+2, 1 
0x2B0A	0x3603      	RLCF        R0+3, 1 
0x2B0C	0x0E75      	MOVLW       cstdio_dpowers
0x2B0E	0x2400      	ADDWF       R0, 0 
0x2B10	0x6EF6      	MOVWF       TBLPTR 
0x2B12	0x0E3F      	MOVLW       hi_addr(cstdio_dpowers)
0x2B14	0x2001      	ADDWFC      R0+1, 0 
0x2B16	0x6EF7      	MOVWF       TBLPTR+1 
0x2B18	0x0E00      	MOVLW       higher_addr(cstdio_dpowers)
0x2B1A	0x2002      	ADDWFC      R0+2, 0 
0x2B1C	0x6EF8      	MOVWF       TBLPTR+2 
0x2B1E	0x0009      	TBLRD*+
0x2B20	0xF004CFF5  	MOVFF       TABLAT, R4
0x2B24	0x0009      	TBLRD*+
0x2B26	0xF005CFF5  	MOVFF       TABLAT, R4+1
0x2B2A	0x0009      	TBLRD*+
0x2B2C	0xF006CFF5  	MOVFF       TABLAT, R4+2
0x2B30	0x0009      	TBLRD*+
0x2B32	0xF007CFF5  	MOVFF       TABLAT, R4+3
0x2B36	0xF000C071  	MOVFF       vfprintf_me__val_L0, R0
0x2B3A	0xF001C072  	MOVFF       vfprintf_me__val_L0+1, R0+1
0x2B3E	0xF002C073  	MOVFF       vfprintf_me__val_L0+2, R0+2
0x2B42	0xF003C074  	MOVFF       vfprintf_me__val_L0+3, R0+3
0x2B46	0xF005EC1F  	CALL        _Div_32x32_U, 0
0x2B4A	0x0E0A      	MOVLW       10
0x2B4C	0x6E04      	MOVWF       R4 
0x2B4E	0x0E00      	MOVLW       0
0x2B50	0x6E05      	MOVWF       R4+1 
0x2B52	0x6E06      	MOVWF       R4+2 
0x2B54	0x6E07      	MOVWF       R4+3 
0x2B56	0xF005EC1F  	CALL        _Div_32x32_U, 0
0x2B5A	0xF000C008  	MOVFF       R8, R0
0x2B5E	0xF001C009  	MOVFF       R8+1, R0+1
0x2B62	0xF002C00A  	MOVFF       R8+2, R0+2
0x2B66	0xF003C00B  	MOVFF       R8+3, R0+3
0x2B6A	0x0E30      	MOVLW       48
0x2B6C	0x2600      	ADDWF       R0, 1 
0x2B6E	0xFFE1C055  	MOVFF       FARG_vfprintf_me_stream+2, FSR1
0x2B72	0xFFE2C056  	MOVFF       FARG_vfprintf_me_stream+3, FSR1+1
0x2B76	0xFFE6C000  	MOVFF       R0, POSTINC1
0x2B7A	0xF000C053  	MOVFF       FARG_vfprintf_me_stream, R0
0x2B7E	0xF001C054  	MOVFF       FARG_vfprintf_me_stream+1, R1
0x2B82	0xF006ECF7  	CALL        _____DoIFC, 0
;cstdio.c, 572 :: 		}
0x2B86	0xD7AE      	BRA         L_vfprintf_me134
L_vfprintf_me135:
;cstdio.c, 573 :: 		while ( prec ) {
L_vfprintf_me136:
0x2B88	0x0100      	MOVLB       0
0x2B8A	0x5164      	MOVF        vfprintf_me_prec_L0, 0, 1
0x2B8C	0x1165      	IORWF       vfprintf_me_prec_L0+1, 0, 1
0x2B8E	0xE012      	BZ          L_vfprintf_me137
;cstdio.c, 574 :: 		stream( '0' );
0x2B90	0xFFE1C055  	MOVFF       FARG_vfprintf_me_stream+2, FSR1
0x2B94	0xFFE2C056  	MOVFF       FARG_vfprintf_me_stream+3, FSR1+1
0x2B98	0x0E30      	MOVLW       48
0x2B9A	0x6EE6      	MOVWF       POSTINC1 
0x2B9C	0xF000C053  	MOVFF       FARG_vfprintf_me_stream, R0
0x2BA0	0xF001C054  	MOVFF       FARG_vfprintf_me_stream+1, R1
0x2BA4	0xF006ECF7  	CALL        _____DoIFC, 0
;cstdio.c, 575 :: 		prec--;
0x2BA8	0x0E01      	MOVLW       1
0x2BAA	0x0100      	MOVLB       0
0x2BAC	0x5F64      	SUBWF       vfprintf_me_prec_L0, 1, 1
0x2BAE	0x0E00      	MOVLW       0
0x2BB0	0x5B65      	SUBWFB      vfprintf_me_prec_L0+1, 1, 1
;cstdio.c, 576 :: 		}
0x2BB2	0xD7EA      	BRA         L_vfprintf_me136
L_vfprintf_me137:
;cstdio.c, 577 :: 		}
L_vfprintf_me133:
;cstdio.c, 579 :: 		if ( flag & UPCASE )
0x2BB4	0xAB69      	BTFSS       vfprintf_me_flag_L0, 5, 1
0x2BB6	0xD00D      	BRA         L_vfprintf_me138
;cstdio.c, 580 :: 		stream( 'E' );
0x2BB8	0xFFE1C055  	MOVFF       FARG_vfprintf_me_stream+2, FSR1
0x2BBC	0xFFE2C056  	MOVFF       FARG_vfprintf_me_stream+3, FSR1+1
0x2BC0	0x0E45      	MOVLW       69
0x2BC2	0x6EE6      	MOVWF       POSTINC1 
0x2BC4	0xF000C053  	MOVFF       FARG_vfprintf_me_stream, R0
0x2BC8	0xF001C054  	MOVFF       FARG_vfprintf_me_stream+1, R1
0x2BCC	0xF006ECF7  	CALL        _____DoIFC, 0
0x2BD0	0xD00C      	BRA         L_vfprintf_me139
L_vfprintf_me138:
;cstdio.c, 582 :: 		stream( 'e' );
0x2BD2	0xFFE1C055  	MOVFF       FARG_vfprintf_me_stream+2, FSR1
0x2BD6	0xFFE2C056  	MOVFF       FARG_vfprintf_me_stream+3, FSR1+1
0x2BDA	0x0E65      	MOVLW       101
0x2BDC	0x6EE6      	MOVWF       POSTINC1 
0x2BDE	0xF000C053  	MOVFF       FARG_vfprintf_me_stream, R0
0x2BE2	0xF001C054  	MOVFF       FARG_vfprintf_me_stream+1, R1
0x2BE6	0xF006ECF7  	CALL        _____DoIFC, 0
L_vfprintf_me139:
;cstdio.c, 584 :: 		if ( exp < 0 ) {
0x2BEA	0x0E80      	MOVLW       128
0x2BEC	0x0100      	MOVLB       0
0x2BEE	0x1970      	XORWF       vfprintf_me_exp_L0+1, 0, 1
0x2BF0	0x6E00      	MOVWF       R0 
0x2BF2	0x0E80      	MOVLW       128
0x2BF4	0x5C00      	SUBWF       R0, 0 
0x2BF6	0xE102      	BNZ         L__vfprintf_me378
0x2BF8	0x0E00      	MOVLW       0
0x2BFA	0x5D6F      	SUBWF       vfprintf_me_exp_L0, 0, 1
L__vfprintf_me378:
0x2BFC	0xE213      	BC          L_vfprintf_me140
;cstdio.c, 585 :: 		exp = -exp;
0x2BFE	0x516F      	MOVF        vfprintf_me_exp_L0, 0, 1
0x2C00	0x0800      	SUBLW       0
0x2C02	0x6F6F      	MOVWF       vfprintf_me_exp_L0, 1
0x2C04	0x5170      	MOVF        vfprintf_me_exp_L0+1, 0, 1
0x2C06	0x0E00      	MOVLW       0
0x2C08	0x5770      	SUBFWB      vfprintf_me_exp_L0+1, 1, 1
;cstdio.c, 586 :: 		stream( '-' );
0x2C0A	0xFFE1C055  	MOVFF       FARG_vfprintf_me_stream+2, FSR1
0x2C0E	0xFFE2C056  	MOVFF       FARG_vfprintf_me_stream+3, FSR1+1
0x2C12	0x0E2D      	MOVLW       45
0x2C14	0x6EE6      	MOVWF       POSTINC1 
0x2C16	0xF000C053  	MOVFF       FARG_vfprintf_me_stream, R0
0x2C1A	0xF001C054  	MOVFF       FARG_vfprintf_me_stream+1, R1
0x2C1E	0xF006ECF7  	CALL        _____DoIFC, 0
;cstdio.c, 587 :: 		} else
0x2C22	0xD00C      	BRA         L_vfprintf_me141
L_vfprintf_me140:
;cstdio.c, 588 :: 		stream( '+' );
0x2C24	0xFFE1C055  	MOVFF       FARG_vfprintf_me_stream+2, FSR1
0x2C28	0xFFE2C056  	MOVFF       FARG_vfprintf_me_stream+3, FSR1+1
0x2C2C	0x0E2B      	MOVLW       43
0x2C2E	0x6EE6      	MOVWF       POSTINC1 
0x2C30	0xF000C053  	MOVFF       FARG_vfprintf_me_stream, R0
0x2C34	0xF001C054  	MOVFF       FARG_vfprintf_me_stream+1, R1
0x2C38	0xF006ECF7  	CALL        _____DoIFC, 0
L_vfprintf_me141:
;cstdio.c, 590 :: 		stream( exp / 10 + '0' );
0x2C3C	0x0E0A      	MOVLW       10
0x2C3E	0x6E04      	MOVWF       R4 
0x2C40	0x0E00      	MOVLW       0
0x2C42	0x6E05      	MOVWF       R4+1 
0x2C44	0xF000C06F  	MOVFF       vfprintf_me_exp_L0, R0
0x2C48	0xF001C070  	MOVFF       vfprintf_me_exp_L0+1, R0+1
0x2C4C	0xF00CEC82  	CALL        _Div_16x16_S, 0
0x2C50	0x0E30      	MOVLW       48
0x2C52	0x2600      	ADDWF       R0, 1 
0x2C54	0xFFE1C055  	MOVFF       FARG_vfprintf_me_stream+2, FSR1
0x2C58	0xFFE2C056  	MOVFF       FARG_vfprintf_me_stream+3, FSR1+1
0x2C5C	0xFFE6C000  	MOVFF       R0, POSTINC1
0x2C60	0xF000C053  	MOVFF       FARG_vfprintf_me_stream, R0
0x2C64	0xF001C054  	MOVFF       FARG_vfprintf_me_stream+1, R1
0x2C68	0xF006ECF7  	CALL        _____DoIFC, 0
;cstdio.c, 591 :: 		stream( exp % 10 + '0' );
0x2C6C	0x0E0A      	MOVLW       10
0x2C6E	0x6E04      	MOVWF       R4 
0x2C70	0x0E00      	MOVLW       0
0x2C72	0x6E05      	MOVWF       R4+1 
0x2C74	0xF000C06F  	MOVFF       vfprintf_me_exp_L0, R0
0x2C78	0xF001C070  	MOVFF       vfprintf_me_exp_L0+1, R0+1
0x2C7C	0xF00CEC82  	CALL        _Div_16x16_S, 0
0x2C80	0xF000C008  	MOVFF       R8, R0
0x2C84	0xF001C009  	MOVFF       R8+1, R0+1
0x2C88	0x0E30      	MOVLW       48
0x2C8A	0x2600      	ADDWF       R0, 1 
0x2C8C	0xFFE1C055  	MOVFF       FARG_vfprintf_me_stream+2, FSR1
0x2C90	0xFFE2C056  	MOVFF       FARG_vfprintf_me_stream+3, FSR1+1
0x2C94	0xFFE6C000  	MOVFF       R0, POSTINC1
0x2C98	0xF000C053  	MOVFF       FARG_vfprintf_me_stream, R0
0x2C9C	0xF001C054  	MOVFF       FARG_vfprintf_me_stream+1, R1
0x2CA0	0xF006ECF7  	CALL        _____DoIFC, 0
;cstdio.c, 593 :: 		if ( ( flag & LEFT ) && width > 0 )
0x2CA4	0x0100      	MOVLB       0
0x2CA6	0xA769      	BTFSS       vfprintf_me_flag_L0, 3, 1
0x2CA8	0xD01D      	BRA         L_vfprintf_me144
0x2CAA	0x0E80      	MOVLW       128
0x2CAC	0x6E00      	MOVWF       R0 
0x2CAE	0x0E80      	MOVLW       128
0x2CB0	0x1968      	XORWF       vfprintf_me_width_L0+1, 0, 1
0x2CB2	0x5C00      	SUBWF       R0, 0 
0x2CB4	0xE102      	BNZ         L__vfprintf_me379
0x2CB6	0x5167      	MOVF        vfprintf_me_width_L0, 0, 1
0x2CB8	0x0800      	SUBLW       0
L__vfprintf_me379:
0x2CBA	0xE214      	BC          L_vfprintf_me144
L__vfprintf_me313:
;cstdio.c, 594 :: 		do
L_vfprintf_me145:
;cstdio.c, 595 :: 		stream( ' ' );
0x2CBC	0xFFE1C055  	MOVFF       FARG_vfprintf_me_stream+2, FSR1
0x2CC0	0xFFE2C056  	MOVFF       FARG_vfprintf_me_stream+3, FSR1+1
0x2CC4	0x0E20      	MOVLW       32
0x2CC6	0x6EE6      	MOVWF       POSTINC1 
0x2CC8	0xF000C053  	MOVFF       FARG_vfprintf_me_stream, R0
0x2CCC	0xF001C054  	MOVFF       FARG_vfprintf_me_stream+1, R1
0x2CD0	0xF006ECF7  	CALL        _____DoIFC, 0
;cstdio.c, 596 :: 		while ( --width );
0x2CD4	0x0E01      	MOVLW       1
0x2CD6	0x0100      	MOVLB       0
0x2CD8	0x5F67      	SUBWF       vfprintf_me_width_L0, 1, 1
0x2CDA	0x0E00      	MOVLW       0
0x2CDC	0x5B68      	SUBWFB      vfprintf_me_width_L0+1, 1, 1
0x2CDE	0x5167      	MOVF        vfprintf_me_width_L0, 0, 1
0x2CE0	0x1168      	IORWF       vfprintf_me_width_L0+1, 0, 1
0x2CE2	0xE1EC      	BNZ         L_vfprintf_me145
L_vfprintf_me144:
;cstdio.c, 597 :: 		continue;
0x2CE4	0xF00DEF84  	GOTO        L_vfprintf_me12
;cstdio.c, 598 :: 		}
L_vfprintf_me90:
;cstdio.c, 600 :: 		if ( flag & GFMT ) {
0x2CE8	0xA36A      	BTFSS       vfprintf_me_flag_L0+1, 1, 1
0x2CEA	0xD0F3      	BRA         L_vfprintf_me148
;cstdio.c, 601 :: 		if ( exp < 0 )
0x2CEC	0x0E80      	MOVLW       128
0x2CEE	0x1970      	XORWF       vfprintf_me_exp_L0+1, 0, 1
0x2CF0	0x6E00      	MOVWF       R0 
0x2CF2	0x0E80      	MOVLW       128
0x2CF4	0x5C00      	SUBWF       R0, 0 
0x2CF6	0xE102      	BNZ         L__vfprintf_me380
0x2CF8	0x0E00      	MOVLW       0
0x2CFA	0x5D6F      	SUBWF       vfprintf_me_exp_L0, 0, 1
L__vfprintf_me380:
0x2CFC	0xE20A      	BC          L_vfprintf_me149
;cstdio.c, 602 :: 		prec -= exp - 1;
0x2CFE	0x0E01      	MOVLW       1
0x2D00	0x5D6F      	SUBWF       vfprintf_me_exp_L0, 0, 1
0x2D02	0x6E00      	MOVWF       R0 
0x2D04	0x0E00      	MOVLW       0
0x2D06	0x5970      	SUBWFB      vfprintf_me_exp_L0+1, 0, 1
0x2D08	0x6E01      	MOVWF       R0+1 
0x2D0A	0x5000      	MOVF        R0, 0 
0x2D0C	0x5F64      	SUBWF       vfprintf_me_prec_L0, 1, 1
0x2D0E	0x5001      	MOVF        R0+1, 0 
0x2D10	0x5B65      	SUBWFB      vfprintf_me_prec_L0+1, 1, 1
L_vfprintf_me149:
;cstdio.c, 603 :: 		val = ( unsigned long )fval;
0x2D12	0xF000C06B  	MOVFF       vfprintf_me_fval_L0, R0
0x2D16	0xF001C06C  	MOVFF       vfprintf_me_fval_L0+1, R0+1
0x2D1A	0xF002C06D  	MOVFF       vfprintf_me_fval_L0+2, R0+2
0x2D1E	0xF003C06E  	MOVFF       vfprintf_me_fval_L0+3, R0+3
0x2D22	0xF004EC84  	CALL        _double2longword, 0
0x2D26	0xF071C000  	MOVFF       R0, vfprintf_me__val_L0
0x2D2A	0xF072C001  	MOVFF       R0+1, vfprintf_me__val_L0+1
0x2D2E	0xF073C002  	MOVFF       R0+2, vfprintf_me__val_L0+2
0x2D32	0xF074C003  	MOVFF       R0+3, vfprintf_me__val_L0+3
;cstdio.c, 604 :: 		for ( c = 1; c != NDDIG; c++ )
0x2D36	0x0E01      	MOVLW       1
0x2D38	0x6F66      	MOVWF       vfprintf_me_c_L0, 1
L_vfprintf_me150:
0x2D3A	0x5166      	MOVF        vfprintf_me_c_L0, 0, 1
0x2D3C	0x0A0A      	XORLW       10
0x2D3E	0xE034      	BZ          L_vfprintf_me151
;cstdio.c, 605 :: 		if ( val < fdpowers[ c ] )
0x2D40	0xF000C066  	MOVFF       vfprintf_me_c_L0, R0
0x2D44	0x0E00      	MOVLW       0
0x2D46	0x6E01      	MOVWF       R0+1 
0x2D48	0x6E02      	MOVWF       R0+2 
0x2D4A	0x6E03      	MOVWF       R0+3 
0x2D4C	0x3600      	RLCF        R0, 1 
0x2D4E	0x9000      	BCF         R0, 0 
0x2D50	0x3601      	RLCF        R0+1, 1 
0x2D52	0x3602      	RLCF        R0+2, 1 
0x2D54	0x3603      	RLCF        R0+3, 1 
0x2D56	0x3600      	RLCF        R0, 1 
0x2D58	0x9000      	BCF         R0, 0 
0x2D5A	0x3601      	RLCF        R0+1, 1 
0x2D5C	0x3602      	RLCF        R0+2, 1 
0x2D5E	0x3603      	RLCF        R0+3, 1 
0x2D60	0x0E75      	MOVLW       cstdio_dpowers
0x2D62	0x2400      	ADDWF       R0, 0 
0x2D64	0x6EF6      	MOVWF       TBLPTR 
0x2D66	0x0E3F      	MOVLW       hi_addr(cstdio_dpowers)
0x2D68	0x2001      	ADDWFC      R0+1, 0 
0x2D6A	0x6EF7      	MOVWF       TBLPTR+1 
0x2D6C	0x0E00      	MOVLW       higher_addr(cstdio_dpowers)
0x2D6E	0x2002      	ADDWFC      R0+2, 0 
0x2D70	0x6EF8      	MOVWF       TBLPTR+2 
0x2D72	0x0009      	TBLRD*+
0x2D74	0xF001CFF5  	MOVFF       TABLAT, R1
0x2D78	0x0009      	TBLRD*+
0x2D7A	0xF002CFF5  	MOVFF       TABLAT, R1+1
0x2D7E	0x0009      	TBLRD*+
0x2D80	0xF003CFF5  	MOVFF       TABLAT, R1+2
0x2D84	0x0009      	TBLRD*+
0x2D86	0xF004CFF5  	MOVFF       TABLAT, R1+3
0x2D8A	0x5004      	MOVF        R1+3, 0 
0x2D8C	0x5D74      	SUBWF       vfprintf_me__val_L0+3, 0, 1
0x2D8E	0xE108      	BNZ         L__vfprintf_me381
0x2D90	0x5003      	MOVF        R1+2, 0 
0x2D92	0x5D73      	SUBWF       vfprintf_me__val_L0+2, 0, 1
0x2D94	0xE105      	BNZ         L__vfprintf_me381
0x2D96	0x5002      	MOVF        R1+1, 0 
0x2D98	0x5D72      	SUBWF       vfprintf_me__val_L0+1, 0, 1
0x2D9A	0xE102      	BNZ         L__vfprintf_me381
0x2D9C	0x5001      	MOVF        R1, 0 
0x2D9E	0x5D71      	SUBWF       vfprintf_me__val_L0, 0, 1
L__vfprintf_me381:
0x2DA0	0xE201      	BC          L_vfprintf_me153
;cstdio.c, 606 :: 		break;
0x2DA2	0xD002      	BRA         L_vfprintf_me151
L_vfprintf_me153:
;cstdio.c, 604 :: 		for ( c = 1; c != NDDIG; c++ )
0x2DA4	0x2B66      	INCF        vfprintf_me_c_L0, 1, 1
;cstdio.c, 606 :: 		break;
0x2DA6	0xD7C9      	BRA         L_vfprintf_me150
L_vfprintf_me151:
;cstdio.c, 607 :: 		prec -= c;
0x2DA8	0x5166      	MOVF        vfprintf_me_c_L0, 0, 1
0x2DAA	0x5D64      	SUBWF       vfprintf_me_prec_L0, 0, 1
0x2DAC	0x6F7C      	MOVWF       FLOC__vfprintf_me+4, 1
0x2DAE	0x0E00      	MOVLW       0
0x2DB0	0x5965      	SUBWFB      vfprintf_me_prec_L0+1, 0, 1
0x2DB2	0x6F7D      	MOVWF       FLOC__vfprintf_me+5, 1
0x2DB4	0xF064C07C  	MOVFF       FLOC__vfprintf_me+4, vfprintf_me_prec_L0
0x2DB8	0xF065C07D  	MOVFF       FLOC__vfprintf_me+5, vfprintf_me_prec_L0+1
;cstdio.c, 608 :: 		val = ( unsigned long )( ( fval - ( float )val ) * scale( prec ) + 0.5 );
0x2DBC	0xF000C071  	MOVFF       vfprintf_me__val_L0, R0
0x2DC0	0xF001C072  	MOVFF       vfprintf_me__val_L0+1, R0+1
0x2DC4	0xF002C073  	MOVFF       vfprintf_me__val_L0+2, R0+2
0x2DC8	0xF003C074  	MOVFF       vfprintf_me__val_L0+3, R0+3
0x2DCC	0xF006EC99  	CALL        _longword2double, 0
0x2DD0	0xF004C000  	MOVFF       R0, R4
0x2DD4	0xF005C001  	MOVFF       R0+1, R4+1
0x2DD8	0xF006C002  	MOVFF       R0+2, R4+2
0x2DDC	0xF007C003  	MOVFF       R0+3, R4+3
0x2DE0	0xF000C06B  	MOVFF       vfprintf_me_fval_L0, R0
0x2DE4	0xF001C06C  	MOVFF       vfprintf_me_fval_L0+1, R0+1
0x2DE8	0xF002C06D  	MOVFF       vfprintf_me_fval_L0+2, R0+2
0x2DEC	0xF003C06E  	MOVFF       vfprintf_me_fval_L0+3, R0+3
0x2DF0	0xF006EC95  	CALL        _Sub_32x32_FP, 0
0x2DF4	0xF078C000  	MOVFF       R0, FLOC__vfprintf_me
0x2DF8	0xF079C001  	MOVFF       R0+1, FLOC__vfprintf_me+1
0x2DFC	0xF07AC002  	MOVFF       R0+2, FLOC__vfprintf_me+2
0x2E00	0xF07BC003  	MOVFF       R0+3, FLOC__vfprintf_me+3
0x2E04	0xF07EC07C  	MOVFF       FLOC__vfprintf_me+4, FARG_cstdio_scale_scl
0x2E08	0xF009ECA4  	CALL        cstdio_scale, 0
0x2E0C	0xF004C078  	MOVFF       FLOC__vfprintf_me, R4
0x2E10	0xF005C079  	MOVFF       FLOC__vfprintf_me+1, R4+1
0x2E14	0xF006C07A  	MOVFF       FLOC__vfprintf_me+2, R4+2
0x2E18	0xF007C07B  	MOVFF       FLOC__vfprintf_me+3, R4+3
0x2E1C	0xF001EC45  	CALL        _Mul_32x32_FP, 0
0x2E20	0x0E00      	MOVLW       0
0x2E22	0x6E04      	MOVWF       R4 
0x2E24	0x0E00      	MOVLW       0
0x2E26	0x6E05      	MOVWF       R4+1 
0x2E28	0x0E00      	MOVLW       0
0x2E2A	0x6E06      	MOVWF       R4+2 
0x2E2C	0x0E7E      	MOVLW       126
0x2E2E	0x6E07      	MOVWF       R4+3 
0x2E30	0xF002EC62  	CALL        _Add_32x32_FP, 0
0x2E34	0xF004EC84  	CALL        _double2longword, 0
0x2E38	0xF071C000  	MOVFF       R0, vfprintf_me__val_L0
0x2E3C	0xF072C001  	MOVFF       R0+1, vfprintf_me__val_L0+1
0x2E40	0xF073C002  	MOVFF       R0+2, vfprintf_me__val_L0+2
0x2E44	0xF074C003  	MOVFF       R0+3, vfprintf_me__val_L0+3
;cstdio.c, 609 :: 		while ( prec && val % 10 == 0 ) {
L_vfprintf_me154:
0x2E48	0x5164      	MOVF        vfprintf_me_prec_L0, 0, 1
0x2E4A	0x1165      	IORWF       vfprintf_me_prec_L0+1, 0, 1
0x2E4C	0xE042      	BZ          L_vfprintf_me155
0x2E4E	0x0E0A      	MOVLW       10
0x2E50	0x6E04      	MOVWF       R4 
0x2E52	0x0E00      	MOVLW       0
0x2E54	0x6E05      	MOVWF       R4+1 
0x2E56	0x6E06      	MOVWF       R4+2 
0x2E58	0x6E07      	MOVWF       R4+3 
0x2E5A	0xF000C071  	MOVFF       vfprintf_me__val_L0, R0
0x2E5E	0xF001C072  	MOVFF       vfprintf_me__val_L0+1, R0+1
0x2E62	0xF002C073  	MOVFF       vfprintf_me__val_L0+2, R0+2
0x2E66	0xF003C074  	MOVFF       vfprintf_me__val_L0+3, R0+3
0x2E6A	0xF005EC1F  	CALL        _Div_32x32_U, 0
0x2E6E	0xF000C008  	MOVFF       R8, R0
0x2E72	0xF001C009  	MOVFF       R8+1, R0+1
0x2E76	0xF002C00A  	MOVFF       R8+2, R0+2
0x2E7A	0xF003C00B  	MOVFF       R8+3, R0+3
0x2E7E	0x0E00      	MOVLW       0
0x2E80	0x6E04      	MOVWF       R4 
0x2E82	0x1803      	XORWF       R0+3, 0 
0x2E84	0xE108      	BNZ         L__vfprintf_me382
0x2E86	0x5004      	MOVF        R4, 0 
0x2E88	0x1802      	XORWF       R0+2, 0 
0x2E8A	0xE105      	BNZ         L__vfprintf_me382
0x2E8C	0x5004      	MOVF        R4, 0 
0x2E8E	0x1801      	XORWF       R0+1, 0 
0x2E90	0xE102      	BNZ         L__vfprintf_me382
0x2E92	0x5000      	MOVF        R0, 0 
0x2E94	0x0A00      	XORLW       0
L__vfprintf_me382:
0x2E96	0xE11D      	BNZ         L_vfprintf_me155
L__vfprintf_me312:
;cstdio.c, 610 :: 		val /= 10;
0x2E98	0x0E0A      	MOVLW       10
0x2E9A	0x6E04      	MOVWF       R4 
0x2E9C	0x0E00      	MOVLW       0
0x2E9E	0x6E05      	MOVWF       R4+1 
0x2EA0	0x6E06      	MOVWF       R4+2 
0x2EA2	0x6E07      	MOVWF       R4+3 
0x2EA4	0xF000C071  	MOVFF       vfprintf_me__val_L0, R0
0x2EA8	0xF001C072  	MOVFF       vfprintf_me__val_L0+1, R0+1
0x2EAC	0xF002C073  	MOVFF       vfprintf_me__val_L0+2, R0+2
0x2EB0	0xF003C074  	MOVFF       vfprintf_me__val_L0+3, R0+3
0x2EB4	0xF005EC1F  	CALL        _Div_32x32_U, 0
0x2EB8	0xF071C000  	MOVFF       R0, vfprintf_me__val_L0
0x2EBC	0xF072C001  	MOVFF       R0+1, vfprintf_me__val_L0+1
0x2EC0	0xF073C002  	MOVFF       R0+2, vfprintf_me__val_L0+2
0x2EC4	0xF074C003  	MOVFF       R0+3, vfprintf_me__val_L0+3
;cstdio.c, 611 :: 		prec--;
0x2EC8	0x0E01      	MOVLW       1
0x2ECA	0x5F64      	SUBWF       vfprintf_me_prec_L0, 1, 1
0x2ECC	0x0E00      	MOVLW       0
0x2ECE	0x5B65      	SUBWFB      vfprintf_me_prec_L0+1, 1, 1
;cstdio.c, 612 :: 		}
0x2ED0	0xD7BB      	BRA         L_vfprintf_me154
L_vfprintf_me155:
;cstdio.c, 613 :: 		}
L_vfprintf_me148:
;cstdio.c, 615 :: 		if ( prec <= NDIG )
0x2ED2	0x0E80      	MOVLW       128
0x2ED4	0x6E00      	MOVWF       R0 
0x2ED6	0x0E80      	MOVLW       128
0x2ED8	0x1965      	XORWF       vfprintf_me_prec_L0+1, 0, 1
0x2EDA	0x5C00      	SUBWF       R0, 0 
0x2EDC	0xE102      	BNZ         L__vfprintf_me383
0x2EDE	0x5164      	MOVF        vfprintf_me_prec_L0, 0, 1
0x2EE0	0x080C      	SUBLW       12
L__vfprintf_me383:
0x2EE2	0xE316      	BNC         L_vfprintf_me158
;cstdio.c, 616 :: 		fval += fround( prec );
0x2EE4	0xF07EC064  	MOVFF       vfprintf_me_prec_L0, FARG_cstdio_fround_prec
0x2EE8	0xF007EC6A  	CALL        cstdio_fround, 0
0x2EEC	0xF004C06B  	MOVFF       vfprintf_me_fval_L0, R4
0x2EF0	0xF005C06C  	MOVFF       vfprintf_me_fval_L0+1, R4+1
0x2EF4	0xF006C06D  	MOVFF       vfprintf_me_fval_L0+2, R4+2
0x2EF8	0xF007C06E  	MOVFF       vfprintf_me_fval_L0+3, R4+3
0x2EFC	0xF002EC62  	CALL        _Add_32x32_FP, 0
0x2F00	0xF06BC000  	MOVFF       R0, vfprintf_me_fval_L0
0x2F04	0xF06CC001  	MOVFF       R0+1, vfprintf_me_fval_L0+1
0x2F08	0xF06DC002  	MOVFF       R0+2, vfprintf_me_fval_L0+2
0x2F0C	0xF06EC003  	MOVFF       R0+3, vfprintf_me_fval_L0+3
;cstdio.c, 619 :: 		* @note ~4.2e9 is the largest float that will with into a 32-bit long.
L_vfprintf_me158:
;cstdio.c, 621 :: 		if ( fval != 0 && ( unsigned long )fval == 0 && exp > 1 ) {
0x2F10	0xF000C06B  	MOVFF       vfprintf_me_fval_L0, R0
0x2F14	0xF001C06C  	MOVFF       vfprintf_me_fval_L0+1, R0+1
0x2F18	0xF002C06D  	MOVFF       vfprintf_me_fval_L0+2, R0+2
0x2F1C	0xF003C06E  	MOVFF       vfprintf_me_fval_L0+3, R0+3
0x2F20	0x6A04      	CLRF        R4 
0x2F22	0x6A05      	CLRF        R4+1 
0x2F24	0x6A06      	CLRF        R4+2 
0x2F26	0x6A07      	CLRF        R4+3 
0x2F28	0xF006ECB8  	CALL        _Equals_Double, 0
0x2F2C	0x0E00      	MOVLW       0
0x2F2E	0xA4D8      	BTFSS       STATUS, 2 
0x2F30	0x0E01      	MOVLW       1
0x2F32	0x6E00      	MOVWF       R0 
0x2F34	0x5200      	MOVF        R0, 1 
0x2F36	0xB4D8      	BTFSC       STATUS, 2 
0x2F38	0xD077      	BRA         L_vfprintf_me161
0x2F3A	0xF000C06B  	MOVFF       vfprintf_me_fval_L0, R0
0x2F3E	0xF001C06C  	MOVFF       vfprintf_me_fval_L0+1, R0+1
0x2F42	0xF002C06D  	MOVFF       vfprintf_me_fval_L0+2, R0+2
0x2F46	0xF003C06E  	MOVFF       vfprintf_me_fval_L0+3, R0+3
0x2F4A	0xF004EC84  	CALL        _double2longword, 0
0x2F4E	0x0E00      	MOVLW       0
0x2F50	0x6E04      	MOVWF       R4 
0x2F52	0x1803      	XORWF       R0+3, 0 
0x2F54	0xE108      	BNZ         L__vfprintf_me384
0x2F56	0x5004      	MOVF        R4, 0 
0x2F58	0x1802      	XORWF       R0+2, 0 
0x2F5A	0xE105      	BNZ         L__vfprintf_me384
0x2F5C	0x5004      	MOVF        R4, 0 
0x2F5E	0x1801      	XORWF       R0+1, 0 
0x2F60	0xE102      	BNZ         L__vfprintf_me384
0x2F62	0x5000      	MOVF        R0, 0 
0x2F64	0x0A00      	XORLW       0
L__vfprintf_me384:
0x2F66	0xE160      	BNZ         L_vfprintf_me161
0x2F68	0x0E80      	MOVLW       128
0x2F6A	0x6E00      	MOVWF       R0 
0x2F6C	0x0E80      	MOVLW       128
0x2F6E	0x1970      	XORWF       vfprintf_me_exp_L0+1, 0, 1
0x2F70	0x5C00      	SUBWF       R0, 0 
0x2F72	0xE102      	BNZ         L__vfprintf_me385
0x2F74	0x516F      	MOVF        vfprintf_me_exp_L0, 0, 1
0x2F76	0x0801      	SUBLW       1
L__vfprintf_me385:
0x2F78	0xE257      	BC          L_vfprintf_me161
L__vfprintf_me311:
;cstdio.c, 626 :: 		if ( fval / scale( exp ) < 4.294967296 )
0x2F7A	0xF07EC06F  	MOVFF       vfprintf_me_exp_L0, FARG_cstdio_scale_scl
0x2F7E	0xF009ECA4  	CALL        cstdio_scale, 0
0x2F82	0xF004C000  	MOVFF       R0, R4
0x2F86	0xF005C001  	MOVFF       R0+1, R4+1
0x2F8A	0xF006C002  	MOVFF       R0+2, R4+2
0x2F8E	0xF007C003  	MOVFF       R0+3, R4+3
0x2F92	0xF000C06B  	MOVFF       vfprintf_me_fval_L0, R0
0x2F96	0xF001C06C  	MOVFF       vfprintf_me_fval_L0+1, R0+1
0x2F9A	0xF002C06D  	MOVFF       vfprintf_me_fval_L0+2, R0+2
0x2F9E	0xF003C06E  	MOVFF       vfprintf_me_fval_L0+3, R0+3
0x2FA2	0xF008ECE6  	CALL        _Div_32x32_FP, 0
0x2FA6	0x0E5F      	MOVLW       95
0x2FA8	0x6E04      	MOVWF       R4 
0x2FAA	0x0E70      	MOVLW       112
0x2FAC	0x6E05      	MOVWF       R4+1 
0x2FAE	0x0E09      	MOVLW       9
0x2FB0	0x6E06      	MOVWF       R4+2 
0x2FB2	0x0E81      	MOVLW       129
0x2FB4	0x6E07      	MOVWF       R4+3 
0x2FB6	0xF007EC03  	CALL        _Compare_Double, 0
0x2FBA	0x0E01      	MOVLW       1
0x2FBC	0xB0D8      	BTFSC       STATUS, 0 
0x2FBE	0x0E00      	MOVLW       0
0x2FC0	0x6E00      	MOVWF       R0 
0x2FC2	0x5200      	MOVF        R0, 1 
0x2FC4	0xE006      	BZ          L_vfprintf_me162
;cstdio.c, 627 :: 		exp -= NDDIG - 1;
0x2FC6	0x0E09      	MOVLW       9
0x2FC8	0x0100      	MOVLB       0
0x2FCA	0x5F6F      	SUBWF       vfprintf_me_exp_L0, 1, 1
0x2FCC	0x0E00      	MOVLW       0
0x2FCE	0x5B70      	SUBWFB      vfprintf_me_exp_L0+1, 1, 1
0x2FD0	0xD005      	BRA         L_vfprintf_me163
L_vfprintf_me162:
0x2FD2	0x0100      	MOVLB       0
;cstdio.c, 629 :: 		exp -= NDDIG - 2;
0x2FD4	0x0E08      	MOVLW       8
0x2FD6	0x5F6F      	SUBWF       vfprintf_me_exp_L0, 1, 1
0x2FD8	0x0E00      	MOVLW       0
0x2FDA	0x5B70      	SUBWFB      vfprintf_me_exp_L0+1, 1, 1
L_vfprintf_me163:
;cstdio.c, 630 :: 		val  = _div_to_l_( fval, scale( exp ) );
0x2FDC	0xF07EC06F  	MOVFF       vfprintf_me_exp_L0, FARG_cstdio_scale_scl
0x2FE0	0xF009ECA4  	CALL        cstdio_scale, 0
0x2FE4	0xF004C000  	MOVFF       R0, R4
0x2FE8	0xF005C001  	MOVFF       R0+1, R4+1
0x2FEC	0xF006C002  	MOVFF       R0+2, R4+2
0x2FF0	0xF007C003  	MOVFF       R0+3, R4+3
0x2FF4	0xF000C06B  	MOVFF       vfprintf_me_fval_L0, R0
0x2FF8	0xF001C06C  	MOVFF       vfprintf_me_fval_L0+1, R0+1
0x2FFC	0xF002C06D  	MOVFF       vfprintf_me_fval_L0+2, R0+2
0x3000	0xF003C06E  	MOVFF       vfprintf_me_fval_L0+3, R0+3
0x3004	0xF008ECE6  	CALL        _Div_32x32_FP, 0
0x3008	0xF004EC84  	CALL        _double2longword, 0
0x300C	0xF071C000  	MOVFF       R0, vfprintf_me__val_L0
0x3010	0xF072C001  	MOVFF       R0+1, vfprintf_me__val_L0+1
0x3014	0xF073C002  	MOVFF       R0+2, vfprintf_me__val_L0+2
0x3018	0xF074C003  	MOVFF       R0+3, vfprintf_me__val_L0+3
;cstdio.c, 631 :: 		fval = 0.0;
0x301C	0x0100      	MOVLB       0
0x301E	0x6B6B      	CLRF        vfprintf_me_fval_L0, 1
0x3020	0x6B6C      	CLRF        vfprintf_me_fval_L0+1, 1
0x3022	0x6B6D      	CLRF        vfprintf_me_fval_L0+2, 1
0x3024	0x6B6E      	CLRF        vfprintf_me_fval_L0+3, 1
;cstdio.c, 632 :: 		} else {
0x3026	0xD038      	BRA         L_vfprintf_me164
L_vfprintf_me161:
;cstdio.c, 633 :: 		val = ( unsigned long )fval;
0x3028	0xF000C06B  	MOVFF       vfprintf_me_fval_L0, R0
0x302C	0xF001C06C  	MOVFF       vfprintf_me_fval_L0+1, R0+1
0x3030	0xF002C06D  	MOVFF       vfprintf_me_fval_L0+2, R0+2
0x3034	0xF003C06E  	MOVFF       vfprintf_me_fval_L0+3, R0+3
0x3038	0xF004EC84  	CALL        _double2longword, 0
0x303C	0xF071C000  	MOVFF       R0, vfprintf_me__val_L0
0x3040	0xF072C001  	MOVFF       R0+1, vfprintf_me__val_L0+1
0x3044	0xF073C002  	MOVFF       R0+2, vfprintf_me__val_L0+2
0x3048	0xF074C003  	MOVFF       R0+3, vfprintf_me__val_L0+3
;cstdio.c, 634 :: 		fval -= ( float )val;
0x304C	0xF000C071  	MOVFF       vfprintf_me__val_L0, R0
0x3050	0xF001C072  	MOVFF       vfprintf_me__val_L0+1, R0+1
0x3054	0xF002C073  	MOVFF       vfprintf_me__val_L0+2, R0+2
0x3058	0xF003C074  	MOVFF       vfprintf_me__val_L0+3, R0+3
0x305C	0xF006EC99  	CALL        _longword2double, 0
0x3060	0xF004C000  	MOVFF       R0, R4
0x3064	0xF005C001  	MOVFF       R0+1, R4+1
0x3068	0xF006C002  	MOVFF       R0+2, R4+2
0x306C	0xF007C003  	MOVFF       R0+3, R4+3
0x3070	0xF000C06B  	MOVFF       vfprintf_me_fval_L0, R0
0x3074	0xF001C06C  	MOVFF       vfprintf_me_fval_L0+1, R0+1
0x3078	0xF002C06D  	MOVFF       vfprintf_me_fval_L0+2, R0+2
0x307C	0xF003C06E  	MOVFF       vfprintf_me_fval_L0+3, R0+3
0x3080	0xF006EC95  	CALL        _Sub_32x32_FP, 0
0x3084	0xF06BC000  	MOVFF       R0, vfprintf_me_fval_L0
0x3088	0xF06CC001  	MOVFF       R0+1, vfprintf_me_fval_L0+1
0x308C	0xF06DC002  	MOVFF       R0+2, vfprintf_me_fval_L0+2
0x3090	0xF06EC003  	MOVFF       R0+3, vfprintf_me_fval_L0+3
;cstdio.c, 635 :: 		exp = 0;
0x3094	0x6B6F      	CLRF        vfprintf_me_exp_L0, 1
0x3096	0x6B70      	CLRF        vfprintf_me_exp_L0+1, 1
;cstdio.c, 636 :: 		}
L_vfprintf_me164:
;cstdio.c, 638 :: 		for ( c = 1; c != NDDIG; c++ )
0x3098	0x0E01      	MOVLW       1
0x309A	0x6F66      	MOVWF       vfprintf_me_c_L0, 1
L_vfprintf_me165:
0x309C	0x5166      	MOVF        vfprintf_me_c_L0, 0, 1
0x309E	0x0A0A      	XORLW       10
0x30A0	0xE034      	BZ          L_vfprintf_me166
;cstdio.c, 639 :: 		if ( val < fdpowers[ c ] )
0x30A2	0xF000C066  	MOVFF       vfprintf_me_c_L0, R0
0x30A6	0x0E00      	MOVLW       0
0x30A8	0x6E01      	MOVWF       R0+1 
0x30AA	0x6E02      	MOVWF       R0+2 
0x30AC	0x6E03      	MOVWF       R0+3 
0x30AE	0x3600      	RLCF        R0, 1 
0x30B0	0x9000      	BCF         R0, 0 
0x30B2	0x3601      	RLCF        R0+1, 1 
0x30B4	0x3602      	RLCF        R0+2, 1 
0x30B6	0x3603      	RLCF        R0+3, 1 
0x30B8	0x3600      	RLCF        R0, 1 
0x30BA	0x9000      	BCF         R0, 0 
0x30BC	0x3601      	RLCF        R0+1, 1 
0x30BE	0x3602      	RLCF        R0+2, 1 
0x30C0	0x3603      	RLCF        R0+3, 1 
0x30C2	0x0E75      	MOVLW       cstdio_dpowers
0x30C4	0x2400      	ADDWF       R0, 0 
0x30C6	0x6EF6      	MOVWF       TBLPTR 
0x30C8	0x0E3F      	MOVLW       hi_addr(cstdio_dpowers)
0x30CA	0x2001      	ADDWFC      R0+1, 0 
0x30CC	0x6EF7      	MOVWF       TBLPTR+1 
0x30CE	0x0E00      	MOVLW       higher_addr(cstdio_dpowers)
0x30D0	0x2002      	ADDWFC      R0+2, 0 
0x30D2	0x6EF8      	MOVWF       TBLPTR+2 
0x30D4	0x0009      	TBLRD*+
0x30D6	0xF001CFF5  	MOVFF       TABLAT, R1
0x30DA	0x0009      	TBLRD*+
0x30DC	0xF002CFF5  	MOVFF       TABLAT, R1+1
0x30E0	0x0009      	TBLRD*+
0x30E2	0xF003CFF5  	MOVFF       TABLAT, R1+2
0x30E6	0x0009      	TBLRD*+
0x30E8	0xF004CFF5  	MOVFF       TABLAT, R1+3
0x30EC	0x5004      	MOVF        R1+3, 0 
0x30EE	0x5D74      	SUBWF       vfprintf_me__val_L0+3, 0, 1
0x30F0	0xE108      	BNZ         L__vfprintf_me386
0x30F2	0x5003      	MOVF        R1+2, 0 
0x30F4	0x5D73      	SUBWF       vfprintf_me__val_L0+2, 0, 1
0x30F6	0xE105      	BNZ         L__vfprintf_me386
0x30F8	0x5002      	MOVF        R1+1, 0 
0x30FA	0x5D72      	SUBWF       vfprintf_me__val_L0+1, 0, 1
0x30FC	0xE102      	BNZ         L__vfprintf_me386
0x30FE	0x5001      	MOVF        R1, 0 
0x3100	0x5D71      	SUBWF       vfprintf_me__val_L0, 0, 1
L__vfprintf_me386:
0x3102	0xE201      	BC          L_vfprintf_me168
;cstdio.c, 640 :: 		break;
0x3104	0xD002      	BRA         L_vfprintf_me166
L_vfprintf_me168:
;cstdio.c, 638 :: 		for ( c = 1; c != NDDIG; c++ )
0x3106	0x2B66      	INCF        vfprintf_me_c_L0, 1, 1
;cstdio.c, 640 :: 		break;
0x3108	0xD7C9      	BRA         L_vfprintf_me165
L_vfprintf_me166:
;cstdio.c, 642 :: 		width -= prec + c + exp;
0x310A	0x5166      	MOVF        vfprintf_me_c_L0, 0, 1
0x310C	0x2564      	ADDWF       vfprintf_me_prec_L0, 0, 1
0x310E	0x6E00      	MOVWF       R0 
0x3110	0x0E00      	MOVLW       0
0x3112	0x2165      	ADDWFC      vfprintf_me_prec_L0+1, 0, 1
0x3114	0x6E01      	MOVWF       R0+1 
0x3116	0x516F      	MOVF        vfprintf_me_exp_L0, 0, 1
0x3118	0x2600      	ADDWF       R0, 1 
0x311A	0x5170      	MOVF        vfprintf_me_exp_L0+1, 0, 1
0x311C	0x2201      	ADDWFC      R0+1, 1 
0x311E	0x5000      	MOVF        R0, 0 
0x3120	0x5F67      	SUBWF       vfprintf_me_width_L0, 1, 1
0x3122	0x5001      	MOVF        R0+1, 0 
0x3124	0x5B68      	SUBWFB      vfprintf_me_width_L0+1, 1, 1
;cstdio.c, 644 :: 		if ( flag & ALTERN || prec )
0x3126	0xB76A      	BTFSC       vfprintf_me_flag_L0+1, 3, 1
0x3128	0xD004      	BRA         L__vfprintf_me310
0x312A	0x5164      	MOVF        vfprintf_me_prec_L0, 0, 1
0x312C	0x1165      	IORWF       vfprintf_me_prec_L0+1, 0, 1
0x312E	0xE101      	BNZ         L__vfprintf_me310
0x3130	0xD004      	BRA         L_vfprintf_me171
L__vfprintf_me310:
;cstdio.c, 645 :: 		width--;
0x3132	0x0E01      	MOVLW       1
0x3134	0x5F67      	SUBWF       vfprintf_me_width_L0, 1, 1
0x3136	0x0E00      	MOVLW       0
0x3138	0x5B68      	SUBWFB      vfprintf_me_width_L0+1, 1, 1
L_vfprintf_me171:
;cstdio.c, 647 :: 		if ( flag & ( MANSIGN | SPCSIGN ) )
0x313A	0x0E03      	MOVLW       3
0x313C	0x1569      	ANDWF       vfprintf_me_flag_L0, 0, 1
0x313E	0x6E00      	MOVWF       R0 
0x3140	0xF001C06A  	MOVFF       vfprintf_me_flag_L0+1, R0+1
0x3144	0x0E00      	MOVLW       0
0x3146	0x1601      	ANDWF       R0+1, 1 
0x3148	0x5000      	MOVF        R0, 0 
0x314A	0x1001      	IORWF       R0+1, 0 
0x314C	0xE004      	BZ          L_vfprintf_me172
;cstdio.c, 648 :: 		width--;
0x314E	0x0E01      	MOVLW       1
0x3150	0x5F67      	SUBWF       vfprintf_me_width_L0, 1, 1
0x3152	0x0E00      	MOVLW       0
0x3154	0x5B68      	SUBWFB      vfprintf_me_width_L0+1, 1, 1
L_vfprintf_me172:
;cstdio.c, 650 :: 		if ( flag & FILL ) {
0x3156	0xA569      	BTFSS       vfprintf_me_flag_L0, 2, 1
0x3158	0xD042      	BRA         L_vfprintf_me173
;cstdio.c, 651 :: 		if ( flag & MANSIGN )
0x315A	0xA369      	BTFSS       vfprintf_me_flag_L0, 1, 1
0x315C	0xD014      	BRA         L_vfprintf_me174
;cstdio.c, 652 :: 		stream( flag & SPCSIGN ? '-' : '+' );
0x315E	0xA169      	BTFSS       vfprintf_me_flag_L0, 0, 1
0x3160	0xD003      	BRA         L_vfprintf_me175
0x3162	0x0E2D      	MOVLW       45
0x3164	0x6E5E      	MOVWF       ??FLOC___vfprintf_meT540 
0x3166	0xD002      	BRA         L_vfprintf_me176
L_vfprintf_me175:
0x3168	0x0E2B      	MOVLW       43
0x316A	0x6E5E      	MOVWF       ??FLOC___vfprintf_meT540 
L_vfprintf_me176:
0x316C	0xFFE1C055  	MOVFF       FARG_vfprintf_me_stream+2, FSR1
0x3170	0xFFE2C056  	MOVFF       FARG_vfprintf_me_stream+3, FSR1+1
0x3174	0xFFE6C05E  	MOVFF       ??FLOC___vfprintf_meT540, POSTINC1
0x3178	0xF000C053  	MOVFF       FARG_vfprintf_me_stream, R0
0x317C	0xF001C054  	MOVFF       FARG_vfprintf_me_stream+1, R1
0x3180	0xF006ECF7  	CALL        _____DoIFC, 0
0x3184	0xD00F      	BRA         L_vfprintf_me177
L_vfprintf_me174:
;cstdio.c, 653 :: 		else if ( flag & SPCSIGN )
0x3186	0x0100      	MOVLB       0
0x3188	0xA169      	BTFSS       vfprintf_me_flag_L0, 0, 1
0x318A	0xD00C      	BRA         L_vfprintf_me178
;cstdio.c, 654 :: 		stream( ' ' );
0x318C	0xFFE1C055  	MOVFF       FARG_vfprintf_me_stream+2, FSR1
0x3190	0xFFE2C056  	MOVFF       FARG_vfprintf_me_stream+3, FSR1+1
0x3194	0x0E20      	MOVLW       32
0x3196	0x6EE6      	MOVWF       POSTINC1 
0x3198	0xF000C053  	MOVFF       FARG_vfprintf_me_stream, R0
0x319C	0xF001C054  	MOVFF       FARG_vfprintf_me_stream+1, R1
0x31A0	0xF006ECF7  	CALL        _____DoIFC, 0
L_vfprintf_me178:
L_vfprintf_me177:
;cstdio.c, 656 :: 		while ( width > 0 ) {
L_vfprintf_me179:
0x31A4	0x0E80      	MOVLW       128
0x31A6	0x6E00      	MOVWF       R0 
0x31A8	0x0E80      	MOVLW       128
0x31AA	0x0100      	MOVLB       0
0x31AC	0x1968      	XORWF       vfprintf_me_width_L0+1, 0, 1
0x31AE	0x5C00      	SUBWF       R0, 0 
0x31B0	0xE102      	BNZ         L__vfprintf_me387
0x31B2	0x5167      	MOVF        vfprintf_me_width_L0, 0, 1
0x31B4	0x0800      	SUBLW       0
L__vfprintf_me387:
0x31B6	0xE212      	BC          L_vfprintf_me180
;cstdio.c, 657 :: 		stream( '0' );
0x31B8	0xFFE1C055  	MOVFF       FARG_vfprintf_me_stream+2, FSR1
0x31BC	0xFFE2C056  	MOVFF       FARG_vfprintf_me_stream+3, FSR1+1
0x31C0	0x0E30      	MOVLW       48
0x31C2	0x6EE6      	MOVWF       POSTINC1 
0x31C4	0xF000C053  	MOVFF       FARG_vfprintf_me_stream, R0
0x31C8	0xF001C054  	MOVFF       FARG_vfprintf_me_stream+1, R1
0x31CC	0xF006ECF7  	CALL        _____DoIFC, 0
;cstdio.c, 658 :: 		width--;
0x31D0	0x0E01      	MOVLW       1
0x31D2	0x0100      	MOVLB       0
0x31D4	0x5F67      	SUBWF       vfprintf_me_width_L0, 1, 1
0x31D6	0x0E00      	MOVLW       0
0x31D8	0x5B68      	SUBWFB      vfprintf_me_width_L0+1, 1, 1
;cstdio.c, 659 :: 		}
0x31DA	0xD7E4      	BRA         L_vfprintf_me179
L_vfprintf_me180:
;cstdio.c, 660 :: 		} else {
0x31DC	0xD042      	BRA         L_vfprintf_me181
L_vfprintf_me173:
;cstdio.c, 661 :: 		if ( !( flag & LEFT ) )
0x31DE	0xB769      	BTFSC       vfprintf_me_flag_L0, 3, 1
0x31E0	0xD01B      	BRA         L_vfprintf_me182
;cstdio.c, 662 :: 		while ( width > 0 ) {
L_vfprintf_me183:
0x31E2	0x0E80      	MOVLW       128
0x31E4	0x6E00      	MOVWF       R0 
0x31E6	0x0E80      	MOVLW       128
0x31E8	0x1968      	XORWF       vfprintf_me_width_L0+1, 0, 1
0x31EA	0x5C00      	SUBWF       R0, 0 
0x31EC	0xE102      	BNZ         L__vfprintf_me388
0x31EE	0x5167      	MOVF        vfprintf_me_width_L0, 0, 1
0x31F0	0x0800      	SUBLW       0
L__vfprintf_me388:
0x31F2	0xE212      	BC          L_vfprintf_me184
;cstdio.c, 663 :: 		stream( ' ' );
0x31F4	0xFFE1C055  	MOVFF       FARG_vfprintf_me_stream+2, FSR1
0x31F8	0xFFE2C056  	MOVFF       FARG_vfprintf_me_stream+3, FSR1+1
0x31FC	0x0E20      	MOVLW       32
0x31FE	0x6EE6      	MOVWF       POSTINC1 
0x3200	0xF000C053  	MOVFF       FARG_vfprintf_me_stream, R0
0x3204	0xF001C054  	MOVFF       FARG_vfprintf_me_stream+1, R1
0x3208	0xF006ECF7  	CALL        _____DoIFC, 0
;cstdio.c, 664 :: 		width--;
0x320C	0x0E01      	MOVLW       1
0x320E	0x0100      	MOVLB       0
0x3210	0x5F67      	SUBWF       vfprintf_me_width_L0, 1, 1
0x3212	0x0E00      	MOVLW       0
0x3214	0x5B68      	SUBWFB      vfprintf_me_width_L0+1, 1, 1
;cstdio.c, 665 :: 		}
0x3216	0xD7E5      	BRA         L_vfprintf_me183
L_vfprintf_me184:
L_vfprintf_me182:
;cstdio.c, 667 :: 		if ( flag & MANSIGN )
0x3218	0xA369      	BTFSS       vfprintf_me_flag_L0, 1, 1
0x321A	0xD014      	BRA         L_vfprintf_me185
;cstdio.c, 668 :: 		stream( flag & SPCSIGN ? '-' : '+' );
0x321C	0xA169      	BTFSS       vfprintf_me_flag_L0, 0, 1
0x321E	0xD003      	BRA         L_vfprintf_me186
0x3220	0x0E2D      	MOVLW       45
0x3222	0x6E5F      	MOVWF       ??FLOC___vfprintf_meT562 
0x3224	0xD002      	BRA         L_vfprintf_me187
L_vfprintf_me186:
0x3226	0x0E2B      	MOVLW       43
0x3228	0x6E5F      	MOVWF       ??FLOC___vfprintf_meT562 
L_vfprintf_me187:
0x322A	0xFFE1C055  	MOVFF       FARG_vfprintf_me_stream+2, FSR1
0x322E	0xFFE2C056  	MOVFF       FARG_vfprintf_me_stream+3, FSR1+1
0x3232	0xFFE6C05F  	MOVFF       ??FLOC___vfprintf_meT562, POSTINC1
0x3236	0xF000C053  	MOVFF       FARG_vfprintf_me_stream, R0
0x323A	0xF001C054  	MOVFF       FARG_vfprintf_me_stream+1, R1
0x323E	0xF006ECF7  	CALL        _____DoIFC, 0
0x3242	0xD00F      	BRA         L_vfprintf_me188
L_vfprintf_me185:
;cstdio.c, 669 :: 		else if ( flag & SPCSIGN )
0x3244	0x0100      	MOVLB       0
0x3246	0xA169      	BTFSS       vfprintf_me_flag_L0, 0, 1
0x3248	0xD00C      	BRA         L_vfprintf_me189
;cstdio.c, 670 :: 		stream( ' ' );
0x324A	0xFFE1C055  	MOVFF       FARG_vfprintf_me_stream+2, FSR1
0x324E	0xFFE2C056  	MOVFF       FARG_vfprintf_me_stream+3, FSR1+1
0x3252	0x0E20      	MOVLW       32
0x3254	0x6EE6      	MOVWF       POSTINC1 
0x3256	0xF000C053  	MOVFF       FARG_vfprintf_me_stream, R0
0x325A	0xF001C054  	MOVFF       FARG_vfprintf_me_stream+1, R1
0x325E	0xF006ECF7  	CALL        _____DoIFC, 0
L_vfprintf_me189:
L_vfprintf_me188:
;cstdio.c, 671 :: 		}
L_vfprintf_me181:
;cstdio.c, 673 :: 		while ( c-- )
L_vfprintf_me190:
0x3262	0xF000C066  	MOVFF       vfprintf_me_c_L0, R0
0x3266	0x0100      	MOVLB       0
0x3268	0x0766      	DECF        vfprintf_me_c_L0, 1, 1
0x326A	0x5200      	MOVF        R0, 1 
0x326C	0xE04E      	BZ          L_vfprintf_me191
;cstdio.c, 674 :: 		stream( '0' + ( val / fdpowers[ c ] ) % 10 );
0x326E	0xF000C066  	MOVFF       vfprintf_me_c_L0, R0
0x3272	0x0E00      	MOVLW       0
0x3274	0x6E01      	MOVWF       R0+1 
0x3276	0x6E02      	MOVWF       R0+2 
0x3278	0x6E03      	MOVWF       R0+3 
0x327A	0x3600      	RLCF        R0, 1 
0x327C	0x9000      	BCF         R0, 0 
0x327E	0x3601      	RLCF        R0+1, 1 
0x3280	0x3602      	RLCF        R0+2, 1 
0x3282	0x3603      	RLCF        R0+3, 1 
0x3284	0x3600      	RLCF        R0, 1 
0x3286	0x9000      	BCF         R0, 0 
0x3288	0x3601      	RLCF        R0+1, 1 
0x328A	0x3602      	RLCF        R0+2, 1 
0x328C	0x3603      	RLCF        R0+3, 1 
0x328E	0x0E75      	MOVLW       cstdio_dpowers
0x3290	0x2400      	ADDWF       R0, 0 
0x3292	0x6EF6      	MOVWF       TBLPTR 
0x3294	0x0E3F      	MOVLW       hi_addr(cstdio_dpowers)
0x3296	0x2001      	ADDWFC      R0+1, 0 
0x3298	0x6EF7      	MOVWF       TBLPTR+1 
0x329A	0x0E00      	MOVLW       higher_addr(cstdio_dpowers)
0x329C	0x2002      	ADDWFC      R0+2, 0 
0x329E	0x6EF8      	MOVWF       TBLPTR+2 
0x32A0	0x0009      	TBLRD*+
0x32A2	0xF004CFF5  	MOVFF       TABLAT, R4
0x32A6	0x0009      	TBLRD*+
0x32A8	0xF005CFF5  	MOVFF       TABLAT, R4+1
0x32AC	0x0009      	TBLRD*+
0x32AE	0xF006CFF5  	MOVFF       TABLAT, R4+2
0x32B2	0x0009      	TBLRD*+
0x32B4	0xF007CFF5  	MOVFF       TABLAT, R4+3
0x32B8	0xF000C071  	MOVFF       vfprintf_me__val_L0, R0
0x32BC	0xF001C072  	MOVFF       vfprintf_me__val_L0+1, R0+1
0x32C0	0xF002C073  	MOVFF       vfprintf_me__val_L0+2, R0+2
0x32C4	0xF003C074  	MOVFF       vfprintf_me__val_L0+3, R0+3
0x32C8	0xF005EC1F  	CALL        _Div_32x32_U, 0
0x32CC	0x0E0A      	MOVLW       10
0x32CE	0x6E04      	MOVWF       R4 
0x32D0	0x0E00      	MOVLW       0
0x32D2	0x6E05      	MOVWF       R4+1 
0x32D4	0x6E06      	MOVWF       R4+2 
0x32D6	0x6E07      	MOVWF       R4+3 
0x32D8	0xF005EC1F  	CALL        _Div_32x32_U, 0
0x32DC	0xF000C008  	MOVFF       R8, R0
0x32E0	0xF001C009  	MOVFF       R8+1, R0+1
0x32E4	0xF002C00A  	MOVFF       R8+2, R0+2
0x32E8	0xF003C00B  	MOVFF       R8+3, R0+3
0x32EC	0x0E30      	MOVLW       48
0x32EE	0x2600      	ADDWF       R0, 1 
0x32F0	0xFFE1C055  	MOVFF       FARG_vfprintf_me_stream+2, FSR1
0x32F4	0xFFE2C056  	MOVFF       FARG_vfprintf_me_stream+3, FSR1+1
0x32F8	0xFFE6C000  	MOVFF       R0, POSTINC1
0x32FC	0xF000C053  	MOVFF       FARG_vfprintf_me_stream, R0
0x3300	0xF001C054  	MOVFF       FARG_vfprintf_me_stream+1, R1
0x3304	0xF006ECF7  	CALL        _____DoIFC, 0
0x3308	0xD7AC      	BRA         L_vfprintf_me190
L_vfprintf_me191:
;cstdio.c, 676 :: 		while ( exp > 0 ) {
L_vfprintf_me192:
0x330A	0x0E80      	MOVLW       128
0x330C	0x6E00      	MOVWF       R0 
0x330E	0x0E80      	MOVLW       128
0x3310	0x0100      	MOVLB       0
0x3312	0x1970      	XORWF       vfprintf_me_exp_L0+1, 0, 1
0x3314	0x5C00      	SUBWF       R0, 0 
0x3316	0xE102      	BNZ         L__vfprintf_me389
0x3318	0x516F      	MOVF        vfprintf_me_exp_L0, 0, 1
0x331A	0x0800      	SUBLW       0
L__vfprintf_me389:
0x331C	0xE212      	BC          L_vfprintf_me193
;cstdio.c, 677 :: 		stream( '0' );
0x331E	0xFFE1C055  	MOVFF       FARG_vfprintf_me_stream+2, FSR1
0x3322	0xFFE2C056  	MOVFF       FARG_vfprintf_me_stream+3, FSR1+1
0x3326	0x0E30      	MOVLW       48
0x3328	0x6EE6      	MOVWF       POSTINC1 
0x332A	0xF000C053  	MOVFF       FARG_vfprintf_me_stream, R0
0x332E	0xF001C054  	MOVFF       FARG_vfprintf_me_stream+1, R1
0x3332	0xF006ECF7  	CALL        _____DoIFC, 0
;cstdio.c, 678 :: 		exp--;
0x3336	0x0E01      	MOVLW       1
0x3338	0x0100      	MOVLB       0
0x333A	0x5F6F      	SUBWF       vfprintf_me_exp_L0, 1, 1
0x333C	0x0E00      	MOVLW       0
0x333E	0x5B70      	SUBWFB      vfprintf_me_exp_L0+1, 1, 1
;cstdio.c, 679 :: 		}
0x3340	0xD7E4      	BRA         L_vfprintf_me192
L_vfprintf_me193:
;cstdio.c, 681 :: 		if ( prec > ( int )( NDDIG - 2 ) )
0x3342	0x0E80      	MOVLW       128
0x3344	0x0A00      	XORLW       0
0x3346	0x6E00      	MOVWF       R0 
0x3348	0x0E80      	MOVLW       128
0x334A	0x1965      	XORWF       vfprintf_me_prec_L0+1, 0, 1
0x334C	0x5C00      	SUBWF       R0, 0 
0x334E	0xE102      	BNZ         L__vfprintf_me390
0x3350	0x5164      	MOVF        vfprintf_me_prec_L0, 0, 1
0x3352	0x0808      	SUBLW       8
L__vfprintf_me390:
0x3354	0xE203      	BC          L_vfprintf_me194
;cstdio.c, 682 :: 		c = NDDIG - 2;
0x3356	0x0E08      	MOVLW       8
0x3358	0x6F66      	MOVWF       vfprintf_me_c_L0, 1
0x335A	0xD002      	BRA         L_vfprintf_me195
L_vfprintf_me194:
;cstdio.c, 684 :: 		c = prec;
0x335C	0xF066C064  	MOVFF       vfprintf_me_prec_L0, vfprintf_me_c_L0
L_vfprintf_me195:
;cstdio.c, 686 :: 		prec -= c;
0x3360	0x5166      	MOVF        vfprintf_me_c_L0, 0, 1
0x3362	0x5F64      	SUBWF       vfprintf_me_prec_L0, 1, 1
0x3364	0x0E00      	MOVLW       0
0x3366	0x5B65      	SUBWFB      vfprintf_me_prec_L0+1, 1, 1
;cstdio.c, 687 :: 		if ( c || flag & ALTERN )
0x3368	0x5366      	MOVF        vfprintf_me_c_L0, 1, 1
0x336A	0xE103      	BNZ         L__vfprintf_me309
0x336C	0xB76A      	BTFSC       vfprintf_me_flag_L0+1, 3, 1
0x336E	0xD001      	BRA         L__vfprintf_me309
0x3370	0xD00C      	BRA         L_vfprintf_me198
L__vfprintf_me309:
;cstdio.c, 688 :: 		stream( '.' );
0x3372	0xFFE1C055  	MOVFF       FARG_vfprintf_me_stream+2, FSR1
0x3376	0xFFE2C056  	MOVFF       FARG_vfprintf_me_stream+3, FSR1+1
0x337A	0x0E2E      	MOVLW       46
0x337C	0x6EE6      	MOVWF       POSTINC1 
0x337E	0xF000C053  	MOVFF       FARG_vfprintf_me_stream, R0
0x3382	0xF001C054  	MOVFF       FARG_vfprintf_me_stream+1, R1
0x3386	0xF006ECF7  	CALL        _____DoIFC, 0
L_vfprintf_me198:
;cstdio.c, 690 :: 		val = ( long )( fval * scale( c ) );
0x338A	0xF07EC066  	MOVFF       vfprintf_me_c_L0, FARG_cstdio_scale_scl
0x338E	0xF009ECA4  	CALL        cstdio_scale, 0
0x3392	0xF004C06B  	MOVFF       vfprintf_me_fval_L0, R4
0x3396	0xF005C06C  	MOVFF       vfprintf_me_fval_L0+1, R4+1
0x339A	0xF006C06D  	MOVFF       vfprintf_me_fval_L0+2, R4+2
0x339E	0xF007C06E  	MOVFF       vfprintf_me_fval_L0+3, R4+3
0x33A2	0xF001EC45  	CALL        _Mul_32x32_FP, 0
0x33A6	0xF00CECE6  	CALL        _double2longint, 0
0x33AA	0xF071C000  	MOVFF       R0, vfprintf_me__val_L0
0x33AE	0xF072C001  	MOVFF       R0+1, vfprintf_me__val_L0+1
0x33B2	0xF073C002  	MOVFF       R0+2, vfprintf_me__val_L0+2
0x33B6	0xF074C003  	MOVFF       R0+3, vfprintf_me__val_L0+3
;cstdio.c, 691 :: 		while ( c )
L_vfprintf_me199:
0x33BA	0x0100      	MOVLB       0
0x33BC	0x5366      	MOVF        vfprintf_me_c_L0, 1, 1
0x33BE	0xE04F      	BZ          L_vfprintf_me200
;cstdio.c, 692 :: 		stream( '0' + ( val / fdpowers[ --c ] ) % 10 );
0x33C0	0x0766      	DECF        vfprintf_me_c_L0, 1, 1
0x33C2	0xF000C066  	MOVFF       vfprintf_me_c_L0, R0
0x33C6	0x0E00      	MOVLW       0
0x33C8	0x6E01      	MOVWF       R0+1 
0x33CA	0x6E02      	MOVWF       R0+2 
0x33CC	0x6E03      	MOVWF       R0+3 
0x33CE	0x3600      	RLCF        R0, 1 
0x33D0	0x9000      	BCF         R0, 0 
0x33D2	0x3601      	RLCF        R0+1, 1 
0x33D4	0x3602      	RLCF        R0+2, 1 
0x33D6	0x3603      	RLCF        R0+3, 1 
0x33D8	0x3600      	RLCF        R0, 1 
0x33DA	0x9000      	BCF         R0, 0 
0x33DC	0x3601      	RLCF        R0+1, 1 
0x33DE	0x3602      	RLCF        R0+2, 1 
0x33E0	0x3603      	RLCF        R0+3, 1 
0x33E2	0x0E75      	MOVLW       cstdio_dpowers
0x33E4	0x2400      	ADDWF       R0, 0 
0x33E6	0x6EF6      	MOVWF       TBLPTR 
0x33E8	0x0E3F      	MOVLW       hi_addr(cstdio_dpowers)
0x33EA	0x2001      	ADDWFC      R0+1, 0 
0x33EC	0x6EF7      	MOVWF       TBLPTR+1 
0x33EE	0x0E00      	MOVLW       higher_addr(cstdio_dpowers)
0x33F0	0x2002      	ADDWFC      R0+2, 0 
0x33F2	0x6EF8      	MOVWF       TBLPTR+2 
0x33F4	0x0009      	TBLRD*+
0x33F6	0xF004CFF5  	MOVFF       TABLAT, R4
0x33FA	0x0009      	TBLRD*+
0x33FC	0xF005CFF5  	MOVFF       TABLAT, R4+1
0x3400	0x0009      	TBLRD*+
0x3402	0xF006CFF5  	MOVFF       TABLAT, R4+2
0x3406	0x0009      	TBLRD*+
0x3408	0xF007CFF5  	MOVFF       TABLAT, R4+3
0x340C	0xF000C071  	MOVFF       vfprintf_me__val_L0, R0
0x3410	0xF001C072  	MOVFF       vfprintf_me__val_L0+1, R0+1
0x3414	0xF002C073  	MOVFF       vfprintf_me__val_L0+2, R0+2
0x3418	0xF003C074  	MOVFF       vfprintf_me__val_L0+3, R0+3
0x341C	0xF005EC1F  	CALL        _Div_32x32_U, 0
0x3420	0x0E0A      	MOVLW       10
0x3422	0x6E04      	MOVWF       R4 
0x3424	0x0E00      	MOVLW       0
0x3426	0x6E05      	MOVWF       R4+1 
0x3428	0x6E06      	MOVWF       R4+2 
0x342A	0x6E07      	MOVWF       R4+3 
0x342C	0xF005EC1F  	CALL        _Div_32x32_U, 0
0x3430	0xF000C008  	MOVFF       R8, R0
0x3434	0xF001C009  	MOVFF       R8+1, R0+1
0x3438	0xF002C00A  	MOVFF       R8+2, R0+2
0x343C	0xF003C00B  	MOVFF       R8+3, R0+3
0x3440	0x0E30      	MOVLW       48
0x3442	0x2600      	ADDWF       R0, 1 
0x3444	0xFFE1C055  	MOVFF       FARG_vfprintf_me_stream+2, FSR1
0x3448	0xFFE2C056  	MOVFF       FARG_vfprintf_me_stream+3, FSR1+1
0x344C	0xFFE6C000  	MOVFF       R0, POSTINC1
0x3450	0xF000C053  	MOVFF       FARG_vfprintf_me_stream, R0
0x3454	0xF001C054  	MOVFF       FARG_vfprintf_me_stream+1, R1
0x3458	0xF006ECF7  	CALL        _____DoIFC, 0
0x345C	0xD7AE      	BRA         L_vfprintf_me199
L_vfprintf_me200:
;cstdio.c, 694 :: 		while ( prec ) {
L_vfprintf_me201:
0x345E	0x0100      	MOVLB       0
0x3460	0x5164      	MOVF        vfprintf_me_prec_L0, 0, 1
0x3462	0x1165      	IORWF       vfprintf_me_prec_L0+1, 0, 1
0x3464	0xE012      	BZ          L_vfprintf_me202
;cstdio.c, 695 :: 		stream( '0' );
0x3466	0xFFE1C055  	MOVFF       FARG_vfprintf_me_stream+2, FSR1
0x346A	0xFFE2C056  	MOVFF       FARG_vfprintf_me_stream+3, FSR1+1
0x346E	0x0E30      	MOVLW       48
0x3470	0x6EE6      	MOVWF       POSTINC1 
0x3472	0xF000C053  	MOVFF       FARG_vfprintf_me_stream, R0
0x3476	0xF001C054  	MOVFF       FARG_vfprintf_me_stream+1, R1
0x347A	0xF006ECF7  	CALL        _____DoIFC, 0
;cstdio.c, 696 :: 		prec--;
0x347E	0x0E01      	MOVLW       1
0x3480	0x0100      	MOVLB       0
0x3482	0x5F64      	SUBWF       vfprintf_me_prec_L0, 1, 1
0x3484	0x0E00      	MOVLW       0
0x3486	0x5B65      	SUBWFB      vfprintf_me_prec_L0+1, 1, 1
;cstdio.c, 697 :: 		}
0x3488	0xD7EA      	BRA         L_vfprintf_me201
L_vfprintf_me202:
;cstdio.c, 699 :: 		if ( ( flag & LEFT ) && width > 0 )
0x348A	0xA769      	BTFSS       vfprintf_me_flag_L0, 3, 1
0x348C	0xD01D      	BRA         L_vfprintf_me205
0x348E	0x0E80      	MOVLW       128
0x3490	0x6E00      	MOVWF       R0 
0x3492	0x0E80      	MOVLW       128
0x3494	0x1968      	XORWF       vfprintf_me_width_L0+1, 0, 1
0x3496	0x5C00      	SUBWF       R0, 0 
0x3498	0xE102      	BNZ         L__vfprintf_me391
0x349A	0x5167      	MOVF        vfprintf_me_width_L0, 0, 1
0x349C	0x0800      	SUBLW       0
L__vfprintf_me391:
0x349E	0xE214      	BC          L_vfprintf_me205
L__vfprintf_me308:
;cstdio.c, 700 :: 		do
L_vfprintf_me206:
;cstdio.c, 701 :: 		stream( ' ' );
0x34A0	0xFFE1C055  	MOVFF       FARG_vfprintf_me_stream+2, FSR1
0x34A4	0xFFE2C056  	MOVFF       FARG_vfprintf_me_stream+3, FSR1+1
0x34A8	0x0E20      	MOVLW       32
0x34AA	0x6EE6      	MOVWF       POSTINC1 
0x34AC	0xF000C053  	MOVFF       FARG_vfprintf_me_stream, R0
0x34B0	0xF001C054  	MOVFF       FARG_vfprintf_me_stream+1, R1
0x34B4	0xF006ECF7  	CALL        _____DoIFC, 0
;cstdio.c, 702 :: 		while ( --width );
0x34B8	0x0E01      	MOVLW       1
0x34BA	0x0100      	MOVLB       0
0x34BC	0x5F67      	SUBWF       vfprintf_me_width_L0, 1, 1
0x34BE	0x0E00      	MOVLW       0
0x34C0	0x5B68      	SUBWFB      vfprintf_me_width_L0+1, 1, 1
0x34C2	0x5167      	MOVF        vfprintf_me_width_L0, 0, 1
0x34C4	0x1168      	IORWF       vfprintf_me_width_L0+1, 0, 1
0x34C6	0xE1EC      	BNZ         L_vfprintf_me206
L_vfprintf_me205:
;cstdio.c, 703 :: 		continue;
0x34C8	0xF00DEF84  	GOTO        L_vfprintf_me12
;cstdio.c, 704 :: 		}
L_vfprintf_me74:
;cstdio.c, 706 :: 		if ( ( flag & BASEM ) == TEN ) {
0x34CC	0x0EC0      	MOVLW       192
0x34CE	0x1569      	ANDWF       vfprintf_me_flag_L0, 0, 1
0x34D0	0x6E01      	MOVWF       R1 
0x34D2	0xF002C06A  	MOVFF       vfprintf_me_flag_L0+1, R1+1
0x34D6	0x0E00      	MOVLW       0
0x34D8	0x1602      	ANDWF       R1+1, 1 
0x34DA	0x0E00      	MOVLW       0
0x34DC	0x1802      	XORWF       R1+1, 0 
0x34DE	0xE102      	BNZ         L__vfprintf_me392
0x34E0	0x0E00      	MOVLW       0
0x34E2	0x1801      	XORWF       R1, 0 
L__vfprintf_me392:
0x34E4	0xA4D8      	BTFSS       STATUS, 2 
0x34E6	0xD080      	BRA         L_vfprintf_me209
;cstdio.c, 708 :: 		if ( flag & LONG )
0x34E8	0xA969      	BTFSS       vfprintf_me_flag_L0, 4, 1
0x34EA	0xD027      	BRA         L_vfprintf_me210
;cstdio.c, 709 :: 		val = va_arg( arg, long );
0x34EC	0xFFE9C05A  	MOVFF       FARG_vfprintf_me_arg, FSR0L
0x34F0	0xFFEAC05B  	MOVFF       FARG_vfprintf_me_arg+1, FSR0H
0x34F4	0xF000CFEE  	MOVFF       POSTINC0, R0
0x34F8	0xF001CFEE  	MOVFF       POSTINC0, R0+1
0x34FC	0xFFE9C000  	MOVFF       R0, FSR0L
0x3500	0xFFEAC001  	MOVFF       R0+1, FSR0H
0x3504	0xF071CFEE  	MOVFF       POSTINC0, vfprintf_me__val_L0
0x3508	0xF072CFEE  	MOVFF       POSTINC0, vfprintf_me__val_L0+1
0x350C	0xF073CFEE  	MOVFF       POSTINC0, vfprintf_me__val_L0+2
0x3510	0xF074CFEE  	MOVFF       POSTINC0, vfprintf_me__val_L0+3
0x3514	0xFFE9C05A  	MOVFF       FARG_vfprintf_me_arg, FSR0L
0x3518	0xFFEAC05B  	MOVFF       FARG_vfprintf_me_arg+1, FSR0H
0x351C	0x0E04      	MOVLW       4
0x351E	0x24EE      	ADDWF       POSTINC0, 0 
0x3520	0x6E00      	MOVWF       R0 
0x3522	0x0E00      	MOVLW       0
0x3524	0x20EE      	ADDWFC      POSTINC0, 0 
0x3526	0x6E01      	MOVWF       R0+1 
0x3528	0xFFE1C05A  	MOVFF       FARG_vfprintf_me_arg, FSR1L
0x352C	0xFFE2C05B  	MOVFF       FARG_vfprintf_me_arg+1, FSR1H
0x3530	0xFFE6C000  	MOVFF       R0, POSTINC1
0x3534	0xFFE6C001  	MOVFF       R0+1, POSTINC1
0x3538	0xD02F      	BRA         L_vfprintf_me211
L_vfprintf_me210:
;cstdio.c, 712 :: 		val = ( value )va_arg( arg, int );
0x353A	0xFFE9C05A  	MOVFF       FARG_vfprintf_me_arg, FSR0L
0x353E	0xFFEAC05B  	MOVFF       FARG_vfprintf_me_arg+1, FSR0H
0x3542	0xF000CFEE  	MOVFF       POSTINC0, R0
0x3546	0xF001CFEE  	MOVFF       POSTINC0, R0+1
0x354A	0xFFE9C000  	MOVFF       R0, FSR0L
0x354E	0xFFEAC001  	MOVFF       R0+1, FSR0H
0x3552	0xF000CFEE  	MOVFF       POSTINC0, R0
0x3556	0xF001CFEE  	MOVFF       POSTINC0, R0+1
0x355A	0x0E00      	MOVLW       0
0x355C	0xBE01      	BTFSC       R0+1, 7 
0x355E	0x0EFF      	MOVLW       255
0x3560	0x6E02      	MOVWF       R0+2 
0x3562	0x6E03      	MOVWF       R0+3 
0x3564	0xF071C000  	MOVFF       R0, vfprintf_me__val_L0
0x3568	0xF072C001  	MOVFF       R0+1, vfprintf_me__val_L0+1
0x356C	0xF073C002  	MOVFF       R0+2, vfprintf_me__val_L0+2
0x3570	0xF074C003  	MOVFF       R0+3, vfprintf_me__val_L0+3
0x3574	0xFFE9C05A  	MOVFF       FARG_vfprintf_me_arg, FSR0L
0x3578	0xFFEAC05B  	MOVFF       FARG_vfprintf_me_arg+1, FSR0H
0x357C	0x0E02      	MOVLW       2
0x357E	0x24EE      	ADDWF       POSTINC0, 0 
0x3580	0x6E00      	MOVWF       R0 
0x3582	0x0E00      	MOVLW       0
0x3584	0x20EE      	ADDWFC      POSTINC0, 0 
0x3586	0x6E01      	MOVWF       R0+1 
0x3588	0xFFE1C05A  	MOVFF       FARG_vfprintf_me_arg, FSR1L
0x358C	0xFFE2C05B  	MOVFF       FARG_vfprintf_me_arg+1, FSR1H
0x3590	0xFFE6C000  	MOVFF       R0, POSTINC1
0x3594	0xFFE6C001  	MOVFF       R0+1, POSTINC1
L_vfprintf_me211:
;cstdio.c, 714 :: 		if ( ( value )val < 0 ) {
0x3598	0x0E80      	MOVLW       128
0x359A	0x1974      	XORWF       vfprintf_me__val_L0+3, 0, 1
0x359C	0x6E00      	MOVWF       R0 
0x359E	0x0E80      	MOVLW       128
0x35A0	0x5C00      	SUBWF       R0, 0 
0x35A2	0xE108      	BNZ         L__vfprintf_me393
0x35A4	0x0E00      	MOVLW       0
0x35A6	0x5D73      	SUBWF       vfprintf_me__val_L0+2, 0, 1
0x35A8	0xE105      	BNZ         L__vfprintf_me393
0x35AA	0x0E00      	MOVLW       0
0x35AC	0x5D72      	SUBWF       vfprintf_me__val_L0+1, 0, 1
0x35AE	0xE102      	BNZ         L__vfprintf_me393
0x35B0	0x0E00      	MOVLW       0
0x35B2	0x5D71      	SUBWF       vfprintf_me__val_L0, 0, 1
L__vfprintf_me393:
0x35B4	0xE218      	BC          L_vfprintf_me212
;cstdio.c, 715 :: 		flag |= NEGSIGN;
0x35B6	0x0E03      	MOVLW       3
0x35B8	0x1369      	IORWF       vfprintf_me_flag_L0, 1, 1
0x35BA	0x0E00      	MOVLW       0
0x35BC	0x136A      	IORWF       vfprintf_me_flag_L0+1, 1, 1
;cstdio.c, 716 :: 		val = -val;
0x35BE	0x6A00      	CLRF        R0 
0x35C0	0x6A01      	CLRF        R0+1 
0x35C2	0x6A02      	CLRF        R0+2 
0x35C4	0x6A03      	CLRF        R0+3 
0x35C6	0x5171      	MOVF        vfprintf_me__val_L0, 0, 1
0x35C8	0x5E00      	SUBWF       R0, 1 
0x35CA	0x5172      	MOVF        vfprintf_me__val_L0+1, 0, 1
0x35CC	0x5A01      	SUBWFB      R0+1, 1 
0x35CE	0x5173      	MOVF        vfprintf_me__val_L0+2, 0, 1
0x35D0	0x5A02      	SUBWFB      R0+2, 1 
0x35D2	0x5174      	MOVF        vfprintf_me__val_L0+3, 0, 1
0x35D4	0x5A03      	SUBWFB      R0+3, 1 
0x35D6	0xF071C000  	MOVFF       R0, vfprintf_me__val_L0
0x35DA	0xF072C001  	MOVFF       R0+1, vfprintf_me__val_L0+1
0x35DE	0xF073C002  	MOVFF       R0+2, vfprintf_me__val_L0+2
0x35E2	0xF074C003  	MOVFF       R0+3, vfprintf_me__val_L0+3
;cstdio.c, 717 :: 		}
L_vfprintf_me212:
;cstdio.c, 718 :: 		} else {
0x35E6	0xD04E      	BRA         L_vfprintf_me213
L_vfprintf_me209:
;cstdio.c, 720 :: 		if ( flag & LONG )
0x35E8	0xA969      	BTFSS       vfprintf_me_flag_L0, 4, 1
0x35EA	0xD027      	BRA         L_vfprintf_me214
;cstdio.c, 721 :: 		val = va_arg( arg, unsigned long );
0x35EC	0xFFE9C05A  	MOVFF       FARG_vfprintf_me_arg, FSR0L
0x35F0	0xFFEAC05B  	MOVFF       FARG_vfprintf_me_arg+1, FSR0H
0x35F4	0xF000CFEE  	MOVFF       POSTINC0, R0
0x35F8	0xF001CFEE  	MOVFF       POSTINC0, R0+1
0x35FC	0xFFE9C000  	MOVFF       R0, FSR0L
0x3600	0xFFEAC001  	MOVFF       R0+1, FSR0H
0x3604	0xF071CFEE  	MOVFF       POSTINC0, vfprintf_me__val_L0
0x3608	0xF072CFEE  	MOVFF       POSTINC0, vfprintf_me__val_L0+1
0x360C	0xF073CFEE  	MOVFF       POSTINC0, vfprintf_me__val_L0+2
0x3610	0xF074CFEE  	MOVFF       POSTINC0, vfprintf_me__val_L0+3
0x3614	0xFFE9C05A  	MOVFF       FARG_vfprintf_me_arg, FSR0L
0x3618	0xFFEAC05B  	MOVFF       FARG_vfprintf_me_arg+1, FSR0H
0x361C	0x0E04      	MOVLW       4
0x361E	0x24EE      	ADDWF       POSTINC0, 0 
0x3620	0x6E00      	MOVWF       R0 
0x3622	0x0E00      	MOVLW       0
0x3624	0x20EE      	ADDWFC      POSTINC0, 0 
0x3626	0x6E01      	MOVWF       R0+1 
0x3628	0xFFE1C05A  	MOVFF       FARG_vfprintf_me_arg, FSR1L
0x362C	0xFFE2C05B  	MOVFF       FARG_vfprintf_me_arg+1, FSR1H
0x3630	0xFFE6C000  	MOVFF       R0, POSTINC1
0x3634	0xFFE6C001  	MOVFF       R0+1, POSTINC1
0x3638	0xD025      	BRA         L_vfprintf_me215
L_vfprintf_me214:
;cstdio.c, 724 :: 		val = va_arg( arg, unsigned );
0x363A	0xFFE9C05A  	MOVFF       FARG_vfprintf_me_arg, FSR0L
0x363E	0xFFEAC05B  	MOVFF       FARG_vfprintf_me_arg+1, FSR0H
0x3642	0xF000CFEE  	MOVFF       POSTINC0, R0
0x3646	0xF001CFEE  	MOVFF       POSTINC0, R0+1
0x364A	0xFFE9C000  	MOVFF       R0, FSR0L
0x364E	0xFFEAC001  	MOVFF       R0+1, FSR0H
0x3652	0xF071CFEE  	MOVFF       POSTINC0, vfprintf_me__val_L0
0x3656	0xF072CFEE  	MOVFF       POSTINC0, vfprintf_me__val_L0+1
0x365A	0x0E00      	MOVLW       0
0x365C	0x6F73      	MOVWF       vfprintf_me__val_L0+2, 1
0x365E	0x6F74      	MOVWF       vfprintf_me__val_L0+3, 1
0x3660	0xFFE9C05A  	MOVFF       FARG_vfprintf_me_arg, FSR0L
0x3664	0xFFEAC05B  	MOVFF       FARG_vfprintf_me_arg+1, FSR0H
0x3668	0x0E02      	MOVLW       2
0x366A	0x24EE      	ADDWF       POSTINC0, 0 
0x366C	0x6E00      	MOVWF       R0 
0x366E	0x0E00      	MOVLW       0
0x3670	0x20EE      	ADDWFC      POSTINC0, 0 
0x3672	0x6E01      	MOVWF       R0+1 
0x3674	0xFFE1C05A  	MOVFF       FARG_vfprintf_me_arg, FSR1L
0x3678	0xFFE2C05B  	MOVFF       FARG_vfprintf_me_arg+1, FSR1H
0x367C	0xFFE6C000  	MOVFF       R0, POSTINC1
0x3680	0xFFE6C001  	MOVFF       R0+1, POSTINC1
L_vfprintf_me215:
;cstdio.c, 725 :: 		}
L_vfprintf_me213:
;cstdio.c, 726 :: 		if ( prec == 0 && val == 0 )
0x3684	0x0E00      	MOVLW       0
0x3686	0x1965      	XORWF       vfprintf_me_prec_L0+1, 0, 1
0x3688	0xE102      	BNZ         L__vfprintf_me394
0x368A	0x0E00      	MOVLW       0
0x368C	0x1964      	XORWF       vfprintf_me_prec_L0, 0, 1
L__vfprintf_me394:
0x368E	0xE10F      	BNZ         L_vfprintf_me218
0x3690	0x0E00      	MOVLW       0
0x3692	0x6E00      	MOVWF       R0 
0x3694	0x1974      	XORWF       vfprintf_me__val_L0+3, 0, 1
0x3696	0xE108      	BNZ         L__vfprintf_me395
0x3698	0x5000      	MOVF        R0, 0 
0x369A	0x1973      	XORWF       vfprintf_me__val_L0+2, 0, 1
0x369C	0xE105      	BNZ         L__vfprintf_me395
0x369E	0x5000      	MOVF        R0, 0 
0x36A0	0x1972      	XORWF       vfprintf_me__val_L0+1, 0, 1
0x36A2	0xE102      	BNZ         L__vfprintf_me395
0x36A4	0x5171      	MOVF        vfprintf_me__val_L0, 0, 1
0x36A6	0x0A00      	XORLW       0
L__vfprintf_me395:
0x36A8	0xE102      	BNZ         L_vfprintf_me218
L__vfprintf_me307:
;cstdio.c, 727 :: 		prec++;
0x36AA	0x4B64      	INFSNZ      vfprintf_me_prec_L0, 1, 1
0x36AC	0x2B65      	INCF        vfprintf_me_prec_L0+1, 1, 1
L_vfprintf_me218:
;cstdio.c, 729 :: 		switch ( ( unsigned char )( flag & BASEM ) ) {
0x36AE	0x0EC0      	MOVLW       192
0x36B0	0x1569      	ANDWF       vfprintf_me_flag_L0, 0, 1
0x36B2	0x6E00      	MOVWF       R0 
0x36B4	0xF005C000  	MOVFF       R0, R5
0x36B8	0xD0AE      	BRA         L_vfprintf_me219
;cstdio.c, 730 :: 		case TEN:
L_vfprintf_me221:
;cstdio.c, 731 :: 		case UNSIGN:
L_vfprintf_me222:
;cstdio.c, 732 :: 		for ( c = 1; c != sizeof dpowers / sizeof dpowers[ 0 ]; c++ )
0x36BA	0x0E01      	MOVLW       1
0x36BC	0x6F66      	MOVWF       vfprintf_me_c_L0, 1
L_vfprintf_me223:
0x36BE	0x5166      	MOVF        vfprintf_me_c_L0, 0, 1
0x36C0	0x0A0A      	XORLW       10
0x36C2	0xE034      	BZ          L_vfprintf_me224
;cstdio.c, 733 :: 		if ( val < dpowers[ c ] )
0x36C4	0xF000C066  	MOVFF       vfprintf_me_c_L0, R0
0x36C8	0x0E00      	MOVLW       0
0x36CA	0x6E01      	MOVWF       R0+1 
0x36CC	0x6E02      	MOVWF       R0+2 
0x36CE	0x6E03      	MOVWF       R0+3 
0x36D0	0x3600      	RLCF        R0, 1 
0x36D2	0x9000      	BCF         R0, 0 
0x36D4	0x3601      	RLCF        R0+1, 1 
0x36D6	0x3602      	RLCF        R0+2, 1 
0x36D8	0x3603      	RLCF        R0+3, 1 
0x36DA	0x3600      	RLCF        R0, 1 
0x36DC	0x9000      	BCF         R0, 0 
0x36DE	0x3601      	RLCF        R0+1, 1 
0x36E0	0x3602      	RLCF        R0+2, 1 
0x36E2	0x3603      	RLCF        R0+3, 1 
0x36E4	0x0E75      	MOVLW       cstdio_dpowers
0x36E6	0x2400      	ADDWF       R0, 0 
0x36E8	0x6EF6      	MOVWF       TBLPTR 
0x36EA	0x0E3F      	MOVLW       hi_addr(cstdio_dpowers)
0x36EC	0x2001      	ADDWFC      R0+1, 0 
0x36EE	0x6EF7      	MOVWF       TBLPTR+1 
0x36F0	0x0E00      	MOVLW       higher_addr(cstdio_dpowers)
0x36F2	0x2002      	ADDWFC      R0+2, 0 
0x36F4	0x6EF8      	MOVWF       TBLPTR+2 
0x36F6	0x0009      	TBLRD*+
0x36F8	0xF001CFF5  	MOVFF       TABLAT, R1
0x36FC	0x0009      	TBLRD*+
0x36FE	0xF002CFF5  	MOVFF       TABLAT, R1+1
0x3702	0x0009      	TBLRD*+
0x3704	0xF003CFF5  	MOVFF       TABLAT, R1+2
0x3708	0x0009      	TBLRD*+
0x370A	0xF004CFF5  	MOVFF       TABLAT, R1+3
0x370E	0x5004      	MOVF        R1+3, 0 
0x3710	0x5D74      	SUBWF       vfprintf_me__val_L0+3, 0, 1
0x3712	0xE108      	BNZ         L__vfprintf_me396
0x3714	0x5003      	MOVF        R1+2, 0 
0x3716	0x5D73      	SUBWF       vfprintf_me__val_L0+2, 0, 1
0x3718	0xE105      	BNZ         L__vfprintf_me396
0x371A	0x5002      	MOVF        R1+1, 0 
0x371C	0x5D72      	SUBWF       vfprintf_me__val_L0+1, 0, 1
0x371E	0xE102      	BNZ         L__vfprintf_me396
0x3720	0x5001      	MOVF        R1, 0 
0x3722	0x5D71      	SUBWF       vfprintf_me__val_L0, 0, 1
L__vfprintf_me396:
0x3724	0xE201      	BC          L_vfprintf_me226
;cstdio.c, 734 :: 		break;
0x3726	0xD002      	BRA         L_vfprintf_me224
L_vfprintf_me226:
;cstdio.c, 732 :: 		for ( c = 1; c != sizeof dpowers / sizeof dpowers[ 0 ]; c++ )
0x3728	0x2B66      	INCF        vfprintf_me_c_L0, 1, 1
;cstdio.c, 734 :: 		break;
0x372A	0xD7C9      	BRA         L_vfprintf_me223
L_vfprintf_me224:
;cstdio.c, 735 :: 		break;
0x372C	0xD082      	BRA         L_vfprintf_me220
;cstdio.c, 737 :: 		case SIXTEEN:
L_vfprintf_me227:
;cstdio.c, 738 :: 		for ( c = 1; c != sizeof hexpowers / sizeof hexpowers[ 0 ]; c++ )
0x372E	0x0E01      	MOVLW       1
0x3730	0x6F66      	MOVWF       vfprintf_me_c_L0, 1
L_vfprintf_me228:
0x3732	0x5166      	MOVF        vfprintf_me_c_L0, 0, 1
0x3734	0x0A08      	XORLW       8
0x3736	0xE034      	BZ          L_vfprintf_me229
;cstdio.c, 739 :: 		if ( val < hexpowers[ c ] )
0x3738	0xF000C066  	MOVFF       vfprintf_me_c_L0, R0
0x373C	0x0E00      	MOVLW       0
0x373E	0x6E01      	MOVWF       R0+1 
0x3740	0x6E02      	MOVWF       R0+2 
0x3742	0x6E03      	MOVWF       R0+3 
0x3744	0x3600      	RLCF        R0, 1 
0x3746	0x9000      	BCF         R0, 0 
0x3748	0x3601      	RLCF        R0+1, 1 
0x374A	0x3602      	RLCF        R0+2, 1 
0x374C	0x3603      	RLCF        R0+3, 1 
0x374E	0x3600      	RLCF        R0, 1 
0x3750	0x9000      	BCF         R0, 0 
0x3752	0x3601      	RLCF        R0+1, 1 
0x3754	0x3602      	RLCF        R0+2, 1 
0x3756	0x3603      	RLCF        R0+3, 1 
0x3758	0x0E9D      	MOVLW       cstdio_hexpowers
0x375A	0x2400      	ADDWF       R0, 0 
0x375C	0x6EF6      	MOVWF       TBLPTR 
0x375E	0x0E3F      	MOVLW       hi_addr(cstdio_hexpowers)
0x3760	0x2001      	ADDWFC      R0+1, 0 
0x3762	0x6EF7      	MOVWF       TBLPTR+1 
0x3764	0x0E00      	MOVLW       higher_addr(cstdio_hexpowers)
0x3766	0x2002      	ADDWFC      R0+2, 0 
0x3768	0x6EF8      	MOVWF       TBLPTR+2 
0x376A	0x0009      	TBLRD*+
0x376C	0xF001CFF5  	MOVFF       TABLAT, R1
0x3770	0x0009      	TBLRD*+
0x3772	0xF002CFF5  	MOVFF       TABLAT, R1+1
0x3776	0x0009      	TBLRD*+
0x3778	0xF003CFF5  	MOVFF       TABLAT, R1+2
0x377C	0x0009      	TBLRD*+
0x377E	0xF004CFF5  	MOVFF       TABLAT, R1+3
0x3782	0x5004      	MOVF        R1+3, 0 
0x3784	0x5D74      	SUBWF       vfprintf_me__val_L0+3, 0, 1
0x3786	0xE108      	BNZ         L__vfprintf_me397
0x3788	0x5003      	MOVF        R1+2, 0 
0x378A	0x5D73      	SUBWF       vfprintf_me__val_L0+2, 0, 1
0x378C	0xE105      	BNZ         L__vfprintf_me397
0x378E	0x5002      	MOVF        R1+1, 0 
0x3790	0x5D72      	SUBWF       vfprintf_me__val_L0+1, 0, 1
0x3792	0xE102      	BNZ         L__vfprintf_me397
0x3794	0x5001      	MOVF        R1, 0 
0x3796	0x5D71      	SUBWF       vfprintf_me__val_L0, 0, 1
L__vfprintf_me397:
0x3798	0xE201      	BC          L_vfprintf_me231
;cstdio.c, 740 :: 		break;
0x379A	0xD002      	BRA         L_vfprintf_me229
L_vfprintf_me231:
;cstdio.c, 738 :: 		for ( c = 1; c != sizeof hexpowers / sizeof hexpowers[ 0 ]; c++ )
0x379C	0x2B66      	INCF        vfprintf_me_c_L0, 1, 1
;cstdio.c, 740 :: 		break;
0x379E	0xD7C9      	BRA         L_vfprintf_me228
L_vfprintf_me229:
;cstdio.c, 741 :: 		break;
0x37A0	0xD048      	BRA         L_vfprintf_me220
;cstdio.c, 743 :: 		case EIGHT:
L_vfprintf_me232:
;cstdio.c, 744 :: 		for ( c = 1; c != sizeof octpowers / sizeof octpowers[ 0 ]; c++ )
0x37A2	0x0E01      	MOVLW       1
0x37A4	0x6F66      	MOVWF       vfprintf_me_c_L0, 1
L_vfprintf_me233:
0x37A6	0x5166      	MOVF        vfprintf_me_c_L0, 0, 1
0x37A8	0x0A0C      	XORLW       12
0x37AA	0xE034      	BZ          L_vfprintf_me234
;cstdio.c, 745 :: 		if ( val < octpowers[ c ] )
0x37AC	0xF000C066  	MOVFF       vfprintf_me_c_L0, R0
0x37B0	0x0E00      	MOVLW       0
0x37B2	0x6E01      	MOVWF       R0+1 
0x37B4	0x6E02      	MOVWF       R0+2 
0x37B6	0x6E03      	MOVWF       R0+3 
0x37B8	0x3600      	RLCF        R0, 1 
0x37BA	0x9000      	BCF         R0, 0 
0x37BC	0x3601      	RLCF        R0+1, 1 
0x37BE	0x3602      	RLCF        R0+2, 1 
0x37C0	0x3603      	RLCF        R0+3, 1 
0x37C2	0x3600      	RLCF        R0, 1 
0x37C4	0x9000      	BCF         R0, 0 
0x37C6	0x3601      	RLCF        R0+1, 1 
0x37C8	0x3602      	RLCF        R0+2, 1 
0x37CA	0x3603      	RLCF        R0+3, 1 
0x37CC	0x0E45      	MOVLW       cstdio_octpowers
0x37CE	0x2400      	ADDWF       R0, 0 
0x37D0	0x6EF6      	MOVWF       TBLPTR 
0x37D2	0x0E3F      	MOVLW       hi_addr(cstdio_octpowers)
0x37D4	0x2001      	ADDWFC      R0+1, 0 
0x37D6	0x6EF7      	MOVWF       TBLPTR+1 
0x37D8	0x0E00      	MOVLW       higher_addr(cstdio_octpowers)
0x37DA	0x2002      	ADDWFC      R0+2, 0 
0x37DC	0x6EF8      	MOVWF       TBLPTR+2 
0x37DE	0x0009      	TBLRD*+
0x37E0	0xF001CFF5  	MOVFF       TABLAT, R1
0x37E4	0x0009      	TBLRD*+
0x37E6	0xF002CFF5  	MOVFF       TABLAT, R1+1
0x37EA	0x0009      	TBLRD*+
0x37EC	0xF003CFF5  	MOVFF       TABLAT, R1+2
0x37F0	0x0009      	TBLRD*+
0x37F2	0xF004CFF5  	MOVFF       TABLAT, R1+3
0x37F6	0x5004      	MOVF        R1+3, 0 
0x37F8	0x5D74      	SUBWF       vfprintf_me__val_L0+3, 0, 1
0x37FA	0xE108      	BNZ         L__vfprintf_me398
0x37FC	0x5003      	MOVF        R1+2, 0 
0x37FE	0x5D73      	SUBWF       vfprintf_me__val_L0+2, 0, 1
0x3800	0xE105      	BNZ         L__vfprintf_me398
0x3802	0x5002      	MOVF        R1+1, 0 
0x3804	0x5D72      	SUBWF       vfprintf_me__val_L0+1, 0, 1
0x3806	0xE102      	BNZ         L__vfprintf_me398
0x3808	0x5001      	MOVF        R1, 0 
0x380A	0x5D71      	SUBWF       vfprintf_me__val_L0, 0, 1
L__vfprintf_me398:
0x380C	0xE201      	BC          L_vfprintf_me236
;cstdio.c, 746 :: 		break;
0x380E	0xD002      	BRA         L_vfprintf_me234
L_vfprintf_me236:
;cstdio.c, 744 :: 		for ( c = 1; c != sizeof octpowers / sizeof octpowers[ 0 ]; c++ )
0x3810	0x2B66      	INCF        vfprintf_me_c_L0, 1, 1
;cstdio.c, 746 :: 		break;
0x3812	0xD7C9      	BRA         L_vfprintf_me233
L_vfprintf_me234:
;cstdio.c, 747 :: 		break;
0x3814	0xD00E      	BRA         L_vfprintf_me220
;cstdio.c, 748 :: 		}
L_vfprintf_me219:
0x3816	0x5005      	MOVF        R5, 0 
0x3818	0x0A00      	XORLW       0
0x381A	0xB4D8      	BTFSC       STATUS, 2 
0x381C	0xD74E      	BRA         L_vfprintf_me221
0x381E	0x5005      	MOVF        R5, 0 
0x3820	0x0AC0      	XORLW       192
0x3822	0xB4D8      	BTFSC       STATUS, 2 
0x3824	0xD74A      	BRA         L_vfprintf_me222
0x3826	0x5005      	MOVF        R5, 0 
0x3828	0x0A80      	XORLW       128
0x382A	0xE081      	BZ          L_vfprintf_me227
0x382C	0x5005      	MOVF        R5, 0 
0x382E	0x0A40      	XORLW       64
0x3830	0xE0B8      	BZ          L_vfprintf_me232
L_vfprintf_me220:
;cstdio.c, 750 :: 		if ( c < prec )
0x3832	0x0E80      	MOVLW       128
0x3834	0x6E00      	MOVWF       R0 
0x3836	0x0E80      	MOVLW       128
0x3838	0x1965      	XORWF       vfprintf_me_prec_L0+1, 0, 1
0x383A	0x5C00      	SUBWF       R0, 0 
0x383C	0xE102      	BNZ         L__vfprintf_me399
0x383E	0x5164      	MOVF        vfprintf_me_prec_L0, 0, 1
0x3840	0x5D66      	SUBWF       vfprintf_me_c_L0, 0, 1
L__vfprintf_me399:
0x3842	0xE203      	BC          L_vfprintf_me237
;cstdio.c, 751 :: 		c = prec;
0x3844	0xF066C064  	MOVFF       vfprintf_me_prec_L0, vfprintf_me_c_L0
0x3848	0xD00D      	BRA         L_vfprintf_me238
L_vfprintf_me237:
;cstdio.c, 752 :: 		else if ( prec < c )
0x384A	0x0E80      	MOVLW       128
0x384C	0x1965      	XORWF       vfprintf_me_prec_L0+1, 0, 1
0x384E	0x6E00      	MOVWF       R0 
0x3850	0x0E80      	MOVLW       128
0x3852	0x5C00      	SUBWF       R0, 0 
0x3854	0xE102      	BNZ         L__vfprintf_me400
0x3856	0x5166      	MOVF        vfprintf_me_c_L0, 0, 1
0x3858	0x5D64      	SUBWF       vfprintf_me_prec_L0, 0, 1
L__vfprintf_me400:
0x385A	0xE204      	BC          L_vfprintf_me239
;cstdio.c, 753 :: 		prec = c;
0x385C	0xF064C066  	MOVFF       vfprintf_me_c_L0, vfprintf_me_prec_L0
0x3860	0x0E00      	MOVLW       0
0x3862	0x6F65      	MOVWF       vfprintf_me_prec_L0+1, 1
L_vfprintf_me239:
L_vfprintf_me238:
;cstdio.c, 755 :: 		if ( width && flag & NEGSIGN )
0x3864	0x5167      	MOVF        vfprintf_me_width_L0, 0, 1
0x3866	0x1168      	IORWF       vfprintf_me_width_L0+1, 0, 1
0x3868	0xE00E      	BZ          L_vfprintf_me242
0x386A	0x0E03      	MOVLW       3
0x386C	0x1569      	ANDWF       vfprintf_me_flag_L0, 0, 1
0x386E	0x6E00      	MOVWF       R0 
0x3870	0xF001C06A  	MOVFF       vfprintf_me_flag_L0+1, R0+1
0x3874	0x0E00      	MOVLW       0
0x3876	0x1601      	ANDWF       R0+1, 1 
0x3878	0x5000      	MOVF        R0, 0 
0x387A	0x1001      	IORWF       R0+1, 0 
0x387C	0xE004      	BZ          L_vfprintf_me242
L__vfprintf_me306:
;cstdio.c, 756 :: 		width--;
0x387E	0x0E01      	MOVLW       1
0x3880	0x5F67      	SUBWF       vfprintf_me_width_L0, 1, 1
0x3882	0x0E00      	MOVLW       0
0x3884	0x5B68      	SUBWFB      vfprintf_me_width_L0+1, 1, 1
L_vfprintf_me242:
;cstdio.c, 758 :: 		if ( width > prec )
0x3886	0x0E80      	MOVLW       128
0x3888	0x1965      	XORWF       vfprintf_me_prec_L0+1, 0, 1
0x388A	0x6E00      	MOVWF       R0 
0x388C	0x0E80      	MOVLW       128
0x388E	0x1968      	XORWF       vfprintf_me_width_L0+1, 0, 1
0x3890	0x5C00      	SUBWF       R0, 0 
0x3892	0xE102      	BNZ         L__vfprintf_me401
0x3894	0x5167      	MOVF        vfprintf_me_width_L0, 0, 1
0x3896	0x5D64      	SUBWF       vfprintf_me_prec_L0, 0, 1
L__vfprintf_me401:
0x3898	0xE205      	BC          L_vfprintf_me243
;cstdio.c, 759 :: 		width -= prec;
0x389A	0x5164      	MOVF        vfprintf_me_prec_L0, 0, 1
0x389C	0x5F67      	SUBWF       vfprintf_me_width_L0, 1, 1
0x389E	0x5165      	MOVF        vfprintf_me_prec_L0+1, 0, 1
0x38A0	0x5B68      	SUBWFB      vfprintf_me_width_L0+1, 1, 1
0x38A2	0xD002      	BRA         L_vfprintf_me244
L_vfprintf_me243:
;cstdio.c, 761 :: 		width = 0;
0x38A4	0x6B67      	CLRF        vfprintf_me_width_L0, 1
0x38A6	0x6B68      	CLRF        vfprintf_me_width_L0+1, 1
L_vfprintf_me244:
;cstdio.c, 763 :: 		if ( ( flag & ( FILL | BASEM | ALTERN ) ) == ( EIGHT | ALTERN ) ) {
0x38A8	0x0EC4      	MOVLW       196
0x38AA	0x1569      	ANDWF       vfprintf_me_flag_L0, 0, 1
0x38AC	0x6E01      	MOVWF       R1 
0x38AE	0x516A      	MOVF        vfprintf_me_flag_L0+1, 0, 1
0x38B0	0x0B08      	ANDLW       8
0x38B2	0x6E02      	MOVWF       R1+1 
0x38B4	0x5002      	MOVF        R1+1, 0 
0x38B6	0x0A08      	XORLW       8
0x38B8	0xE102      	BNZ         L__vfprintf_me402
0x38BA	0x0E40      	MOVLW       64
0x38BC	0x1801      	XORWF       R1, 0 
L__vfprintf_me402:
0x38BE	0xE108      	BNZ         L_vfprintf_me245
;cstdio.c, 764 :: 		if ( width )
0x38C0	0x5167      	MOVF        vfprintf_me_width_L0, 0, 1
0x38C2	0x1168      	IORWF       vfprintf_me_width_L0+1, 0, 1
0x38C4	0xE004      	BZ          L_vfprintf_me246
;cstdio.c, 765 :: 		width--;
0x38C6	0x0E01      	MOVLW       1
0x38C8	0x5F67      	SUBWF       vfprintf_me_width_L0, 1, 1
0x38CA	0x0E00      	MOVLW       0
0x38CC	0x5B68      	SUBWFB      vfprintf_me_width_L0+1, 1, 1
L_vfprintf_me246:
;cstdio.c, 766 :: 		} else if ( ( flag & ( BASEM | ALTERN ) ) == ( SIXTEEN | ALTERN ) ) {
0x38CE	0xD01C      	BRA         L_vfprintf_me247
L_vfprintf_me245:
0x38D0	0x0EC0      	MOVLW       192
0x38D2	0x1569      	ANDWF       vfprintf_me_flag_L0, 0, 1
0x38D4	0x6E01      	MOVWF       R1 
0x38D6	0x516A      	MOVF        vfprintf_me_flag_L0+1, 0, 1
0x38D8	0x0B08      	ANDLW       8
0x38DA	0x6E02      	MOVWF       R1+1 
0x38DC	0x5002      	MOVF        R1+1, 0 
0x38DE	0x0A08      	XORLW       8
0x38E0	0xE102      	BNZ         L__vfprintf_me403
0x38E2	0x0E80      	MOVLW       128
0x38E4	0x1801      	XORWF       R1, 0 
L__vfprintf_me403:
0x38E6	0xE110      	BNZ         L_vfprintf_me248
;cstdio.c, 767 :: 		if ( width > 2 )
0x38E8	0x0E80      	MOVLW       128
0x38EA	0x6E00      	MOVWF       R0 
0x38EC	0x0E80      	MOVLW       128
0x38EE	0x1968      	XORWF       vfprintf_me_width_L0+1, 0, 1
0x38F0	0x5C00      	SUBWF       R0, 0 
0x38F2	0xE102      	BNZ         L__vfprintf_me404
0x38F4	0x5167      	MOVF        vfprintf_me_width_L0, 0, 1
0x38F6	0x0802      	SUBLW       2
L__vfprintf_me404:
0x38F8	0xE205      	BC          L_vfprintf_me249
;cstdio.c, 768 :: 		width -= 2;
0x38FA	0x0E02      	MOVLW       2
0x38FC	0x5F67      	SUBWF       vfprintf_me_width_L0, 1, 1
0x38FE	0x0E00      	MOVLW       0
0x3900	0x5B68      	SUBWFB      vfprintf_me_width_L0+1, 1, 1
0x3902	0xD002      	BRA         L_vfprintf_me250
L_vfprintf_me249:
;cstdio.c, 770 :: 		width = 0;
0x3904	0x6B67      	CLRF        vfprintf_me_width_L0, 1
0x3906	0x6B68      	CLRF        vfprintf_me_width_L0+1, 1
L_vfprintf_me250:
;cstdio.c, 771 :: 		}
L_vfprintf_me248:
L_vfprintf_me247:
;cstdio.c, 773 :: 		if ( flag & FILL ) {
0x3908	0xA569      	BTFSS       vfprintf_me_flag_L0, 2, 1
0x390A	0xD06C      	BRA         L_vfprintf_me251
;cstdio.c, 774 :: 		if ( flag & MANSIGN )
0x390C	0xA369      	BTFSS       vfprintf_me_flag_L0, 1, 1
0x390E	0xD014      	BRA         L_vfprintf_me252
;cstdio.c, 775 :: 		stream( flag & SPCSIGN ? '-' : '+' );
0x3910	0xA169      	BTFSS       vfprintf_me_flag_L0, 0, 1
0x3912	0xD003      	BRA         L_vfprintf_me253
0x3914	0x0E2D      	MOVLW       45
0x3916	0x6F60      	MOVWF       ??FLOC___vfprintf_meT710, 1
0x3918	0xD002      	BRA         L_vfprintf_me254
L_vfprintf_me253:
0x391A	0x0E2B      	MOVLW       43
0x391C	0x6F60      	MOVWF       ??FLOC___vfprintf_meT710, 1
L_vfprintf_me254:
0x391E	0xFFE1C055  	MOVFF       FARG_vfprintf_me_stream+2, FSR1
0x3922	0xFFE2C056  	MOVFF       FARG_vfprintf_me_stream+3, FSR1+1
0x3926	0xFFE6C060  	MOVFF       ??FLOC___vfprintf_meT710, POSTINC1
0x392A	0xF000C053  	MOVFF       FARG_vfprintf_me_stream, R0
0x392E	0xF001C054  	MOVFF       FARG_vfprintf_me_stream+1, R1
0x3932	0xF006ECF7  	CALL        _____DoIFC, 0
0x3936	0xD03D      	BRA         L_vfprintf_me255
L_vfprintf_me252:
;cstdio.c, 776 :: 		else if ( flag & SPCSIGN )
0x3938	0x0100      	MOVLB       0
0x393A	0xA169      	BTFSS       vfprintf_me_flag_L0, 0, 1
0x393C	0xD00D      	BRA         L_vfprintf_me256
;cstdio.c, 777 :: 		stream( ' ' );
0x393E	0xFFE1C055  	MOVFF       FARG_vfprintf_me_stream+2, FSR1
0x3942	0xFFE2C056  	MOVFF       FARG_vfprintf_me_stream+3, FSR1+1
0x3946	0x0E20      	MOVLW       32
0x3948	0x6EE6      	MOVWF       POSTINC1 
0x394A	0xF000C053  	MOVFF       FARG_vfprintf_me_stream, R0
0x394E	0xF001C054  	MOVFF       FARG_vfprintf_me_stream+1, R1
0x3952	0xF006ECF7  	CALL        _____DoIFC, 0
0x3956	0xD02D      	BRA         L_vfprintf_me257
L_vfprintf_me256:
;cstdio.c, 778 :: 		else if ( ( flag & ( BASEM | ALTERN ) ) == ( SIXTEEN | ALTERN ) ) {
0x3958	0x0EC0      	MOVLW       192
0x395A	0x0100      	MOVLB       0
0x395C	0x1569      	ANDWF       vfprintf_me_flag_L0, 0, 1
0x395E	0x6E01      	MOVWF       R1 
0x3960	0x516A      	MOVF        vfprintf_me_flag_L0+1, 0, 1
0x3962	0x0B08      	ANDLW       8
0x3964	0x6E02      	MOVWF       R1+1 
0x3966	0x5002      	MOVF        R1+1, 0 
0x3968	0x0A08      	XORLW       8
0x396A	0xE102      	BNZ         L__vfprintf_me405
0x396C	0x0E80      	MOVLW       128
0x396E	0x1801      	XORWF       R1, 0 
L__vfprintf_me405:
0x3970	0xE120      	BNZ         L_vfprintf_me258
;cstdio.c, 779 :: 		stream( '0' );
0x3972	0xFFE1C055  	MOVFF       FARG_vfprintf_me_stream+2, FSR1
0x3976	0xFFE2C056  	MOVFF       FARG_vfprintf_me_stream+3, FSR1+1
0x397A	0x0E30      	MOVLW       48
0x397C	0x6EE6      	MOVWF       POSTINC1 
0x397E	0xF000C053  	MOVFF       FARG_vfprintf_me_stream, R0
0x3982	0xF001C054  	MOVFF       FARG_vfprintf_me_stream+1, R1
0x3986	0xF006ECF7  	CALL        _____DoIFC, 0
;cstdio.c, 780 :: 		stream( flag & UPCASE ? 'X' : 'x' );
0x398A	0x0100      	MOVLB       0
0x398C	0xAB69      	BTFSS       vfprintf_me_flag_L0, 5, 1
0x398E	0xD003      	BRA         L_vfprintf_me259
0x3990	0x0E58      	MOVLW       88
0x3992	0x6F61      	MOVWF       ??FLOC___vfprintf_meT724, 1
0x3994	0xD002      	BRA         L_vfprintf_me260
L_vfprintf_me259:
0x3996	0x0E78      	MOVLW       120
0x3998	0x6F61      	MOVWF       ??FLOC___vfprintf_meT724, 1
L_vfprintf_me260:
0x399A	0xFFE1C055  	MOVFF       FARG_vfprintf_me_stream+2, FSR1
0x399E	0xFFE2C056  	MOVFF       FARG_vfprintf_me_stream+3, FSR1+1
0x39A2	0xFFE6C061  	MOVFF       ??FLOC___vfprintf_meT724, POSTINC1
0x39A6	0xF000C053  	MOVFF       FARG_vfprintf_me_stream, R0
0x39AA	0xF001C054  	MOVFF       FARG_vfprintf_me_stream+1, R1
0x39AE	0xF006ECF7  	CALL        _____DoIFC, 0
;cstdio.c, 781 :: 		}
L_vfprintf_me258:
L_vfprintf_me257:
L_vfprintf_me255:
;cstdio.c, 783 :: 		if ( width )
0x39B2	0x0100      	MOVLB       0
0x39B4	0x5167      	MOVF        vfprintf_me_width_L0, 0, 1
0x39B6	0x1168      	IORWF       vfprintf_me_width_L0+1, 0, 1
0x39B8	0xE014      	BZ          L_vfprintf_me261
;cstdio.c, 784 :: 		do
L_vfprintf_me262:
;cstdio.c, 785 :: 		stream( '0' );
0x39BA	0xFFE1C055  	MOVFF       FARG_vfprintf_me_stream+2, FSR1
0x39BE	0xFFE2C056  	MOVFF       FARG_vfprintf_me_stream+3, FSR1+1
0x39C2	0x0E30      	MOVLW       48
0x39C4	0x6EE6      	MOVWF       POSTINC1 
0x39C6	0xF000C053  	MOVFF       FARG_vfprintf_me_stream, R0
0x39CA	0xF001C054  	MOVFF       FARG_vfprintf_me_stream+1, R1
0x39CE	0xF006ECF7  	CALL        _____DoIFC, 0
;cstdio.c, 786 :: 		while ( --width );
0x39D2	0x0E01      	MOVLW       1
0x39D4	0x0100      	MOVLB       0
0x39D6	0x5F67      	SUBWF       vfprintf_me_width_L0, 1, 1
0x39D8	0x0E00      	MOVLW       0
0x39DA	0x5B68      	SUBWFB      vfprintf_me_width_L0+1, 1, 1
0x39DC	0x5167      	MOVF        vfprintf_me_width_L0, 0, 1
0x39DE	0x1168      	IORWF       vfprintf_me_width_L0+1, 0, 1
0x39E0	0xE1EC      	BNZ         L_vfprintf_me262
L_vfprintf_me261:
;cstdio.c, 787 :: 		} else {
0x39E2	0xD085      	BRA         L_vfprintf_me265
L_vfprintf_me251:
;cstdio.c, 788 :: 		if ( width && !( flag & LEFT ) )
0x39E4	0x5167      	MOVF        vfprintf_me_width_L0, 0, 1
0x39E6	0x1168      	IORWF       vfprintf_me_width_L0+1, 0, 1
0x39E8	0xE016      	BZ          L_vfprintf_me268
0x39EA	0xB769      	BTFSC       vfprintf_me_flag_L0, 3, 1
0x39EC	0xD014      	BRA         L_vfprintf_me268
L__vfprintf_me305:
;cstdio.c, 789 :: 		do
L_vfprintf_me269:
;cstdio.c, 790 :: 		stream( ' ' );
0x39EE	0xFFE1C055  	MOVFF       FARG_vfprintf_me_stream+2, FSR1
0x39F2	0xFFE2C056  	MOVFF       FARG_vfprintf_me_stream+3, FSR1+1
0x39F6	0x0E20      	MOVLW       32
0x39F8	0x6EE6      	MOVWF       POSTINC1 
0x39FA	0xF000C053  	MOVFF       FARG_vfprintf_me_stream, R0
0x39FE	0xF001C054  	MOVFF       FARG_vfprintf_me_stream+1, R1
0x3A02	0xF006ECF7  	CALL        _____DoIFC, 0
;cstdio.c, 791 :: 		while ( --width );
0x3A06	0x0E01      	MOVLW       1
0x3A08	0x0100      	MOVLB       0
0x3A0A	0x5F67      	SUBWF       vfprintf_me_width_L0, 1, 1
0x3A0C	0x0E00      	MOVLW       0
0x3A0E	0x5B68      	SUBWFB      vfprintf_me_width_L0+1, 1, 1
0x3A10	0x5167      	MOVF        vfprintf_me_width_L0, 0, 1
0x3A12	0x1168      	IORWF       vfprintf_me_width_L0+1, 0, 1
0x3A14	0xE1EC      	BNZ         L_vfprintf_me269
L_vfprintf_me268:
;cstdio.c, 793 :: 		if ( flag & MANSIGN )
0x3A16	0xA369      	BTFSS       vfprintf_me_flag_L0, 1, 1
0x3A18	0xD014      	BRA         L_vfprintf_me272
;cstdio.c, 794 :: 		stream( flag & SPCSIGN ? '-' : '+' );
0x3A1A	0xA169      	BTFSS       vfprintf_me_flag_L0, 0, 1
0x3A1C	0xD003      	BRA         L_vfprintf_me273
0x3A1E	0x0E2D      	MOVLW       45
0x3A20	0x6F62      	MOVWF       ??FLOC___vfprintf_meT741, 1
0x3A22	0xD002      	BRA         L_vfprintf_me274
L_vfprintf_me273:
0x3A24	0x0E2B      	MOVLW       43
0x3A26	0x6F62      	MOVWF       ??FLOC___vfprintf_meT741, 1
L_vfprintf_me274:
0x3A28	0xFFE1C055  	MOVFF       FARG_vfprintf_me_stream+2, FSR1
0x3A2C	0xFFE2C056  	MOVFF       FARG_vfprintf_me_stream+3, FSR1+1
0x3A30	0xFFE6C062  	MOVFF       ??FLOC___vfprintf_meT741, POSTINC1
0x3A34	0xF000C053  	MOVFF       FARG_vfprintf_me_stream, R0
0x3A38	0xF001C054  	MOVFF       FARG_vfprintf_me_stream+1, R1
0x3A3C	0xF006ECF7  	CALL        _____DoIFC, 0
0x3A40	0xD00F      	BRA         L_vfprintf_me275
L_vfprintf_me272:
;cstdio.c, 795 :: 		else if ( flag & SPCSIGN )
0x3A42	0x0100      	MOVLB       0
0x3A44	0xA169      	BTFSS       vfprintf_me_flag_L0, 0, 1
0x3A46	0xD00C      	BRA         L_vfprintf_me276
;cstdio.c, 796 :: 		stream( ' ' );
0x3A48	0xFFE1C055  	MOVFF       FARG_vfprintf_me_stream+2, FSR1
0x3A4C	0xFFE2C056  	MOVFF       FARG_vfprintf_me_stream+3, FSR1+1
0x3A50	0x0E20      	MOVLW       32
0x3A52	0x6EE6      	MOVWF       POSTINC1 
0x3A54	0xF000C053  	MOVFF       FARG_vfprintf_me_stream, R0
0x3A58	0xF001C054  	MOVFF       FARG_vfprintf_me_stream+1, R1
0x3A5C	0xF006ECF7  	CALL        _____DoIFC, 0
L_vfprintf_me276:
L_vfprintf_me275:
;cstdio.c, 798 :: 		if ( ( flag & ( BASEM | ALTERN ) ) == ( EIGHT | ALTERN ) )
0x3A60	0x0EC0      	MOVLW       192
0x3A62	0x0100      	MOVLB       0
0x3A64	0x1569      	ANDWF       vfprintf_me_flag_L0, 0, 1
0x3A66	0x6E01      	MOVWF       R1 
0x3A68	0x516A      	MOVF        vfprintf_me_flag_L0+1, 0, 1
0x3A6A	0x0B08      	ANDLW       8
0x3A6C	0x6E02      	MOVWF       R1+1 
0x3A6E	0x5002      	MOVF        R1+1, 0 
0x3A70	0x0A08      	XORLW       8
0x3A72	0xE102      	BNZ         L__vfprintf_me406
0x3A74	0x0E40      	MOVLW       64
0x3A76	0x1801      	XORWF       R1, 0 
L__vfprintf_me406:
0x3A78	0xE10D      	BNZ         L_vfprintf_me277
;cstdio.c, 799 :: 		stream( '0' );
0x3A7A	0xFFE1C055  	MOVFF       FARG_vfprintf_me_stream+2, FSR1
0x3A7E	0xFFE2C056  	MOVFF       FARG_vfprintf_me_stream+3, FSR1+1
0x3A82	0x0E30      	MOVLW       48
0x3A84	0x6EE6      	MOVWF       POSTINC1 
0x3A86	0xF000C053  	MOVFF       FARG_vfprintf_me_stream, R0
0x3A8A	0xF001C054  	MOVFF       FARG_vfprintf_me_stream+1, R1
0x3A8E	0xF006ECF7  	CALL        _____DoIFC, 0
0x3A92	0xD02D      	BRA         L_vfprintf_me278
L_vfprintf_me277:
;cstdio.c, 800 :: 		else if ( ( flag & ( BASEM | ALTERN ) ) == ( SIXTEEN | ALTERN ) ) {
0x3A94	0x0EC0      	MOVLW       192
0x3A96	0x0100      	MOVLB       0
0x3A98	0x1569      	ANDWF       vfprintf_me_flag_L0, 0, 1
0x3A9A	0x6E01      	MOVWF       R1 
0x3A9C	0x516A      	MOVF        vfprintf_me_flag_L0+1, 0, 1
0x3A9E	0x0B08      	ANDLW       8
0x3AA0	0x6E02      	MOVWF       R1+1 
0x3AA2	0x5002      	MOVF        R1+1, 0 
0x3AA4	0x0A08      	XORLW       8
0x3AA6	0xE102      	BNZ         L__vfprintf_me407
0x3AA8	0x0E80      	MOVLW       128
0x3AAA	0x1801      	XORWF       R1, 0 
L__vfprintf_me407:
0x3AAC	0xE120      	BNZ         L_vfprintf_me279
;cstdio.c, 801 :: 		stream( '0' );
0x3AAE	0xFFE1C055  	MOVFF       FARG_vfprintf_me_stream+2, FSR1
0x3AB2	0xFFE2C056  	MOVFF       FARG_vfprintf_me_stream+3, FSR1+1
0x3AB6	0x0E30      	MOVLW       48
0x3AB8	0x6EE6      	MOVWF       POSTINC1 
0x3ABA	0xF000C053  	MOVFF       FARG_vfprintf_me_stream, R0
0x3ABE	0xF001C054  	MOVFF       FARG_vfprintf_me_stream+1, R1
0x3AC2	0xF006ECF7  	CALL        _____DoIFC, 0
;cstdio.c, 802 :: 		stream( flag & UPCASE ? 'X' : 'x' );
0x3AC6	0x0100      	MOVLB       0
0x3AC8	0xAB69      	BTFSS       vfprintf_me_flag_L0, 5, 1
0x3ACA	0xD003      	BRA         L_vfprintf_me280
0x3ACC	0x0E58      	MOVLW       88
0x3ACE	0x6F63      	MOVWF       ??FLOC___vfprintf_meT760, 1
0x3AD0	0xD002      	BRA         L_vfprintf_me281
L_vfprintf_me280:
0x3AD2	0x0E78      	MOVLW       120
0x3AD4	0x6F63      	MOVWF       ??FLOC___vfprintf_meT760, 1
L_vfprintf_me281:
0x3AD6	0xFFE1C055  	MOVFF       FARG_vfprintf_me_stream+2, FSR1
0x3ADA	0xFFE2C056  	MOVFF       FARG_vfprintf_me_stream+3, FSR1+1
0x3ADE	0xFFE6C063  	MOVFF       ??FLOC___vfprintf_meT760, POSTINC1
0x3AE2	0xF000C053  	MOVFF       FARG_vfprintf_me_stream, R0
0x3AE6	0xF001C054  	MOVFF       FARG_vfprintf_me_stream+1, R1
0x3AEA	0xF006ECF7  	CALL        _____DoIFC, 0
;cstdio.c, 803 :: 		}
L_vfprintf_me279:
L_vfprintf_me278:
;cstdio.c, 804 :: 		}
L_vfprintf_me265:
;cstdio.c, 806 :: 		while ( prec > c )
L_vfprintf_me282:
0x3AEE	0x0E80      	MOVLW       128
0x3AF0	0x6E00      	MOVWF       R0 
0x3AF2	0x0E80      	MOVLW       128
0x3AF4	0x0100      	MOVLB       0
0x3AF6	0x1965      	XORWF       vfprintf_me_prec_L0+1, 0, 1
0x3AF8	0x5C00      	SUBWF       R0, 0 
0x3AFA	0xE102      	BNZ         L__vfprintf_me408
0x3AFC	0x5164      	MOVF        vfprintf_me_prec_L0, 0, 1
0x3AFE	0x5D66      	SUBWF       vfprintf_me_c_L0, 0, 1
L__vfprintf_me408:
0x3B00	0xE20D      	BC          L_vfprintf_me283
;cstdio.c, 807 :: 		stream( '0' );
0x3B02	0xFFE1C055  	MOVFF       FARG_vfprintf_me_stream+2, FSR1
0x3B06	0xFFE2C056  	MOVFF       FARG_vfprintf_me_stream+3, FSR1+1
0x3B0A	0x0E30      	MOVLW       48
0x3B0C	0x6EE6      	MOVWF       POSTINC1 
0x3B0E	0xF000C053  	MOVFF       FARG_vfprintf_me_stream, R0
0x3B12	0xF001C054  	MOVFF       FARG_vfprintf_me_stream+1, R1
0x3B16	0xF006ECF7  	CALL        _____DoIFC, 0
0x3B1A	0xD7E9      	BRA         L_vfprintf_me282
L_vfprintf_me283:
;cstdio.c, 809 :: 		while ( prec-- ) {
L_vfprintf_me284:
0x3B1C	0xF000C064  	MOVFF       vfprintf_me_prec_L0, R0
0x3B20	0xF001C065  	MOVFF       vfprintf_me_prec_L0+1, R0+1
0x3B24	0x0E01      	MOVLW       1
0x3B26	0x0100      	MOVLB       0
0x3B28	0x5F64      	SUBWF       vfprintf_me_prec_L0, 1, 1
0x3B2A	0x0E00      	MOVLW       0
0x3B2C	0x5B65      	SUBWFB      vfprintf_me_prec_L0+1, 1, 1
0x3B2E	0x5000      	MOVF        R0, 0 
0x3B30	0x1001      	IORWF       R0+1, 0 
0x3B32	0xB4D8      	BTFSC       STATUS, 2 
0x3B34	0xD12C      	BRA         L_vfprintf_me285
;cstdio.c, 810 :: 		switch ( ( unsigned char )( flag & BASEM ) ) {
0x3B36	0x0EC0      	MOVLW       192
0x3B38	0x1569      	ANDWF       vfprintf_me_flag_L0, 0, 1
0x3B3A	0x6E00      	MOVWF       R0 
0x3B3C	0xF078C000  	MOVFF       R0, FLOC__vfprintf_me
0x3B40	0xD10A      	BRA         L_vfprintf_me286
;cstdio.c, 811 :: 		case TEN:
L_vfprintf_me288:
;cstdio.c, 812 :: 		case UNSIGN:
L_vfprintf_me289:
;cstdio.c, 813 :: 		c = ( val / dpowers[ prec ] ) % 10 + '0';
0x3B42	0xF000C064  	MOVFF       vfprintf_me_prec_L0, R0
0x3B46	0xF001C065  	MOVFF       vfprintf_me_prec_L0+1, R0+1
0x3B4A	0x0E00      	MOVLW       0
0x3B4C	0xBF65      	BTFSC       vfprintf_me_prec_L0+1, 7, 1
0x3B4E	0x0EFF      	MOVLW       255
0x3B50	0x6E02      	MOVWF       R0+2 
0x3B52	0x6E03      	MOVWF       R0+3 
0x3B54	0x3600      	RLCF        R0, 1 
0x3B56	0x9000      	BCF         R0, 0 
0x3B58	0x3601      	RLCF        R0+1, 1 
0x3B5A	0x3602      	RLCF        R0+2, 1 
0x3B5C	0x3603      	RLCF        R0+3, 1 
0x3B5E	0x3600      	RLCF        R0, 1 
0x3B60	0x9000      	BCF         R0, 0 
0x3B62	0x3601      	RLCF        R0+1, 1 
0x3B64	0x3602      	RLCF        R0+2, 1 
0x3B66	0x3603      	RLCF        R0+3, 1 
0x3B68	0x0E75      	MOVLW       cstdio_dpowers
0x3B6A	0x2400      	ADDWF       R0, 0 
0x3B6C	0x6EF6      	MOVWF       TBLPTR 
0x3B6E	0x0E3F      	MOVLW       hi_addr(cstdio_dpowers)
0x3B70	0x2001      	ADDWFC      R0+1, 0 
0x3B72	0x6EF7      	MOVWF       TBLPTR+1 
0x3B74	0x0E00      	MOVLW       higher_addr(cstdio_dpowers)
0x3B76	0x2002      	ADDWFC      R0+2, 0 
0x3B78	0x6EF8      	MOVWF       TBLPTR+2 
0x3B7A	0x0009      	TBLRD*+
0x3B7C	0xF004CFF5  	MOVFF       TABLAT, R4
0x3B80	0x0009      	TBLRD*+
0x3B82	0xF005CFF5  	MOVFF       TABLAT, R4+1
0x3B86	0x0009      	TBLRD*+
0x3B88	0xF006CFF5  	MOVFF       TABLAT, R4+2
0x3B8C	0x0009      	TBLRD*+
0x3B8E	0xF007CFF5  	MOVFF       TABLAT, R4+3
0x3B92	0xF000C071  	MOVFF       vfprintf_me__val_L0, R0
0x3B96	0xF001C072  	MOVFF       vfprintf_me__val_L0+1, R0+1
0x3B9A	0xF002C073  	MOVFF       vfprintf_me__val_L0+2, R0+2
0x3B9E	0xF003C074  	MOVFF       vfprintf_me__val_L0+3, R0+3
0x3BA2	0xF005EC1F  	CALL        _Div_32x32_U, 0
0x3BA6	0x0E0A      	MOVLW       10
0x3BA8	0x6E04      	MOVWF       R4 
0x3BAA	0x0E00      	MOVLW       0
0x3BAC	0x6E05      	MOVWF       R4+1 
0x3BAE	0x6E06      	MOVWF       R4+2 
0x3BB0	0x6E07      	MOVWF       R4+3 
0x3BB2	0xF005EC1F  	CALL        _Div_32x32_U, 0
0x3BB6	0xF000C008  	MOVFF       R8, R0
0x3BBA	0xF001C009  	MOVFF       R8+1, R0+1
0x3BBE	0xF002C00A  	MOVFF       R8+2, R0+2
0x3BC2	0xF003C00B  	MOVFF       R8+3, R0+3
0x3BC6	0x0E30      	MOVLW       48
0x3BC8	0x2400      	ADDWF       R0, 0 
0x3BCA	0x6F66      	MOVWF       vfprintf_me_c_L0, 1
;cstdio.c, 814 :: 		break;
0x3BCC	0xD0D3      	BRA         L_vfprintf_me287
;cstdio.c, 816 :: 		case SIXTEEN:
L_vfprintf_me290:
;cstdio.c, 817 :: 		if ( flag & UPCASE )
0x3BCE	0xAB69      	BTFSS       vfprintf_me_flag_L0, 5, 1
0x3BD0	0xD045      	BRA         L_vfprintf_me291
;cstdio.c, 818 :: 		c = hexb[ ( val / hexpowers[ prec ] ) & 0xF ];
0x3BD2	0xF000C064  	MOVFF       vfprintf_me_prec_L0, R0
0x3BD6	0xF001C065  	MOVFF       vfprintf_me_prec_L0+1, R0+1
0x3BDA	0x0E00      	MOVLW       0
0x3BDC	0xBF65      	BTFSC       vfprintf_me_prec_L0+1, 7, 1
0x3BDE	0x0EFF      	MOVLW       255
0x3BE0	0x6E02      	MOVWF       R0+2 
0x3BE2	0x6E03      	MOVWF       R0+3 
0x3BE4	0x3600      	RLCF        R0, 1 
0x3BE6	0x9000      	BCF         R0, 0 
0x3BE8	0x3601      	RLCF        R0+1, 1 
0x3BEA	0x3602      	RLCF        R0+2, 1 
0x3BEC	0x3603      	RLCF        R0+3, 1 
0x3BEE	0x3600      	RLCF        R0, 1 
0x3BF0	0x9000      	BCF         R0, 0 
0x3BF2	0x3601      	RLCF        R0+1, 1 
0x3BF4	0x3602      	RLCF        R0+2, 1 
0x3BF6	0x3603      	RLCF        R0+3, 1 
0x3BF8	0x0E9D      	MOVLW       cstdio_hexpowers
0x3BFA	0x2400      	ADDWF       R0, 0 
0x3BFC	0x6EF6      	MOVWF       TBLPTR 
0x3BFE	0x0E3F      	MOVLW       hi_addr(cstdio_hexpowers)
0x3C00	0x2001      	ADDWFC      R0+1, 0 
0x3C02	0x6EF7      	MOVWF       TBLPTR+1 
0x3C04	0x0E00      	MOVLW       higher_addr(cstdio_hexpowers)
0x3C06	0x2002      	ADDWFC      R0+2, 0 
0x3C08	0x6EF8      	MOVWF       TBLPTR+2 
0x3C0A	0x0009      	TBLRD*+
0x3C0C	0xF004CFF5  	MOVFF       TABLAT, R4
0x3C10	0x0009      	TBLRD*+
0x3C12	0xF005CFF5  	MOVFF       TABLAT, R4+1
0x3C16	0x0009      	TBLRD*+
0x3C18	0xF006CFF5  	MOVFF       TABLAT, R4+2
0x3C1C	0x0009      	TBLRD*+
0x3C1E	0xF007CFF5  	MOVFF       TABLAT, R4+3
0x3C22	0xF000C071  	MOVFF       vfprintf_me__val_L0, R0
0x3C26	0xF001C072  	MOVFF       vfprintf_me__val_L0+1, R0+1
0x3C2A	0xF002C073  	MOVFF       vfprintf_me__val_L0+2, R0+2
0x3C2E	0xF003C074  	MOVFF       vfprintf_me__val_L0+3, R0+3
0x3C32	0xF005EC1F  	CALL        _Div_32x32_U, 0
0x3C36	0x0E0F      	MOVLW       15
0x3C38	0x1600      	ANDWF       R0, 1 
0x3C3A	0x0E00      	MOVLW       0
0x3C3C	0x1601      	ANDWF       R0+1, 1 
0x3C3E	0x1602      	ANDWF       R0+2, 1 
0x3C40	0x1603      	ANDWF       R0+3, 1 
0x3C42	0x0ECE      	MOVLW       cstdio_hexb
0x3C44	0x2400      	ADDWF       R0, 0 
0x3C46	0x6EF6      	MOVWF       TBLPTR 
0x3C48	0x0E3F      	MOVLW       hi_addr(cstdio_hexb)
0x3C4A	0x2001      	ADDWFC      R0+1, 0 
0x3C4C	0x6EF7      	MOVWF       TBLPTR+1 
0x3C4E	0x0E00      	MOVLW       higher_addr(cstdio_hexb)
0x3C50	0x2002      	ADDWFC      R0+2, 0 
0x3C52	0x6EF8      	MOVWF       TBLPTR+2 
0x3C54	0x0009      	TBLRD*+
0x3C56	0xF066CFF5  	MOVFF       TABLAT, vfprintf_me_c_L0
0x3C5A	0xD044      	BRA         L_vfprintf_me292
L_vfprintf_me291:
;cstdio.c, 820 :: 		c = hexs[ ( val / hexpowers[ prec ] ) & 0xF ];
0x3C5C	0xF000C064  	MOVFF       vfprintf_me_prec_L0, R0
0x3C60	0xF001C065  	MOVFF       vfprintf_me_prec_L0+1, R0+1
0x3C64	0x0E00      	MOVLW       0
0x3C66	0xBF65      	BTFSC       vfprintf_me_prec_L0+1, 7, 1
0x3C68	0x0EFF      	MOVLW       255
0x3C6A	0x6E02      	MOVWF       R0+2 
0x3C6C	0x6E03      	MOVWF       R0+3 
0x3C6E	0x3600      	RLCF        R0, 1 
0x3C70	0x9000      	BCF         R0, 0 
0x3C72	0x3601      	RLCF        R0+1, 1 
0x3C74	0x3602      	RLCF        R0+2, 1 
0x3C76	0x3603      	RLCF        R0+3, 1 
0x3C78	0x3600      	RLCF        R0, 1 
0x3C7A	0x9000      	BCF         R0, 0 
0x3C7C	0x3601      	RLCF        R0+1, 1 
0x3C7E	0x3602      	RLCF        R0+2, 1 
0x3C80	0x3603      	RLCF        R0+3, 1 
0x3C82	0x0E9D      	MOVLW       cstdio_hexpowers
0x3C84	0x2400      	ADDWF       R0, 0 
0x3C86	0x6EF6      	MOVWF       TBLPTR 
0x3C88	0x0E3F      	MOVLW       hi_addr(cstdio_hexpowers)
0x3C8A	0x2001      	ADDWFC      R0+1, 0 
0x3C8C	0x6EF7      	MOVWF       TBLPTR+1 
0x3C8E	0x0E00      	MOVLW       higher_addr(cstdio_hexpowers)
0x3C90	0x2002      	ADDWFC      R0+2, 0 
0x3C92	0x6EF8      	MOVWF       TBLPTR+2 
0x3C94	0x0009      	TBLRD*+
0x3C96	0xF004CFF5  	MOVFF       TABLAT, R4
0x3C9A	0x0009      	TBLRD*+
0x3C9C	0xF005CFF5  	MOVFF       TABLAT, R4+1
0x3CA0	0x0009      	TBLRD*+
0x3CA2	0xF006CFF5  	MOVFF       TABLAT, R4+2
0x3CA6	0x0009      	TBLRD*+
0x3CA8	0xF007CFF5  	MOVFF       TABLAT, R4+3
0x3CAC	0xF000C071  	MOVFF       vfprintf_me__val_L0, R0
0x3CB0	0xF001C072  	MOVFF       vfprintf_me__val_L0+1, R0+1
0x3CB4	0xF002C073  	MOVFF       vfprintf_me__val_L0+2, R0+2
0x3CB8	0xF003C074  	MOVFF       vfprintf_me__val_L0+3, R0+3
0x3CBC	0xF005EC1F  	CALL        _Div_32x32_U, 0
0x3CC0	0x0E0F      	MOVLW       15
0x3CC2	0x1600      	ANDWF       R0, 1 
0x3CC4	0x0E00      	MOVLW       0
0x3CC6	0x1601      	ANDWF       R0+1, 1 
0x3CC8	0x1602      	ANDWF       R0+2, 1 
0x3CCA	0x1603      	ANDWF       R0+3, 1 
0x3CCC	0x0EBD      	MOVLW       cstdio_hexs
0x3CCE	0x2400      	ADDWF       R0, 0 
0x3CD0	0x6EF6      	MOVWF       TBLPTR 
0x3CD2	0x0E3F      	MOVLW       hi_addr(cstdio_hexs)
0x3CD4	0x2001      	ADDWFC      R0+1, 0 
0x3CD6	0x6EF7      	MOVWF       TBLPTR+1 
0x3CD8	0x0E00      	MOVLW       higher_addr(cstdio_hexs)
0x3CDA	0x2002      	ADDWFC      R0+2, 0 
0x3CDC	0x6EF8      	MOVWF       TBLPTR+2 
0x3CDE	0x0009      	TBLRD*+
0x3CE0	0xF066CFF5  	MOVFF       TABLAT, vfprintf_me_c_L0
L_vfprintf_me292:
;cstdio.c, 821 :: 		break;
0x3CE4	0xD047      	BRA         L_vfprintf_me287
;cstdio.c, 823 :: 		case EIGHT:
L_vfprintf_me293:
;cstdio.c, 824 :: 		c = ( ( val / octpowers[ prec ] ) & 07 ) + '0';
0x3CE6	0xF000C064  	MOVFF       vfprintf_me_prec_L0, R0
0x3CEA	0xF001C065  	MOVFF       vfprintf_me_prec_L0+1, R0+1
0x3CEE	0x0E00      	MOVLW       0
0x3CF0	0xBF65      	BTFSC       vfprintf_me_prec_L0+1, 7, 1
0x3CF2	0x0EFF      	MOVLW       255
0x3CF4	0x6E02      	MOVWF       R0+2 
0x3CF6	0x6E03      	MOVWF       R0+3 
0x3CF8	0x3600      	RLCF        R0, 1 
0x3CFA	0x9000      	BCF         R0, 0 
0x3CFC	0x3601      	RLCF        R0+1, 1 
0x3CFE	0x3602      	RLCF        R0+2, 1 
0x3D00	0x3603      	RLCF        R0+3, 1 
0x3D02	0x3600      	RLCF        R0, 1 
0x3D04	0x9000      	BCF         R0, 0 
0x3D06	0x3601      	RLCF        R0+1, 1 
0x3D08	0x3602      	RLCF        R0+2, 1 
0x3D0A	0x3603      	RLCF        R0+3, 1 
0x3D0C	0x0E45      	MOVLW       cstdio_octpowers
0x3D0E	0x2400      	ADDWF       R0, 0 
0x3D10	0x6EF6      	MOVWF       TBLPTR 
0x3D12	0x0E3F      	MOVLW       hi_addr(cstdio_octpowers)
0x3D14	0x2001      	ADDWFC      R0+1, 0 
0x3D16	0x6EF7      	MOVWF       TBLPTR+1 
0x3D18	0x0E00      	MOVLW       higher_addr(cstdio_octpowers)
0x3D1A	0x2002      	ADDWFC      R0+2, 0 
0x3D1C	0x6EF8      	MOVWF       TBLPTR+2 
0x3D1E	0x0009      	TBLRD*+
0x3D20	0xF004CFF5  	MOVFF       TABLAT, R4
0x3D24	0x0009      	TBLRD*+
0x3D26	0xF005CFF5  	MOVFF       TABLAT, R4+1
0x3D2A	0x0009      	TBLRD*+
0x3D2C	0xF006CFF5  	MOVFF       TABLAT, R4+2
0x3D30	0x0009      	TBLRD*+
0x3D32	0xF007CFF5  	MOVFF       TABLAT, R4+3
0x3D36	0xF000C071  	MOVFF       vfprintf_me__val_L0, R0
0x3D3A	0xF001C072  	MOVFF       vfprintf_me__val_L0+1, R0+1
0x3D3E	0xF002C073  	MOVFF       vfprintf_me__val_L0+2, R0+2
0x3D42	0xF003C074  	MOVFF       vfprintf_me__val_L0+3, R0+3
0x3D46	0xF005EC1F  	CALL        _Div_32x32_U, 0
0x3D4A	0x0E07      	MOVLW       7
0x3D4C	0x1400      	ANDWF       R0, 0 
0x3D4E	0x6F66      	MOVWF       vfprintf_me_c_L0, 1
0x3D50	0x0E30      	MOVLW       48
0x3D52	0x2766      	ADDWF       vfprintf_me_c_L0, 1, 1
;cstdio.c, 825 :: 		break;
0x3D54	0xD00F      	BRA         L_vfprintf_me287
;cstdio.c, 826 :: 		}
L_vfprintf_me286:
0x3D56	0x5178      	MOVF        FLOC__vfprintf_me, 0, 1
0x3D58	0x0A00      	XORLW       0
0x3D5A	0xB4D8      	BTFSC       STATUS, 2 
0x3D5C	0xD6F2      	BRA         L_vfprintf_me288
0x3D5E	0x5178      	MOVF        FLOC__vfprintf_me, 0, 1
0x3D60	0x0AC0      	XORLW       192
0x3D62	0xB4D8      	BTFSC       STATUS, 2 
0x3D64	0xD6EE      	BRA         L_vfprintf_me289
0x3D66	0x5178      	MOVF        FLOC__vfprintf_me, 0, 1
0x3D68	0x0A80      	XORLW       128
0x3D6A	0xB4D8      	BTFSC       STATUS, 2 
0x3D6C	0xD730      	BRA         L_vfprintf_me290
0x3D6E	0x5178      	MOVF        FLOC__vfprintf_me, 0, 1
0x3D70	0x0A40      	XORLW       64
0x3D72	0xE0B9      	BZ          L_vfprintf_me293
L_vfprintf_me287:
;cstdio.c, 827 :: 		stream( c );
0x3D74	0xFFE1C055  	MOVFF       FARG_vfprintf_me_stream+2, FSR1
0x3D78	0xFFE2C056  	MOVFF       FARG_vfprintf_me_stream+3, FSR1+1
0x3D7C	0xFFE6C066  	MOVFF       vfprintf_me_c_L0, POSTINC1
0x3D80	0xF000C053  	MOVFF       FARG_vfprintf_me_stream, R0
0x3D84	0xF001C054  	MOVFF       FARG_vfprintf_me_stream+1, R1
0x3D88	0xF006ECF7  	CALL        _____DoIFC, 0
;cstdio.c, 828 :: 		}
0x3D8C	0xD6C7      	BRA         L_vfprintf_me284
L_vfprintf_me285:
;cstdio.c, 830 :: 		if ( ( flag & LEFT ) && width > 0 )
0x3D8E	0x0100      	MOVLB       0
0x3D90	0xA769      	BTFSS       vfprintf_me_flag_L0, 3, 1
0x3D92	0xD01D      	BRA         L_vfprintf_me296
0x3D94	0x0E80      	MOVLW       128
0x3D96	0x6E00      	MOVWF       R0 
0x3D98	0x0E80      	MOVLW       128
0x3D9A	0x1968      	XORWF       vfprintf_me_width_L0+1, 0, 1
0x3D9C	0x5C00      	SUBWF       R0, 0 
0x3D9E	0xE102      	BNZ         L__vfprintf_me409
0x3DA0	0x5167      	MOVF        vfprintf_me_width_L0, 0, 1
0x3DA2	0x0800      	SUBLW       0
L__vfprintf_me409:
0x3DA4	0xE214      	BC          L_vfprintf_me296
L__vfprintf_me304:
;cstdio.c, 831 :: 		do
L_vfprintf_me297:
;cstdio.c, 832 :: 		stream( ' ' );
0x3DA6	0xFFE1C055  	MOVFF       FARG_vfprintf_me_stream+2, FSR1
0x3DAA	0xFFE2C056  	MOVFF       FARG_vfprintf_me_stream+3, FSR1+1
0x3DAE	0x0E20      	MOVLW       32
0x3DB0	0x6EE6      	MOVWF       POSTINC1 
0x3DB2	0xF000C053  	MOVFF       FARG_vfprintf_me_stream, R0
0x3DB6	0xF001C054  	MOVFF       FARG_vfprintf_me_stream+1, R1
0x3DBA	0xF006ECF7  	CALL        _____DoIFC, 0
;cstdio.c, 833 :: 		while ( --width );
0x3DBE	0x0E01      	MOVLW       1
0x3DC0	0x0100      	MOVLB       0
0x3DC2	0x5F67      	SUBWF       vfprintf_me_width_L0, 1, 1
0x3DC4	0x0E00      	MOVLW       0
0x3DC6	0x5B68      	SUBWFB      vfprintf_me_width_L0+1, 1, 1
0x3DC8	0x5167      	MOVF        vfprintf_me_width_L0, 0, 1
0x3DCA	0x1168      	IORWF       vfprintf_me_width_L0+1, 0, 1
0x3DCC	0xE1EC      	BNZ         L_vfprintf_me297
L_vfprintf_me296:
;cstdio.c, 834 :: 		}
0x3DCE	0xF00DEF84  	GOTO        L_vfprintf_me12
L_vfprintf_me13:
;cstdio.c, 836 :: 		return ccnt;
0x3DD2	0xF000C076  	MOVFF       vfprintf_me_ccnt_L0, R0
0x3DD6	0xF001C077  	MOVFF       vfprintf_me_ccnt_L0+1, R0+1
;cstdio.c, 837 :: 		}
L_end_vfprintf_me:
0x3DDA	0x0012      	RETURN      0
; end of _vfprintf_me
_printf_me:
;cstdio.c, 850 :: 		int printf_me( const char * __generic format, ... )
;cstdio.c, 852 :: 		int     cnt = 0;
;cstdio.c, 855 :: 		va_start( arg, format );
0x3DDC	0x0E50      	MOVLW       FARG_printf_me_format+3
0x3DDE	0x6E51      	MOVWF       printf_me_arg_L0 
0x3DE0	0x0E00      	MOVLW       hi_addr(FARG_printf_me_format+3)
0x3DE2	0x6E52      	MOVWF       printf_me_arg_L0+1 
;cstdio.c, 856 :: 		cnt = vfprintf_me( &debugStdOut, format, arg );
0x3DE4	0x0E4A      	MOVLW       _debugStdOut
0x3DE6	0x6E53      	MOVWF       FARG_vfprintf_me_stream 
0x3DE8	0x0E02      	MOVLW       hi_addr(_debugStdOut)
0x3DEA	0x6E54      	MOVWF       FARG_vfprintf_me_stream+1 
0x3DEC	0x0E83      	MOVLW       FARG_debugStdOut_ch
0x3DEE	0x6E55      	MOVWF       FARG_vfprintf_me_stream+2 
0x3DF0	0x0E00      	MOVLW       hi_addr(FARG_debugStdOut_ch)
0x3DF2	0x6E56      	MOVWF       FARG_vfprintf_me_stream+3 
0x3DF4	0xF057C04D  	MOVFF       FARG_printf_me_format, FARG_vfprintf_me_format
0x3DF8	0xF058C04E  	MOVFF       FARG_printf_me_format+1, FARG_vfprintf_me_format+1
0x3DFC	0xF059C04F  	MOVFF       FARG_printf_me_format+2, FARG_vfprintf_me_format+2
0x3E00	0x0E51      	MOVLW       printf_me_arg_L0
0x3E02	0x6E5A      	MOVWF       FARG_vfprintf_me_arg 
0x3E04	0x0E00      	MOVLW       hi_addr(printf_me_arg_L0)
0x3E06	0x6E5B      	MOVWF       FARG_vfprintf_me_arg+1 
0x3E08	0xF00DEC7F  	CALL        _vfprintf_me, 0
;cstdio.c, 858 :: 		return cnt;
;cstdio.c, 859 :: 		}
L_end_printf_me:
0x3E0C	0x0012      	RETURN      0
; end of _printf_me
___FillZeros:
;__Lib_System_xxK40.c, 19 :: 		void __FillZeros()
;__Lib_System_xxK40.c, 21 :: 		while(FSR0 > FSR1)
L___FillZeros1:
0x3E0E	0x50EA      	MOVF        FSR0+1, 0 
0x3E10	0x5CE2      	SUBWF       FSR1+1, 0 
0x3E12	0xE102      	BNZ         L____FillZeros12
0x3E14	0x50E9      	MOVF        FSR0, 0 
0x3E16	0x5CE1      	SUBWF       FSR1, 0 
L____FillZeros12:
0x3E18	0xE202      	BC          L___FillZeros2
;__Lib_System_xxK40.c, 22 :: 		POSTINC1 = 0;
0x3E1A	0x6AE6      	CLRF        POSTINC1 
0x3E1C	0xD7F8      	BRA         L___FillZeros1
L___FillZeros2:
;__Lib_System_xxK40.c, 23 :: 		}
L_end___FillZeros:
0x3E1E	0x0012      	RETURN      0
; end of ___FillZeros
_preinit:
;preinit.c, 25 :: 		void preinit(void) {
;preinit.c, 30 :: 		if (!preinit_done) {
0x3E20	0x5246      	MOVF        preinit_preinit_done, 1 
0x3E22	0xE102      	BNZ         L_preinit0
;preinit.c, 73 :: 		preinit_done = true;
0x3E24	0x0E01      	MOVLW       1
0x3E26	0x6E46      	MOVWF       preinit_preinit_done 
;preinit.c, 74 :: 		}
L_preinit0:
;preinit.c, 75 :: 		}
L_end_preinit:
0x3E28	0x0012      	RETURN      0
; end of _preinit
_printFlag:
;main.c, 14 :: 		void printFlag(bool flag)
;main.c, 16 :: 		if (flag) {
0x3E2A	0x524B      	MOVF        FARG_printFlag_flag, 1 
0x3E2C	0xE008      	BZ          L_printFlag2
;main.c, 17 :: 		printf_me("Flag is ON\n");
0x3E2E	0x0EEC      	MOVLW       ?lstr_1_main
0x3E30	0x6E4D      	MOVWF       FARG_printf_me_format 
0x3E32	0x0E3F      	MOVLW       hi_addr(?lstr_1_main)
0x3E34	0x6E4E      	MOVWF       FARG_printf_me_format+1 
0x3E36	0x0E00      	MOVLW       higher_addr(?lstr_1_main)
0x3E38	0x6E4F      	MOVWF       FARG_printf_me_format+2 
0x3E3A	0xDFD0      	RCALL       _printf_me
;main.c, 18 :: 		} else {
0x3E3C	0xD007      	BRA         L_printFlag3
L_printFlag2:
;main.c, 19 :: 		printf_me("Flag is OFF\n");
0x3E3E	0x0EDF      	MOVLW       ?lstr_2_main
0x3E40	0x6E4D      	MOVWF       FARG_printf_me_format 
0x3E42	0x0E3F      	MOVLW       hi_addr(?lstr_2_main)
0x3E44	0x6E4E      	MOVWF       FARG_printf_me_format+1 
0x3E46	0x0E00      	MOVLW       higher_addr(?lstr_2_main)
0x3E48	0x6E4F      	MOVWF       FARG_printf_me_format+2 
0x3E4A	0xDFC8      	RCALL       _printf_me
;main.c, 20 :: 		}
L_printFlag3:
;main.c, 21 :: 		}
L_end_printFlag:
0x3E4C	0x0012      	RETURN      0
; end of _printFlag
_delay:
;main.c, 6 :: 		void delay(unsigned int count)
;main.c, 8 :: 		while(count--) {
L_delay0:
0x3E4E	0xF000C04B  	MOVFF       FARG_delay_count, R0
0x3E52	0xF001C04C  	MOVFF       FARG_delay_count+1, R0+1
0x3E56	0x0E01      	MOVLW       1
0x3E58	0x5E4B      	SUBWF       FARG_delay_count, 1 
0x3E5A	0x0E00      	MOVLW       0
0x3E5C	0x5A4C      	SUBWFB      FARG_delay_count+1, 1 
0x3E5E	0x5000      	MOVF        R0, 0 
0x3E60	0x1001      	IORWF       R0+1, 0 
0x3E62	0xE001      	BZ          L_delay1
;main.c, 10 :: 		}
0x3E64	0xD7F4      	BRA         L_delay0
L_delay1:
;main.c, 11 :: 		}
L_end_delay:
0x3E66	0x0012      	RETURN      0
; end of _delay
___CC2DW:
;__Lib_System_xxK40.c, 25 :: 		void __CC2DW()
;__Lib_System_xxK40.c, 28 :: 		BSF    NVMCON1, 7
0x3E68	0x8E77      	BSF         NVMCON1, 7, 0
;__Lib_System_xxK40.c, 29 :: 		_CC2DL_Loop1:
_CC2DL_Loop1:
;__Lib_System_xxK40.c, 30 :: 		TBLRD*+
0x3E6A	0x0009      	TBLRD*+
;__Lib_System_xxK40.c, 31 :: 		MOVFF  TABLAT, POSTINC1
0x3E6C	0xFFE6CFF5  	MOVFF       TABLAT, POSTINC1
;__Lib_System_xxK40.c, 32 :: 		DECF   R0, 1
0x3E70	0x0600      	DECF        R0, 1, 0
;__Lib_System_xxK40.c, 33 :: 		BNZ    _CC2DL_Loop1
0x3E72	0xE1FB      	BNZ         _CC2DL_Loop1
;__Lib_System_xxK40.c, 34 :: 		DECF   R1, 1
0x3E74	0x0601      	DECF        R1, 1, 0
;__Lib_System_xxK40.c, 35 :: 		BNZ    _CC2DL_Loop1
0x3E76	0xE1F9      	BNZ         _CC2DL_Loop1
;__Lib_System_xxK40.c, 37 :: 		}
L_end___CC2DW:
0x3E78	0x0012      	RETURN      0
; end of ___CC2DW
0x3E7A	0xF020EC0E  	CALL        16412, 0
_main:
0x3E7E	0xF01FECFF  	CALL        16382, 0
;main.c, 23 :: 		int main(void)
;main.c, 27 :: 		preinit();
0x3E82	0xDFCE      	RCALL       _preinit
;main.c, 30 :: 		bool flag = false;
0x3E84	0x6A4A      	CLRF        main_flag_L0 
;main.c, 33 :: 		while (1)
L_main4:
;main.c, 35 :: 		flag = !flag;          // Toggle flag state
0x3E86	0x524A      	MOVF        main_flag_L0, 1 
0x3E88	0x0E01      	MOVLW       1
0x3E8A	0xA4D8      	BTFSS       STATUS, 2 
0x3E8C	0x0E00      	MOVLW       0
0x3E8E	0x6E00      	MOVWF       R0 
0x3E90	0xF04AC000  	MOVFF       R0, main_flag_L0
;main.c, 37 :: 		printFlag(flag);       // Display flag state in console
0x3E94	0xF04BC000  	MOVFF       R0, FARG_printFlag_flag
0x3E98	0xDFC8      	RCALL       _printFlag
;main.c, 39 :: 		delay(1000000);        // Delay to slow down toggling
0x3E9A	0x0E40      	MOVLW       64
0x3E9C	0x6E4B      	MOVWF       FARG_delay_count 
0x3E9E	0x0E42      	MOVLW       66
0x3EA0	0x6E4C      	MOVWF       FARG_delay_count+1 
0x3EA2	0xDFD5      	RCALL       _delay
;main.c, 40 :: 		}
0x3EA4	0xD7F0      	BRA         L_main4
;main.c, 42 :: 		return 0;
;main.c, 43 :: 		}
L_end_main:
0x3EA6	0xD7FF      	BRA         $+0
; end of _main
0x3FFE	0xF015EE10  	LFSR        1, 21
0x4002	0x0E35      	MOVLW       53
0x4004	0x6E00      	MOVWF       R0 
0x4006	0x0E01      	MOVLW       1
0x4008	0x6E01      	MOVWF       R1 
0x400A	0x0EA8      	MOVLW       168
0x400C	0x6EF6      	MOVWF       TBLPTR 
0x400E	0x0E3E      	MOVLW       62
0x4010	0x6EF7      	MOVWF       TBLPTRH 
0x4012	0x0E00      	MOVLW       0
0x4014	0x6EF8      	MOVWF       TBLPTRU 
0x4016	0xF01FEC34  	CALL        15976, 0
0x401A	0x0012      	RETURN      0
0x401C	0xF015EE10  	LFSR        1, 21
0x4020	0xF04AEE00  	LFSR        0, 74
0x4024	0xF01FEC07  	CALL        15886, 0
0x4028	0x0012      	RETURN      0
;cstdio.c,0 :: ?ICScstdio___debugBuffer
0x3EA8	0x0000 ;?ICScstdio___debugBuffer+0
0x3EAA	0x0000 ;?ICScstdio___debugBuffer+2
0x3EAC	0x0000 ;?ICScstdio___debugBuffer+4
0x3EAE	0x0000 ;?ICScstdio___debugBuffer+6
0x3EB0	0x0000 ;?ICScstdio___debugBuffer+8
0x3EB2	0x0000 ;?ICScstdio___debugBuffer+10
0x3EB4	0x0000 ;?ICScstdio___debugBuffer+12
0x3EB6	0x0000 ;?ICScstdio___debugBuffer+14
0x3EB8	0x0000 ;?ICScstdio___debugBuffer+16
0x3EBA	0x0000 ;?ICScstdio___debugBuffer+18
0x3EBC	0x0000 ;?ICScstdio___debugBuffer+20
0x3EBE	0x0000 ;?ICScstdio___debugBuffer+22
0x3EC0	0x0000 ;?ICScstdio___debugBuffer+24
0x3EC2	0x0000 ;?ICScstdio___debugBuffer+26
0x3EC4	0x0000 ;?ICScstdio___debugBuffer+28
0x3EC6	0x0000 ;?ICScstdio___debugBuffer+30
0x3EC8	0x0000 ;?ICScstdio___debugBuffer+32
0x3ECA	0x0000 ;?ICScstdio___debugBuffer+34
0x3ECC	0x0000 ;?ICScstdio___debugBuffer+36
0x3ECE	0x0000 ;?ICScstdio___debugBuffer+38
0x3ED0	0x0000 ;?ICScstdio___debugBuffer+40
0x3ED2	0x0000 ;?ICScstdio___debugBuffer+42
0x3ED4	0x0000 ;?ICScstdio___debugBuffer+44
0x3ED6	0x0000 ;?ICScstdio___debugBuffer+46
; end of ?ICScstdio___debugBuffer
;cstdio.c,0 :: ?ICScstdio_lastPos
0x3ED8	0x00 ;?ICScstdio_lastPos+0
; end of ?ICScstdio_lastPos
;preinit.c,0 :: ?ICSpreinit_preinit_done
0x3ED9	0x00 ;?ICSpreinit_preinit_done+0
; end of ?ICSpreinit_preinit_done
;cstdio.c,0 :: ?ICScstdio_counterID
0x3EDA	0x0000 ;?ICScstdio_counterID+0
; end of ?ICScstdio_counterID
;cstdio.c,0 :: ?ICScstdio_buffPos
0x3EDC	0x00 ;?ICScstdio_buffPos+0
; end of ?ICScstdio_buffPos
;cstdio.c,104 :: cstdio__powers_
0x3EDD	0x0000 ;cstdio__powers_+0
0x3EDF	0x7F00 ;cstdio__powers_+2
0x3EE1	0x0000 ;cstdio__powers_+4
0x3EE3	0x8220 ;cstdio__powers_+6
0x3EE5	0x0000 ;cstdio__powers_+8
0x3EE7	0x8548 ;cstdio__powers_+10
0x3EE9	0x0000 ;cstdio__powers_+12
0x3EEB	0x887A ;cstdio__powers_+14
0x3EED	0x4000 ;cstdio__powers_+16
0x3EEF	0x8C1C ;cstdio__powers_+18
0x3EF1	0x5000 ;cstdio__powers_+20
0x3EF3	0x8F43 ;cstdio__powers_+22
0x3EF5	0x2400 ;cstdio__powers_+24
0x3EF7	0x9274 ;cstdio__powers_+26
0x3EF9	0x9680 ;cstdio__powers_+28
0x3EFB	0x9618 ;cstdio__powers_+30
0x3EFD	0xBC20 ;cstdio__powers_+32
0x3EFF	0x993E ;cstdio__powers_+34
0x3F01	0x6B28 ;cstdio__powers_+36
0x3F03	0x9C6E ;cstdio__powers_+38
0x3F05	0x02F9 ;cstdio__powers_+40
0x3F07	0xA015 ;cstdio__powers_+42
0x3F09	0x78EC ;cstdio__powers_+44
0x3F0B	0xC12D ;cstdio__powers_+46
0x3F0D	0xF2CA ;cstdio__powers_+48
0x3F0F	0xE249 ;cstdio__powers_+50
; end of cstdio__powers_
;cstdio.c,120 :: cstdio__npowers_
0x3F11	0x0000 ;cstdio__npowers_+0
0x3F13	0x7F00 ;cstdio__npowers_+2
0x3F15	0xCCCD ;cstdio__npowers_+4
0x3F17	0x7B4C ;cstdio__npowers_+6
0x3F19	0xD70A ;cstdio__npowers_+8
0x3F1B	0x7823 ;cstdio__npowers_+10
0x3F1D	0x126F ;cstdio__npowers_+12
0x3F1F	0x7503 ;cstdio__npowers_+14
0x3F21	0xB717 ;cstdio__npowers_+16
0x3F23	0x7151 ;cstdio__npowers_+18
0x3F25	0xC5AC ;cstdio__npowers_+20
0x3F27	0x6E27 ;cstdio__npowers_+22
0x3F29	0x37BD ;cstdio__npowers_+24
0x3F2B	0x6B06 ;cstdio__npowers_+26
0x3F2D	0xBF95 ;cstdio__npowers_+28
0x3F2F	0x6756 ;cstdio__npowers_+30
0x3F31	0xCC77 ;cstdio__npowers_+32
0x3F33	0x642B ;cstdio__npowers_+34
0x3F35	0x705F ;cstdio__npowers_+36
0x3F37	0x6109 ;cstdio__npowers_+38
0x3F39	0xE6FF ;cstdio__npowers_+40
0x3F3B	0x5D5B ;cstdio__npowers_+42
0x3F3D	0xE508 ;cstdio__npowers_+44
0x3F3F	0x3C3C ;cstdio__npowers_+46
0x3F41	0x4260 ;cstdio__npowers_+48
0x3F43	0x1B22 ;cstdio__npowers_+50
; end of cstdio__npowers_
;cstdio.c,156 :: cstdio_octpowers
0x3F45	0x0001 ;cstdio_octpowers+0
0x3F47	0x0000 ;cstdio_octpowers+2
0x3F49	0x0008 ;cstdio_octpowers+4
0x3F4B	0x0000 ;cstdio_octpowers+6
0x3F4D	0x0040 ;cstdio_octpowers+8
0x3F4F	0x0000 ;cstdio_octpowers+10
0x3F51	0x0200 ;cstdio_octpowers+12
0x3F53	0x0000 ;cstdio_octpowers+14
0x3F55	0x1000 ;cstdio_octpowers+16
0x3F57	0x0000 ;cstdio_octpowers+18
0x3F59	0x8000 ;cstdio_octpowers+20
0x3F5B	0x0000 ;cstdio_octpowers+22
0x3F5D	0x0000 ;cstdio_octpowers+24
0x3F5F	0x0004 ;cstdio_octpowers+26
0x3F61	0x0000 ;cstdio_octpowers+28
0x3F63	0x0020 ;cstdio_octpowers+30
0x3F65	0x0000 ;cstdio_octpowers+32
0x3F67	0x0100 ;cstdio_octpowers+34
0x3F69	0x0000 ;cstdio_octpowers+36
0x3F6B	0x0800 ;cstdio_octpowers+38
0x3F6D	0x0000 ;cstdio_octpowers+40
0x3F6F	0x4000 ;cstdio_octpowers+42
0x3F71	0x0000 ;cstdio_octpowers+44
0x3F73	0x0000 ;cstdio_octpowers+46
; end of cstdio_octpowers
;cstdio.c,139 :: cstdio_dpowers
0x3F75	0x0001 ;cstdio_dpowers+0
0x3F77	0x0000 ;cstdio_dpowers+2
0x3F79	0x000A ;cstdio_dpowers+4
0x3F7B	0x0000 ;cstdio_dpowers+6
0x3F7D	0x0064 ;cstdio_dpowers+8
0x3F7F	0x0000 ;cstdio_dpowers+10
0x3F81	0x03E8 ;cstdio_dpowers+12
0x3F83	0x0000 ;cstdio_dpowers+14
0x3F85	0x2710 ;cstdio_dpowers+16
0x3F87	0x0000 ;cstdio_dpowers+18
0x3F89	0x86A0 ;cstdio_dpowers+20
0x3F8B	0x0001 ;cstdio_dpowers+22
0x3F8D	0x4240 ;cstdio_dpowers+24
0x3F8F	0x000F ;cstdio_dpowers+26
0x3F91	0x9680 ;cstdio_dpowers+28
0x3F93	0x0098 ;cstdio_dpowers+30
0x3F95	0xE100 ;cstdio_dpowers+32
0x3F97	0x05F5 ;cstdio_dpowers+34
0x3F99	0xCA00 ;cstdio_dpowers+36
0x3F9B	0x3B9A ;cstdio_dpowers+38
; end of cstdio_dpowers
;cstdio.c,148 :: cstdio_hexpowers
0x3F9D	0x0001 ;cstdio_hexpowers+0
0x3F9F	0x0000 ;cstdio_hexpowers+2
0x3FA1	0x0010 ;cstdio_hexpowers+4
0x3FA3	0x0000 ;cstdio_hexpowers+6
0x3FA5	0x0100 ;cstdio_hexpowers+8
0x3FA7	0x0000 ;cstdio_hexpowers+10
0x3FA9	0x1000 ;cstdio_hexpowers+12
0x3FAB	0x0000 ;cstdio_hexpowers+14
0x3FAD	0x0000 ;cstdio_hexpowers+16
0x3FAF	0x0001 ;cstdio_hexpowers+18
0x3FB1	0x0000 ;cstdio_hexpowers+20
0x3FB3	0x0010 ;cstdio_hexpowers+22
0x3FB5	0x0000 ;cstdio_hexpowers+24
0x3FB7	0x0100 ;cstdio_hexpowers+26
0x3FB9	0x0000 ;cstdio_hexpowers+28
0x3FBB	0x1000 ;cstdio_hexpowers+30
; end of cstdio_hexpowers
;cstdio.c,137 :: cstdio_hexs
0x3FBD	0x3130 ;cstdio_hexs+0
0x3FBF	0x3332 ;cstdio_hexs+2
0x3FC1	0x3534 ;cstdio_hexs+4
0x3FC3	0x3736 ;cstdio_hexs+6
0x3FC5	0x3938 ;cstdio_hexs+8
0x3FC7	0x6261 ;cstdio_hexs+10
0x3FC9	0x6463 ;cstdio_hexs+12
0x3FCB	0x6665 ;cstdio_hexs+14
0x3FCD	0x00 ;cstdio_hexs+16
; end of cstdio_hexs
;cstdio.c,136 :: cstdio_hexb
0x3FCE	0x3130 ;cstdio_hexb+0
0x3FD0	0x3332 ;cstdio_hexb+2
0x3FD2	0x3534 ;cstdio_hexb+4
0x3FD4	0x3736 ;cstdio_hexb+6
0x3FD6	0x3938 ;cstdio_hexb+8
0x3FD8	0x4241 ;cstdio_hexb+10
0x3FDA	0x4443 ;cstdio_hexb+12
0x3FDC	0x4645 ;cstdio_hexb+14
0x3FDE	0x00 ;cstdio_hexb+16
; end of cstdio_hexb
;main.c,0 :: ?lstr_2_main
0x3FDF	0x6C46 ;?lstr_2_main+0
0x3FE1	0x6761 ;?lstr_2_main+2
0x3FE3	0x6920 ;?lstr_2_main+4
0x3FE5	0x2073 ;?lstr_2_main+6
0x3FE7	0x464F ;?lstr_2_main+8
0x3FE9	0x0A46 ;?lstr_2_main+10
0x3FEB	0x00 ;?lstr_2_main+12
; end of ?lstr_2_main
;main.c,0 :: ?lstr_1_main
0x3FEC	0x6C46 ;?lstr_1_main+0
0x3FEE	0x6761 ;?lstr_1_main+2
0x3FF0	0x6920 ;?lstr_1_main+4
0x3FF2	0x2073 ;?lstr_1_main+6
0x3FF4	0x4E4F ;?lstr_1_main+8
0x3FF6	0x000A ;?lstr_1_main+10
; end of ?lstr_1_main
;cstdio.c,0 :: ?lstr_1_cstdio
0x3FF8	0x756E ;?lstr_1_cstdio+0
0x3FFA	0x6C6C ;?lstr_1_cstdio+2
0x3FFC	0x00 ;?lstr_1_cstdio+4
; end of ?lstr_1_cstdio
Symbol List:
//** Routines locations **
//ADDRESS    SIZE    PROCEDURE
//----------------------------------------------
0x001C      [24]    _SETFOV32
0x0034      [14]    _RES032
0x0042      [26]    _SETFUN32
0x005C       [8]    _FIXSIGN32
0x0064       [4]    cstdio_stdBuffFullBreak
0x0068     [482]    _NRM4032
0x024A      [64]    _debugStdOut
0x028A     [288]    _Mul_32x32_FP
0x03AA      [28]    _SETIOV3224
0x03C6     [158]    _Div_8X8_S
0x0464      [88]    _Div_16x16_S_L
0x04BC       [8]    _SETFDZ32
0x04C4    [1062]    _Add_32x32_FP
0x08EA      [30]    _Div_8X8_U
0x0908     [310]    _double2longword
0x0A3E     [748]    _Div_32x32_U
0x0D2A       [8]    _Sub_32x32_FP
0x0D32      [38]    _longword2double
0x0D58      [24]    cstdio___isdigit
0x0D70      [46]    _Equals_Double
0x0D9E      [80]    _Mul_16X16_U
0x0DEE      [24]    _____DoIFC
0x0E06     [206]    _Compare_Double
0x0ED4     [760]    cstdio_fround
0x11CC     [380]    _Div_32x32_FP
0x1348    [1468]    cstdio_scale
0x1904     [200]    _Div_16x16_S
0x19CC     [306]    _double2longint
0x1AFE    [8926]    _vfprintf_me
0x3DDC      [50]    _printf_me
0x3E0E      [18]    ___FillZeros
0x3E20      [10]    _preinit
0x3E2A      [36]    _printFlag
0x3E4E      [26]    _delay
0x3E68      [18]    ___CC2DW
0x3E7A      [46]    _main
//** Variables locations ** 
//ADDRESS    SIZE    VARIABLE
//----------------------------------------------
0x0000       [1]    R0
0x0001       [1]    R1
0x0002       [1]    R2
0x0003       [1]    R3
0x0004       [1]    R4
0x0005       [1]    R5
0x0006       [1]    R6
0x0007       [1]    R7
0x0008       [1]    R8
0x0009       [1]    R9
0x000A       [1]    R10
0x000B       [1]    R11
0x000C       [1]    R12
0x000D       [1]    R13
0x000E       [1]    R14
0x000F       [1]    R15
0x0010       [1]    R16
0x0011       [1]    R17
0x0012       [1]    R18
0x0013       [1]    R19
0x0014       [1]    R20
0x0015      [48]    cstdio___debugBuffer
0x0045       [1]    cstdio_lastPos
0x0046       [1]    preinit_preinit_done
0x0047       [2]    cstdio_counterID
0x0049       [1]    cstdio_buffPos
0x004A       [1]    main_flag_L0
0x004B       [1]    FARG_printFlag_flag
0x004B       [2]    FARG_delay_count
0x004D       [3]    FARG_printf_me_format
0x0050       [1]    FARG_printf_me_var_argh1
0x0051       [2]    printf_me_arg_L0
0x0053       [4]    FARG_vfprintf_me_stream
0x0057       [3]    FARG_vfprintf_me_format
0x005A       [2]    FARG_vfprintf_me_arg
0x005C       [1]    ??FLOC___vfprintf_meT378
0x005D       [1]    ??FLOC___vfprintf_meT400
0x005E       [1]    ??FLOC___vfprintf_meT540
0x005F       [1]    ??FLOC___vfprintf_meT562
0x0060       [1]    ??FLOC___vfprintf_meT710
0x0061       [1]    ??FLOC___vfprintf_meT724
0x0062       [1]    ??FLOC___vfprintf_meT741
0x0063       [1]    ??FLOC___vfprintf_meT760
0x0064       [2]    vfprintf_me_prec_L0
0x0066       [1]    vfprintf_me_c_L0
0x0067       [2]    vfprintf_me_width_L0
0x0069       [2]    vfprintf_me_flag_L0
0x006B       [4]    vfprintf_me_fval_L0
0x006F       [2]    vfprintf_me_exp_L0
0x0071       [5]    vfprintf_me__val_L0
0x0076       [2]    vfprintf_me_ccnt_L0
0x0078       [6]    FLOC__vfprintf_me
0x007E       [1]    FARG_cstdio_fround_prec
0x007E       [1]    FARG_cstdio___isdigit_character
0x007E       [1]    FARG_cstdio_scale_scl
0x007F       [4]    FLOC_cstdio_fround
0x007F       [4]    FLOC_cstdio_scale
0x0083       [1]    FARG_debugStdOut_ch
0x0F77       [1]    NVMCON1
0x0FD8       [1]    STATUS
0x0FD9       [1]    FSR2L
0x0FDA       [1]    FSR2H
0x0FDE       [1]    POSTINC2
0x0FE0       [1]    BSR
0x0FE1       [2]    FSR1
0x0FE1       [1]    FSR1L
0x0FE2       [1]    FSR1H
0x0FE4       [1]    PREINC1
0x0FE6       [1]    POSTINC1
0x0FE7       [1]    INDF1
0x0FE8       [1]    WREG
0x0FE9       [1]    FSR0L
0x0FE9       [2]    FSR0
0x0FEA       [1]    FSR0H
0x0FEE       [1]    POSTINC0
0x0FF2       [1]    INTCON
0x0FF3       [1]    PRODL
0x0FF4       [1]    PRODH
0x0FF5       [1]    TABLAT
0x0FF6       [1]    TBLPTRL
0x0FF6       [3]    TBLPTR
0x0FF7       [1]    TBLPTRH
0x0FF8       [1]    TBLPTRU
0x0FFD       [1]    TOSL
0x0FFE       [1]    TOSH
0x0FFF       [1]    TOSU
//** Constants locations ** 
//ADDRESS    SIZE    CONSTANT
//----------------------------------------------
0x3EA8      [48]    ?ICScstdio___debugBuffer
0x3ED8       [1]    ?ICScstdio_lastPos
0x3ED9       [1]    ?ICSpreinit_preinit_done
0x3EDA       [2]    ?ICScstdio_counterID
0x3EDC       [1]    ?ICScstdio_buffPos
0x3EDD      [52]    cstdio__powers_
0x3F11      [52]    cstdio__npowers_
0x3F45      [48]    cstdio_octpowers
0x3F75      [40]    cstdio_dpowers
0x3F9D      [32]    cstdio_hexpowers
0x3FBD      [17]    cstdio_hexs
0x3FCE      [17]    cstdio_hexb
0x3FDF      [13]    ?lstr_2_main
0x3FEC      [12]    ?lstr_1_main
0x3FF8       [5]    ?lstr_1_cstdio
